event_date,close_price_usd,market_cap_usd,volume_usd
2013-04-28 00:00:00 UTC,141.96,1500517590,0
2013-04-29 00:00:00 UTC,135.3,1575032004,0
2013-04-30 00:00:00 UTC,117,1501657493,0
2013-05-01 00:00:00 UTC,103.43,1298951550,0
2013-05-02 00:00:00 UTC,91.01,1148667722,0
2013-05-03 00:00:00 UTC,111.25,1011066494,0
2013-05-04 00:00:00 UTC,116.79,1236351844,0
2013-05-05 00:00:00 UTC,118.33,1298377788,0
2013-05-06 00:00:00 UTC,106.4,1315992304,0
2013-05-07 00:00:00 UTC,112.64,1183766500,0
2013-05-08 00:00:00 UTC,113,1253655040,0
2013-05-09 00:00:00 UTC,118.78,1258130700,0
2013-05-10 00:00:00 UTC,113.01,1322989457,0
2013-05-11 00:00:00 UTC,114.713,1259239352,0
2013-05-12 00:00:00 UTC,117.18,1278708679,0
2013-05-13 00:00:00 UTC,114.5,1306721052,0
2013-05-14 00:00:00 UTC,114.156,1277278988,0
2013-05-15 00:00:00 UTC,115.5,1273849681,0
2013-05-16 00:00:00 UTC,123.1,1289277412,0
2013-05-17 00:00:00 UTC,123.88,1374605382,0
2013-05-18 00:00:00 UTC,120.501,1383755085,0
2013-05-19 00:00:00 UTC,122.58,1346499262,0
2013-05-20 00:00:00 UTC,122.9,1370131821,0
2013-05-21 00:00:00 UTC,123,1374154118,0
2013-05-22 00:00:00 UTC,125.748,1375791900,0
2013-05-23 00:00:00 UTC,131.7,1407041528,0
2013-05-24 00:00:00 UTC,130.77,1474180657,0
2013-05-25 00:00:00 UTC,134.6,1464316690,0
2013-05-26 00:00:00 UTC,128.985,1507769010,0
2013-05-27 00:00:00 UTC,129.179,1445444606,0
2013-05-28 00:00:00 UTC,132.13,1448115967,0
2013-05-29 00:00:00 UTC,127.401,1481781795,0
2013-05-30 00:00:00 UTC,127.98,1429308634,0
2013-05-31 00:00:00 UTC,129.09,1436386730,0
2013-06-01 00:00:00 UTC,121.3,1449499974,0
2013-06-02 00:00:00 UTC,121.16,1362684200,0
2013-06-03 00:00:00 UTC,121.42,1361765704,0
2013-06-04 00:00:00 UTC,121.309,1365337524.41,0
2013-06-05 00:00:00 UTC,121.714,1364113640,0
2013-06-06 00:00:00 UTC,119,1369233814,0
2013-06-07 00:00:00 UTC,110.09,1339234925,0
2013-06-08 00:00:00 UTC,108.401,1239395972,0
2013-06-09 00:00:00 UTC,99.7497,1220874393,0
2013-06-10 00:00:00 UTC,105.99,1123844958,0
2013-06-11 00:00:00 UTC,108.9,1194605341,0
2013-06-12 00:00:00 UTC,108.4,1227904672,0
2013-06-13 00:00:00 UTC,102.769,1222819750,0
2013-06-14 00:00:00 UTC,98.399,1159766150,0
2013-06-15 00:00:00 UTC,99.99,1110902570,0
2013-06-16 00:00:00 UTC,100.42,1129287060,0
2013-06-17 00:00:00 UTC,102,1134610433,0
2013-06-18 00:00:00 UTC,106.55,1152834600,0
2013-06-19 00:00:00 UTC,107.9,1204638318,0
2013-06-20 00:00:00 UTC,110.91,1220273470,0
2013-06-21 00:00:00 UTC,109.015,1254733148,0
2013-06-22 00:00:00 UTC,107.25,1233750009,0
2013-06-23 00:00:00 UTC,108,1214260369,0
2013-06-24 00:00:00 UTC,102.443,1223181000,0
2013-06-25 00:00:00 UTC,103.691,1160635652,0
2013-06-26 00:00:00 UTC,103.39,1175194910,0
2013-06-27 00:00:00 UTC,99.66,1172207388,0
2013-06-28 00:00:00 UTC,93.3311,1130338737,0
2013-06-29 00:00:00 UTC,95.3886,1058953327,0
2013-06-30 00:00:00 UTC,97.504,1082693996,0
2013-07-01 00:00:00 UTC,89.489,1107084792,0
2013-07-02 00:00:00 UTC,90.797,1016445146,0
2013-07-03 00:00:00 UTC,78.8,1031653673,0
2013-07-04 00:00:00 UTC,78.48,895707780,0
2013-07-05 00:00:00 UTC,67.809,892405890,0
2013-07-06 00:00:00 UTC,68.0831,771368060,0
2013-07-07 00:00:00 UTC,77.502,774804401,0
2013-07-08 00:00:00 UTC,76.3915,882356395,0
2013-07-09 00:00:00 UTC,77,870081997,0
2013-07-10 00:00:00 UTC,85.75,877378425,0
2013-07-11 00:00:00 UTC,93.804,977479256,0
2013-07-12 00:00:00 UTC,88.0622,1069724400,0
2013-07-13 00:00:00 UTC,95.58,1004551934,0
2013-07-14 00:00:00 UTC,94,1090715949,0
2013-07-15 00:00:00 UTC,97.301,1073073450,0
2013-07-16 00:00:00 UTC,98.9796,1111179853,0
2013-07-17 00:00:00 UTC,97.8,1130735527,0
2013-07-18 00:00:00 UTC,88.7869,1117707300,0
2013-07-19 00:00:00 UTC,91.572,1015062893,0
2013-07-20 00:00:00 UTC,89.28,1047311253,0
2013-07-21 00:00:00 UTC,90.3672,1021492656,0
2013-07-22 00:00:00 UTC,91.7024,1034399451,0
2013-07-23 00:00:00 UTC,94.5806,1050054379,0
2013-07-24 00:00:00 UTC,94.525,1083333286,0
2013-07-25 00:00:00 UTC,96.9499,1083076902,0
2013-07-26 00:00:00 UTC,94.13,1111232483,0
2013-07-27 00:00:00 UTC,94.005,1079278107,0
2013-07-28 00:00:00 UTC,98.5759,1078286703,0
2013-07-29 00:00:00 UTC,101.5,1131111629,0
2013-07-30 00:00:00 UTC,110.34,1165105812,0
2013-07-31 00:00:00 UTC,106.23,1267183179,0
2013-08-01 00:00:00 UTC,101.61,1220481782,0
2013-08-02 00:00:00 UTC,103.7,1167849454,0
2013-08-03 00:00:00 UTC,104.86,1192378895,0
2013-08-04 00:00:00 UTC,106.56,1206152150,0
2013-08-05 00:00:00 UTC,105.841,1226188584,0
2013-08-06 00:00:00 UTC,106.75,1218425716,0
2013-08-07 00:00:00 UTC,101.672,1229098150,0
2013-08-08 00:00:00 UTC,103.4,1171586790,0
2013-08-09 00:00:00 UTC,102.71,1192028805,0
2013-08-10 00:00:00 UTC,103.77,1184605785,0
2013-08-11 00:00:00 UTC,105.18,1197378682,0
2013-08-12 00:00:00 UTC,106.068,1214268916,0
2013-08-13 00:00:00 UTC,111.621,1225008501,0
2013-08-14 00:00:00 UTC,111.87,1289602061,0
2013-08-15 00:00:00 UTC,109.867,1292943118,0
2013-08-16 00:00:00 UTC,112.74,1270257534,0
2013-08-17 00:00:00 UTC,114.4,1304015666,0
2013-08-18 00:00:00 UTC,118.782,1323762440,0
2013-08-19 00:00:00 UTC,120.5,1375023402,0
2013-08-20 00:00:00 UTC,121.51,1395441212,0
2013-08-21 00:00:00 UTC,122.499,1407757143,0
2013-08-22 00:00:00 UTC,120,1419858347,0
2013-08-23 00:00:00 UTC,120.44,1391517000,0
2013-08-24 00:00:00 UTC,122,1397179275,0
2013-08-25 00:00:00 UTC,122.04,1415749000,0
2013-08-26 00:00:00 UTC,125.67,1416676932,0
2013-08-27 00:00:00 UTC,123.02,1459371151,0
2013-08-28 00:00:00 UTC,123.44,1429111038,0
2013-08-29 00:00:00 UTC,129.2,1434594992,0
2013-08-30 00:00:00 UTC,137.76,1502172870,0
2013-08-31 00:00:00 UTC,138.17,1602407100,0
2013-09-01 00:00:00 UTC,137.17,1607960283,0
2013-09-02 00:00:00 UTC,137.51,1597132036,0
2013-09-03 00:00:00 UTC,135.21,1601702729,0
2013-09-04 00:00:00 UTC,129.96,1575534525,0
2013-09-05 00:00:00 UTC,126.13,1514888487,0
2013-09-06 00:00:00 UTC,123.73,1470861842,0
2013-09-07 00:00:00 UTC,121.77,1443353756,0
2013-09-08 00:00:00 UTC,126.4,1420952396,0
2013-09-09 00:00:00 UTC,127.78,1475596760,0
2013-09-10 00:00:00 UTC,131.65,1492304286,0
2013-09-11 00:00:00 UTC,134.22,1538132775,0
2013-09-12 00:00:00 UTC,135.05,1568874092,0
2013-09-13 00:00:00 UTC,131.39,1579271324,0
2013-09-14 00:00:00 UTC,129.95,1537187451,0
2013-09-15 00:00:00 UTC,131.48,1520967287,0
2013-09-16 00:00:00 UTC,131.31,1539430293,0
2013-09-17 00:00:00 UTC,132.06,1538014334,0
2013-09-18 00:00:00 UTC,130.23,1547280990,0
2013-09-19 00:00:00 UTC,128.57,1526484433,0
2013-09-20 00:00:00 UTC,126.78,1507618248,0
2013-09-21 00:00:00 UTC,128.37,1487211807,0
2013-09-22 00:00:00 UTC,126.73,1506534274,0
2013-09-23 00:00:00 UTC,126.09,1487984454,0
2013-09-24 00:00:00 UTC,127.99,1481135098,0
2013-09-25 00:00:00 UTC,128.02,1504122481,0
2013-09-26 00:00:00 UTC,131.84,1505025524,0
2013-09-27 00:00:00 UTC,133.93,1550524096,0
2013-09-28 00:00:00 UTC,140.28,1575663012,0
2013-09-29 00:00:00 UTC,131.65,1650965841,0
2013-09-30 00:00:00 UTC,132.55,1549941780,0
2013-10-01 00:00:00 UTC,132.04,1561200410,0
2013-10-02 00:00:00 UTC,123.07,1555751397,0
2013-10-03 00:00:00 UTC,128.26,1450746083,0
2013-10-04 00:00:00 UTC,129.57,1512486811,0
2013-10-05 00:00:00 UTC,127.56,1528611793,0
2013-10-06 00:00:00 UTC,128.38,1505549223,0
2013-10-07 00:00:00 UTC,125.72,1515724889,0
2013-10-08 00:00:00 UTC,130.9,1484816060,0
2013-10-09 00:00:00 UTC,129.68,1546580228,0
2013-10-10 00:00:00 UTC,130.27,1532820842,0
2013-10-11 00:00:00 UTC,135.35,1540367845,0
2013-10-12 00:00:00 UTC,135.48,1601082220,0
2013-10-13 00:00:00 UTC,140.48,1603402413,0
2013-10-14 00:00:00 UTC,143.89,1663458800,0
2013-10-15 00:00:00 UTC,143.61,1704751164,0
2013-10-16 00:00:00 UTC,146.15,1702245233,0
2013-10-17 00:00:00 UTC,151.34,1732995548,0
2013-10-18 00:00:00 UTC,170.51,1795176162,0
2013-10-19 00:00:00 UTC,172.01,2023531688,0
2013-10-20 00:00:00 UTC,181.41,2042261829,0
2013-10-21 00:00:00 UTC,193.45,2154778910,0
2013-10-22 00:00:00 UTC,206.78,2298993654,0
2013-10-23 00:00:00 UTC,198.8,2458505640,0
2013-10-24 00:00:00 UTC,172.48,2364666360,0
2013-10-25 00:00:00 UTC,178.96,2052637048,0
2013-10-26 00:00:00 UTC,189.83,2130644072,0
2013-10-27 00:00:00 UTC,198.55,2260913266,0
2013-10-28 00:00:00 UTC,204.39,2365643830,0
2013-10-29 00:00:00 UTC,204.2,2436022215,0
2013-10-30 00:00:00 UTC,203.88,2434768490,0
2013-10-31 00:00:00 UTC,205.26,2432069229,0
2013-11-01 00:00:00 UTC,206.89,2449516394,0
2013-11-02 00:00:00 UTC,212.45,2470106260,0
2013-11-03 00:00:00 UTC,226.28,2537555912,0
2013-11-04 00:00:00 UTC,230.63,2703825377,0
2013-11-05 00:00:00 UTC,260.85,2756789579,0
2013-11-06 00:00:00 UTC,295.63,3119094311,0
2013-11-07 00:00:00 UTC,332.02,3536067384,0
2013-11-08 00:00:00 UTC,358,3972444990,0
2013-11-09 00:00:00 UTC,313,4284552950,0
2013-11-10 00:00:00 UTC,340.55,3747322075,0
2013-11-11 00:00:00 UTC,355.48,4078792891,0
2013-11-12 00:00:00 UTC,404.17,4259334699,0
2013-11-13 00:00:00 UTC,408.84,4844512975,0
2013-11-14 00:00:00 UTC,424.16,4902328893,0
2013-11-15 00:00:00 UTC,437.41,5087746180,0
2013-11-16 00:00:00 UTC,488.36,5248843453,0
2013-11-17 00:00:00 UTC,580.87,5862542038,0
2013-11-18 00:00:00 UTC,614.4,6975450004,0
2013-11-19 00:00:00 UTC,565.34,7380464640,0
2013-11-20 00:00:00 UTC,675.06,6793450510,0
2013-11-21 00:00:00 UTC,731.15,8114440594,0
2013-11-22 00:00:00 UTC,819.31,8790506777,0
2013-11-23 00:00:00 UTC,764.43,9853534129,0
2013-11-24 00:00:00 UTC,793.07,9196532447,0
2013-11-25 00:00:00 UTC,832.93,9544775891,0
2013-11-26 00:00:00 UTC,914.13,10028164851,0
2013-11-27 00:00:00 UTC,979.08,11009416068,0
2013-11-28 00:00:00 UTC,1101.83,11795833455,0
2013-11-29 00:00:00 UTC,1127.45,13280659993,0
2013-11-30 00:00:00 UTC,1033.39,13593664650,0
2013-12-01 00:00:00 UTC,974.03,12464724345,0
2013-12-02 00:00:00 UTC,1078.64,11753157346,0
2013-12-03 00:00:00 UTC,1121.48,13020236474,0
2013-12-04 00:00:00 UTC,989.04,13542487814,0
2013-12-05 00:00:00 UTC,1019.66,11947405392,0
2013-12-06 00:00:00 UTC,811.98,12322234219,0
2013-12-07 00:00:00 UTC,743.11,9816777302,0
2013-12-08 00:00:00 UTC,897.89,8987358118,0
2013-12-09 00:00:00 UTC,927.78,10863885372,0
2013-12-10 00:00:00 UTC,887.08,11230173843,0
2013-12-11 00:00:00 UTC,878.17,10741252534,0
2013-12-12 00:00:00 UTC,897.27,10636987805,0
2013-12-13 00:00:00 UTC,866.99,10872198158,0
2013-12-14 00:00:00 UTC,854.62,10509219285,0
2013-12-15 00:00:00 UTC,789.15,10363485334,0
2013-12-16 00:00:00 UTC,691.65,9573257565,0
2013-12-17 00:00:00 UTC,559.36,8393847109,0
2013-12-18 00:00:00 UTC,677.84,6791343584,0
2013-12-19 00:00:00 UTC,694.25,8233502182,0
2013-12-20 00:00:00 UTC,596.12,8436421862,0
2013-12-21 00:00:00 UTC,650.27,7246404914,0
2013-12-22 00:00:00 UTC,645.75,7907201916,0
2013-12-23 00:00:00 UTC,659.94,7854951431,0
2013-12-24 00:00:00 UTC,668.74,8030446893,0
2013-12-25 00:00:00 UTC,734.59,8140337961,0
2013-12-26 00:00:00 UTC,734.27,8944973877,0
2013-12-27 00:00:00 UTC,738.81,8944473292,62881800
2013-12-28 00:00:00 UTC,726.47,9002769255,28121600
2013-12-29 00:00:00 UTC,760.52,8855251580,27018300
2013-12-30 00:00:00 UTC,755.16,9270681761,24717100
2013-12-31 00:00:00 UTC,767.74,9205343763,21903500
2014-01-01 00:00:00 UTC,772.53,9358693020,23448600
2014-01-02 00:00:00 UTC,825.47,9417082760,16837800
2014-01-03 00:00:00 UTC,849.14,10062417390,54171500
2014-01-04 00:00:00 UTC,919.41,10350952914,36344700
2014-01-05 00:00:00 UTC,936.38,11207538944,62414600
2014-01-06 00:00:00 UTC,826.5,11414401972,88584600
2014-01-07 00:00:00 UTC,838.32,10107681750,80268100
2014-01-08 00:00:00 UTC,853.29,10256342208,78060300
2014-01-09 00:00:00 UTC,863.3,10443906952,58813600
2014-01-10 00:00:00 UTC,905.72,10570439442,29763600
2014-01-11 00:00:00 UTC,867.45,11094594497,48299500
2014-01-12 00:00:00 UTC,840.96,10630187711,40171100
2014-01-13 00:00:00 UTC,838.05,10309307616,42950500
2014-01-14 00:00:00 UTC,860.44,10276902394,23469400
2014-01-15 00:00:00 UTC,837.98,10555404678,28600400
2014-01-16 00:00:00 UTC,812.9,10283900055,18719700
2014-01-17 00:00:00 UTC,840,9979241690,39266000
2014-01-18 00:00:00 UTC,838.17,10315662000,18052700
2014-01-19 00:00:00 UTC,869.15,10293335273,17574100
2014-01-20 00:00:00 UTC,869.57,10677333920,25421600
2014-01-21 00:00:00 UTC,865.03,10686776168,26779700
2014-01-22 00:00:00 UTC,846.97,10635024832,17879900
2014-01-23 00:00:00 UTC,808.32,10417265166,18412100
2014-01-24 00:00:00 UTC,804.39,9945387408,20176000
2014-01-25 00:00:00 UTC,853.51,9900713656,31742800
2014-01-26 00:00:00 UTC,891.86,10508799200,22676800
2014-01-27 00:00:00 UTC,777,10984370725,32539200
2014-01-28 00:00:00 UTC,816.85,9573533550,61878700
2014-01-29 00:00:00 UTC,817.17,10067676250,33409200
2014-01-30 00:00:00 UTC,817.93,10074827642,16261700
2014-01-31 00:00:00 UTC,832.52,10087796517,31107400
2014-02-01 00:00:00 UTC,836.41,10271715012,14722200
2014-02-02 00:00:00 UTC,813.38,10323662258,19347600
2014-02-03 00:00:00 UTC,832.36,10043290888,12759200
2014-02-04 00:00:00 UTC,830.92,10281144248,14823400
2014-02-05 00:00:00 UTC,805.08,10267242207,15706200
2014-02-06 00:00:00 UTC,721.32,9951171213,47441900
2014-02-07 00:00:00 UTC,701.61,8918941470,65733100
2014-02-08 00:00:00 UTC,672.07,8678266711,86940400
2014-02-09 00:00:00 UTC,689.65,8315656524,34864400
2014-02-10 00:00:00 UTC,697.76,8535556672,38527400
2014-02-11 00:00:00 UTC,655.26,8638931672,121884000
2014-02-12 00:00:00 UTC,651.91,8115968452,65970400
2014-02-13 00:00:00 UTC,623.57,8077474557,19109100
2014-02-14 00:00:00 UTC,644.1,7729134561,90917600
2014-02-15 00:00:00 UTC,613.85,7986582360,57350800
2014-02-16 00:00:00 UTC,645.14,7614456286,24104900
2014-02-17 00:00:00 UTC,625.01,8005429360,48516100
2014-02-18 00:00:00 UTC,620.99,7758139753,22066400
2014-02-19 00:00:00 UTC,593.89,7711283048,13276100
2014-02-20 00:00:00 UTC,582.75,7377405511,35743400
2014-02-21 00:00:00 UTC,571.06,7241455462,56059000
2014-02-22 00:00:00 UTC,622.97,7098404288,21675800
2014-02-23 00:00:00 UTC,572.39,7746491782,44590700
2014-02-24 00:00:00 UTC,489.31,7120130927,47229500
2014-02-25 00:00:00 UTC,567.25,6088839080,111102000
2014-02-26 00:00:00 UTC,586.28,7061198906,75039300
2014-02-27 00:00:00 UTC,567.2,7300959497,38219000
2014-02-28 00:00:00 UTC,560.11,7065922360,24649000
2014-03-01 00:00:00 UTC,561.35,6979712746,22903800
2014-03-02 00:00:00 UTC,585.79,6997269851,11143900
2014-03-03 00:00:00 UTC,675,7304054418,33049800
2014-03-04 00:00:00 UTC,658.24,8418886875,86124600
2014-03-05 00:00:00 UTC,654.55,8212712376,26946700
2014-03-06 00:00:00 UTC,617.62,8169324004,16659800
2014-03-07 00:00:00 UTC,610.37,7711032022,29823000
2014-03-08 00:00:00 UTC,636.17,7623170337,21353000
2014-03-09 00:00:00 UTC,621.17,7947989895,15489000
2014-03-10 00:00:00 UTC,624.23,7763134192,16425700
2014-03-11 00:00:00 UTC,638.07,7803983008,12542300
2014-03-12 00:00:00 UTC,639.03,7979719372,20806300
2014-03-13 00:00:00 UTC,629.67,7994472985,12866600
2014-03-14 00:00:00 UTC,638.07,7879611671,11939800
2014-03-15 00:00:00 UTC,629.55,7987471922,5963930
2014-03-16 00:00:00 UTC,623.705,7883319532,4834240
2014-03-17 00:00:00 UTC,612.622,7812934238,13371500
2014-03-18 00:00:00 UTC,610.636,7676276184,23217800
2014-03-19 00:00:00 UTC,592.07,7653772688,15227500
2014-03-20 00:00:00 UTC,582.303,7423640092,20048500
2014-03-21 00:00:00 UTC,561.22,7303695511,38053400
2014-03-22 00:00:00 UTC,567.779,7041711523,17983700
2014-03-23 00:00:00 UTC,571.418,7127031703,10283000
2014-03-24 00:00:00 UTC,582.55,7175538679,17185800
2014-03-25 00:00:00 UTC,584.442,7317439677,18634700
2014-03-26 00:00:00 UTC,567.64,7343002343,17583200
2014-03-27 00:00:00 UTC,503.661,7133333206,22316700
2014-03-28 00:00:00 UTC,502.302,6331497248,79571600
2014-03-29 00:00:00 UTC,469.938,6317113200,26810900
2014-03-30 00:00:00 UTC,457.399,5912148997,17867800
2014-03-31 00:00:00 UTC,478.7163,5756309240,56838500
2014-04-01 00:00:00 UTC,437.515,6023351178,35685800
2014-04-02 00:00:00 UTC,447.0822,5506313797,49647600
2014-04-03 00:00:00 UTC,448.8792,5604036051,40765500
2014-04-04 00:00:00 UTC,464.8259,5641613449,22925500
2014-04-05 00:00:00 UTC,460.7028,5824866676,13404500
2014-04-06 00:00:00 UTC,457.792,5808861023,10241400
2014-04-07 00:00:00 UTC,450.4638,5775641210,9802770
2014-04-08 00:00:00 UTC,440.1983,5718579640,10921600
2014-04-09 00:00:00 UTC,360.8407,5589580215,13204400
2014-04-10 00:00:00 UTC,420.0563,4611917257,55868300
2014-04-11 00:00:00 UTC,420.66,5318033925,62562800
2014-04-12 00:00:00 UTC,414.9495,5321874506,19226500
2014-04-13 00:00:00 UTC,457.6338,5234667259,22493500
2014-04-14 00:00:00 UTC,520.1233,5802302128,50730200
2014-04-15 00:00:00 UTC,529.1625,6522974948,49561000
2014-04-16 00:00:00 UTC,494.4,6674473792,56480100
2014-04-17 00:00:00 UTC,478.2312,6278792387,34025500
2014-04-18 00:00:00 UTC,501.5515,6074116360,19042400
2014-04-19 00:00:00 UTC,497.3177,6353700029,19588200
2014-04-20 00:00:00 UTC,492.6733,6312896984,12103100
2014-04-21 00:00:00 UTC,484.8533,6284666435,15171400
2014-04-22 00:00:00 UTC,487.525,6187034895,9770190.335015288
2014-04-23 00:00:00 UTC,494.2733,6231920621,8412033.043193607
2014-04-24 00:00:00 UTC,458.8067,6350012525,9512215.003743049
2014-04-25 00:00:00 UTC,453.8,5857079867,44062361.80745845
2014-04-26 00:00:00 UTC,437.9216,5822776642,11997979.867558926
2014-04-27 00:00:00 UTC,436.92,5542720307,9760121.834963577
2014-04-28 00:00:00 UTC,443.27,5593864954,20781687.97683261
2014-04-29 00:00:00 UTC,444.9968,5683724524,15011935.551518671
2014-04-30 00:00:00 UTC,455.0913,5690810165,13054745.683608102
2014-05-01 00:00:00 UTC,443.4734,5821425472,11953625.134976294
2014-05-02 00:00:00 UTC,434.0333,5716625927,8165770.147874059
2014-05-03 00:00:00 UTC,433.9432,5570422954,9446958.635517636
2014-05-04 00:00:00 UTC,429.0761,5554777406,5229830.630972039
2014-05-05 00:00:00 UTC,426.7634,5518951942,8567756.392353557
2014-05-06 00:00:00 UTC,439.3,5463474513,10822749.124633348
2014-05-07 00:00:00 UTC,437.3633,5590798951,16360711.036365218
2014-05-08 00:00:00 UTC,447.4933,5609810850,8491458.546028852
2014-05-09 00:00:00 UTC,452.505,5730133343,8820053.293163313
2014-05-10 00:00:00 UTC,436.2833,5795543101,5529665.186791251
2014-05-11 00:00:00 UTC,439.19,5598956479,11522907.034093864
2014-05-12 00:00:00 UTC,437.305,5633629021,5903393.674349334
2014-05-13 00:00:00 UTC,444.2467,5625308533,5619474.108984868
2014-05-14 00:00:00 UTC,444.25,5669111766,6764834.29138491
2014-05-15 00:00:00 UTC,445.165,5712906334,6219944.38500291
2014-05-16 00:00:00 UTC,445.8533,5725217915,5292980.730698652
2014-05-17 00:00:00 UTC,444.2133,5737967927,2642092.213005786
2014-05-18 00:00:00 UTC,443.87,5706165793,7828552.781743507
2014-05-19 00:00:00 UTC,483.4167,5706978471,11697296.01962846
2014-05-20 00:00:00 UTC,488.7717,6214911439,59415447.482920215
2014-05-21 00:00:00 UTC,522.6083,6294422409,20125942.252461053
2014-05-22 00:00:00 UTC,524.475,6716604600,28758404.007310245
2014-05-23 00:00:00 UTC,523.1083,6662964359,30253343.70043255
2014-05-24 00:00:00 UTC,569.3767,6727963028,10236386.684289351
2014-05-25 00:00:00 UTC,579.6217,7325371780,43762384.55551313
2014-05-26 00:00:00 UTC,569.475,7479335238,26174591.715237822
2014-05-27 00:00:00 UTC,571.5533,7325147499,33059214.23635299
2014-05-28 00:00:00 UTC,565.26,7402205099,15739188.285988351
2014-05-29 00:00:00 UTC,621.1467,7290260762,14362990.94411866
2014-05-30 00:00:00 UTC,620.5,7897757908,42271699.63749006
2014-05-31 00:00:00 UTC,640.1617,8007248676,18656368.10083591
2014-06-01 00:00:00 UTC,656.41,8094125581,53565199.679242626
2014-06-02 00:00:00 UTC,667.3683,8487587033,41153743.55147136
2014-06-03 00:00:00 UTC,641.1833,8580309812,37419432.11298669
2014-06-04 00:00:00 UTC,658.1,8249183077,43722721.85640881
2014-06-05 00:00:00 UTC,648.63,8478552324,24809749.5691626
2014-06-06 00:00:00 UTC,651.7083,8409353268,14032413.3666774
2014-06-07 00:00:00 UTC,649.8983,8428206589,12954147.496912882
2014-06-08 00:00:00 UTC,643.905,8445489607,6819173.803153491
2014-06-09 00:00:00 UTC,649.0567,8290260777.375,15165258.001682784
2014-06-10 00:00:00 UTC,630.0367,8359493314.815,13698528.103743391
2014-06-11 00:00:00 UTC,567.175,8116778557.0175,20706208.81438605
2014-06-12 00:00:00 UTC,594.6833,7309311839.375,41032286.05220322
2014-06-13 00:00:00 UTC,570.0033,7666330027.785,37950646.151919045
2014-06-14 00:00:00 UTC,583.41,7350662806.2225,33752601.59059282
2014-06-15 00:00:00 UTC,592.52,7526353631.25,19377536.876052536
2014-06-16 00:00:00 UTC,607.1583,7646618730,25803391.330629352
2014-06-17 00:00:00 UTC,604.19,7838352937.170001,14064824.78230287
2014-06-18 00:00:00 UTC,593.3883000000002,7802403926.750001,14955835.77044088
2014-06-19 00:00:00 UTC,590.055,7665345555.277503,11266428.30113169
2014-06-20 00:00:00 UTC,591.2567,7625133251.249999,14899960.97248743
2014-06-21 00:00:00 UTC,595.0367,7643411863.58,8304999.789508111
2014-06-22 00:00:00 UTC,586.1482999999998,7694627830.545,9952321.0430746
2014-06-23 00:00:00 UTC,582.4149999999998,7582634214.4124975,11249420.61918756
2014-06-24 00:00:00 UTC,561.4716999999999,7537047075.374997,11613405.81708644
2014-06-25 00:00:00 UTC,579.5867,7268686297.067499,18237241.345597345
2014-06-26 00:00:00 UTC,598.2367,7505647765,12733876.653646294
2014-06-27 00:00:00 UTC,594.8717000000001,7750006889.325,19906418.825948466
2014-06-28 00:00:00 UTC,598.4883,7709210052.5650015,13624207.397432778
2014-06-29 00:00:00 UTC,637.7549999999999,7758488114.8425,8878656.403461741
2014-06-30 00:00:00 UTC,643.9350000000001,8269625590.124999,47015974.05882847
2014-07-01 00:00:00 UTC,648.1075000000002,8351853048.375001,38496541.685756736
2014-07-02 00:00:00 UTC,640.2838000000003,8408206448.562503,25992122.167154185
2014-07-03 00:00:00 UTC,627.1288,8308930858.410004,18539083.74715486
2014-07-04 00:00:00 UTC,627.5812999999999,8140821665.68,22418156.550761543
2014-07-05 00:00:00 UTC,631.0025,8149049043.304998,9292051.769341238
2014-07-06 00:00:00 UTC,619.4950000000002,8195697095.937501,11187211.1338146
2014-07-07 00:00:00 UTC,620.0474999999996,8048556476.875003,18525910.64620546
2014-07-08 00:00:00 UTC,620.16,8058075305.249995,9269839.610474609
2014-07-09 00:00:00 UTC,615.1275000000002,8060033472,9329941.299859986
2014-07-10 00:00:00 UTC,630.8350000000002,7994627579.250003,15009203.935868405
2014-07-11 00:00:00 UTC,633.6389951679741,8198773244.500003,15836826.82458833
2014-07-12 00:00:00 UTC,627.4623228193354,8235215928.499609,13267457.870885218
2014-07-13 00:00:00 UTC,618.2050265064788,8154939570.986056,11435029.121800045
2014-07-14 00:00:00 UTC,618.9524999999999,8034625267.996753,2646077079.356729
2014-07-15 00:00:00 UTC,614.1474999999997,8044339956.749999,10776372.317991683
2014-07-16 00:00:00 UTC,622.8950000000001,7981890813.249996,13679053.322608326
2014-07-17 00:00:00 UTC,627.0188000000003,8095579446.500001,14637445.280315427
2014-07-18 00:00:00 UTC,626.1763000000001,8173252759.880004,14086517.690069783
2014-07-19 00:00:00 UTC,620.5138,8165088481.480001,7640657.031253545
2014-07-20 00:00:00 UTC,619.9088000000002,8093609698.919999,4767570.26288198
2014-07-21 00:00:00 UTC,619.0062999999999,8088074095.360003,8225443.991691393
2014-07-22 00:00:00 UTC,617.9425000000001,8078589320.669999,7698580.9229142675
2014-07-23 00:00:00 UTC,599.8088,8066930366.250001,9043046.013458896
2014-07-24 00:00:00 UTC,600.0963000000002,7832303310.4,24703385.252356224
2014-07-25 00:00:00 UTC,593.7750000000001,7837677745.410003,20256797.398241412
2014-07-26 00:00:00 UTC,590.3788,7758026640.000001,11443452.28870578
2014-07-27 00:00:00 UTC,585.2787999999998,7715896688.72,9300140.74662901
2014-07-28 00:00:00 UTC,581.7138,7651364384.369997,23117898.15816101
2014-07-29 00:00:00 UTC,560.7912999999999,7607013191.22,11790372.332249207
2014-07-30 00:00:00 UTC,583.1821057431899,7335781094.212499,18397948.91777439
2014-07-31 00:00:00 UTC,593.8655273953669,7630850376.333778,23252091.391060743
2014-08-01 00:00:00 UTC,588.2306991611412,7773046501.525218,22927176.796534862
2014-08-02 00:00:00 UTC,585.5731940766995,7701689838.349342,9260582.60823238
2014-08-03 00:00:00 UTC,586.3686859113967,7669135008.183718,9179432.125804096
2014-08-04 00:00:00 UTC,582.4186267649761,7681459103.873592,11325982.78547038
2014-08-05 00:00:00 UTC,583.3249999999999,7631722475.814864,13046784.254992409
2014-08-06 00:00:00 UTC,587.2031590188054,7645917854.374999,12769922.201948397
2014-08-07 00:00:00 UTC,590.9072702245192,7699128899.554043,11942668.461052554
2014-08-08 00:00:00 UTC,588.1078559835756,7749970439.220903,12277588.527439363
2014-08-09 00:00:00 UTC,588.5004825541756,7716004475.897311,7934876.355063622
2014-08-10 00:00:00 UTC,573.4063,7723612745.649575,8504716.676129557
2014-08-11 00:00:00 UTC,567.4023482208208,7528222642.385,16394404.861505693
2014-08-12 00:00:00 UTC,543.6674999999999,7451879444.947211,15825348.317337943
2014-08-13 00:00:00 UTC,503.7087999999998,7142146355.812499,36644669.931792624
2014-08-14 00:00:00 UTC,492.2844982828295,6619438824.319998,46265624.62553175
2014-08-15 00:00:00 UTC,521.0463000000001,6470895123.240938,31123413.36228128
2014-08-16 00:00:00 UTC,494.7813,6851511348.007502,27941383.427219495
2014-08-17 00:00:00 UTC,459.8863000000001,6508254263.94,28596111.80240412
2014-08-18 00:00:00 UTC,484.1549999999999,6051494358.652501,60758484.534893334
2014-08-19 00:00:00 UTC,514.1863000000001,6373125926.999999,45173284.02810885
2014-08-20 00:00:00 UTC,515.605,6770599523.880001,55122051.107402146
2014-08-21 00:00:00 UTC,515.8263000000001,6791368598.25,47111104.07847081
2014-08-22 00:00:00 UTC,496.5688000000001,6796320998.280002,34159957.60252427
2014-08-23 00:00:00 UTC,508.1138,6544627813.360002,23986341.558129977
2014-08-24 00:00:00 UTC,500.3863,6698642065.23,18509793.266628254
2014-08-25 00:00:00 UTC,510.6387999999999,6598469041.525,15737842.720394537
2014-08-26 00:00:00 UTC,510.4463,6735887474.679998,21288943.923400816
2014-08-27 00:00:00 UTC,506.9150000000001,6735479301.2325,21505988.92038193
2014-08-28 00:00:00 UTC,508.0963,6691049888.250001,18467248.48861226
2014-08-29 00:00:00 UTC,501.5300000000001,6708840033.1625,16001723.62834569
2014-08-30 00:00:00 UTC,480.0262999999999,6624308546.000001,10747408.658269238
2014-08-31 00:00:00 UTC,475.8200000000002,6342575501.242498,43358429.758384064
2014-09-01 00:00:00 UTC,474.6938,6288710716.500003,19343751.807486504
2014-09-02 00:00:00 UTC,474.7263000000001,6275487638.035,21083352.22483124
2014-09-03 00:00:00 UTC,489.5475000000001,6277994218.035002,14233663.71176932
2014-09-04 00:00:00 UTC,480.2425000000001,6475917910.312501,23597497.05655269
2014-09-05 00:00:00 UTC,482.3588,6354592772.125001,14058803.04997312
2014-09-06 00:00:00 UTC,480.6025,6384706079.29,9776900.705157386
2014-09-07 00:00:00 UTC,471.1250000000001,6363333295.8125,7748654.382831849
2014-09-08 00:00:00 UTC,471.7538,6239603056.250001,27618107.417669404
2014-09-09 00:00:00 UTC,477.1138,6249605640.88,20218609.30319999
2014-09-10 00:00:00 UTC,476.3775000000001,6322521232.08,20792329.424092777
2014-09-11 00:00:00 UTC,473.6874999999999,6314752955.062501,14579193.13186878
2014-09-12 00:00:00 UTC,476.0013,6280918617.187499,13395857.32409978
2014-09-13 00:00:00 UTC,474.795,6313764543.4275,14007703.004896387
2014-09-14 00:00:00 UTC,473.0313,6299010306,11468703.326540692
2014-09-15 00:00:00 UTC,462.5925,6278083239.3825,12723496.884358438
2014-09-16 00:00:00 UTC,454.6238000000001,6141505242.9375,16956832.82370955
2014-09-17 00:00:00 UTC,423.565,6037835956.610002,23179362.991400693
2014-09-18 00:00:00 UTC,393.2624999999999,5627251629.25,48338347.98438927
2014-09-19 00:00:00 UTC,408.5025,5226301319.999999,47766762.1622319
2014-09-20 00:00:00 UTC,396.62,5430693510.375,47847915.31720254
2014-09-21 00:00:00 UTC,398.3113000000001,5274312253,32843840.15919743
2014-09-22 00:00:00 UTC,433.7512999999999,5298466363.772501,24225299.2144736
2014-09-23 00:00:00 UTC,420.92,5771559860.494999,57448184.246617585
2014-09-24 00:00:00 UTC,407.9775,5602424154,32689372.436466075
2014-09-25 00:00:00 UTC,402.88,5431965426.5625,30733509.96720748
2014-09-26 00:00:00 UTC,398.0074999999999,5365475264,23707503.068168852
2014-09-27 00:00:00 UTC,375.9887999999999,5301867857.687499,16698720.05207724
2014-09-28 00:00:00 UTC,373.0888,5009825166.719998,29504744.82791448
2014-09-29 00:00:00 UTC,387.3512999999999,4972406272.54,37668363.03976922
2014-09-30 00:00:00 UTC,380.8949999999999,5164012591.079999,34519038.81008948
2014-10-01 00:00:00 UTC,371.8413,5079406227.749999,26019381.155069035
2014-10-02 00:00:00 UTC,356.1899999999999,4959944620.5375,19867284.508463353
2014-10-03 00:00:00 UTC,327.8813,4752500693.999999,29080111.339532
2014-10-04 00:00:00 UTC,325.1099999999999,4376051376.385,44971218.61630971
2014-10-05 00:00:00 UTC,328.73,4340421693.749999,81809696.99023308
2014-10-06 00:00:00 UTC,331.7238,4390074094.5,75997580.13997829
2014-10-07 00:00:00 UTC,353.3901000000001,4431199692.78,43924704.45993865
2014-10-08 00:00:00 UTC,358.395,4721892499.170001,50777426.825353265
2014-10-09 00:00:00 UTC,357.5549999999999,4790047733.625,80036548.33990295
2014-10-10 00:00:00 UTC,359.515,4780224305.999999,42046080.75021416
2014-10-11 00:00:00 UTC,374.1675000000001,4807704216.25,32266988.405666195
2014-10-12 00:00:00 UTC,387.0387999999999,5005060917.937501,30739066.019255087
2014-10-13 00:00:00 UTC,398.2888,5178714607.579999,55435747.92234496
2014-10-14 00:00:00 UTC,392.1900000000001,5330587769.78,71417120.06933361
2014-10-15 00:00:00 UTC,379.3912999999999,5250404406.000001,49257724.14281866
2014-10-16 00:00:00 UTC,380.2925,5080504776.5599985,48941848.6690588
2014-10-17 00:00:00 UTC,389.1163,5093875427.8125,38063635.90178972
2014-10-18 00:00:00 UTC,386.945,5213672024.625,43799624.062763646
2014-10-19 00:00:00 UTC,379.7699999999999,5185875584.5,32870166.09728563
2014-10-20 00:00:00 UTC,382.4137999999999,5090987746.499999,32186402.177928016
2014-10-21 00:00:00 UTC,379.4425000000001,5127920489.029999,33195457.629108418
2014-10-22 00:00:00 UTC,356.2000000000001,5089595057.375001,22279085.760041673
2014-10-23 00:00:00 UTC,354.3175000000001,4779135400.000001,48354309.486003265
2014-10-24 00:00:00 UTC,347.0304940564094,4755312883.375001,32650701.35283577
2014-10-25 00:00:00 UTC,350.1888000000001,4658797625.083782,35098508.122770295
2014-10-26 00:00:00 UTC,348.29,4702361470.560001,27618300.827371847
2014-10-27 00:00:00 UTC,351.5638000000001,4678274816.25,40322147.37977852
2014-10-28 00:00:00 UTC,333.1474999999999,4723453013.090001,26517269.319478106
2014-10-29 00:00:00 UTC,343.6674999999999,4477252539.374999,43376134.310925096
2014-10-30 00:00:00 UTC,336.5879758057807,4620136994.687499,59854847.07670034
2014-10-31 00:00:00 UTC,323.9763,4526519245.630091,30524273.859307867
2014-11-01 00:00:00 UTC,323.9849999999999,4358250678.7125,38569972.59373859
2014-11-02 00:00:00 UTC,323.995,4359606956.999999,28711350.70534258
2014-11-03 00:00:00 UTC,328.0083,4361102298,40772300.42284785
2014-11-04 00:00:00 UTC,337.5933,4416492355.9725,35073797.880440444
2014-11-05 00:00:00 UTC,347.8183,4546689684.735,44434915.10687931
2014-11-06 00:00:00 UTC,341.2317,4685738573.94,43131102.62856433
2014-11-07 00:00:00 UTC,344.1783,4598267773.35,40263476.29477718
2014-11-08 00:00:00 UTC,363.4241291015933,4639316977.02,30212775.72296773
2014-11-09 00:00:00 UTC,363.7649999999999,4900092960.69292,51466025.86583119
2014-11-10 00:00:00 UTC,366.15,4906043990.249999,62274660.836041614
2014-11-11 00:00:00 UTC,418.5783,4939381807.5,45679773.63975148
2014-11-12 00:00:00 UTC,414.7083,5648170006.71,234617998.9423538
2014-11-13 00:00:00 UTC,395.245,5597421602.175,338849744.1846642
2014-11-14 00:00:00 UTC,377.3267,5336222507.25,263499968.5892329
2014-11-15 00:00:00 UTC,387.6233,5095655585.9875,99179350.3470273
2014-11-16 00:00:00 UTC,384.9,5236180276.3025,95731301.28432415
2014-11-17 00:00:00 UTC,374.8683,5200788045,152824089.08328944
2014-11-18 00:00:00 UTC,376.7883,5066663712.555,109440633.05073106
2014-11-19 00:00:00 UTC,355.3888345541618,5093942323.3125,84367865.3742223
2014-11-20 00:00:00 UTC,349.3882854323945,4805825477.746428,93722502.0366924
2014-11-21 00:00:00 UTC,351.5500000000001,4725799744.63716,100624477.5591484
2014-11-22 00:00:00 UTC,366.7817,4756418767.500001,68856354.94119315
2014-11-23 00:00:00 UTC,377.7417,4963794289.2375,71063869.31374641
2014-11-24 00:00:00 UTC,375.248,5113527167.07,116848548.38822386
2014-11-25 00:00:00 UTC,365.7660000000001,5080998638,115570302.47559404
2014-11-26 00:00:00 UTC,368.448,4953852406.650002,92282203.67741974
2014-11-27 00:00:00 UTC,376.951,4991429534.4,70974036.26141815
2014-11-28 00:00:00 UTC,374.9649999999999,5108072424.775,91254232.81791146
2014-11-29 00:00:00 UTC,376.472,5082659949.124999,100952560.51475
2014-11-30 00:00:00 UTC,379.489,5104546200.8,74926943.90674321
2014-12-01 00:00:00 UTC,381.3768000000001,5146696228.575,64120830.50054466
2014-12-02 00:00:00 UTC,374.103,5173729065.540001,66841251.26995943
2014-12-03 00:00:00 UTC,368.2282000000001,5076166196.7,74772912.71073525
2014-12-04 00:00:00 UTC,376.379,4997777244.500001,62639548.33058211
2014-12-05 00:00:00 UTC,373.671,5109881265.075,57857463.42592923
2014-12-06 00:00:00 UTC,374.448,5074368104.025,48428933.75856517
2014-12-07 00:00:00 UTC,361.433,5086108461.6,38514374.875024594
2014-12-08 00:00:00 UTC,350.9280000000001,4910799206.825,66593741.913184226
2014-12-09 00:00:00 UTC,346.9798718363186,4769269437.600001,88924869.65991856
2014-12-10 00:00:00 UTC,346.9089999999999,4716905099.220487,59696950.62553664
2014-12-11 00:00:00 UTC,351.502,4717173182.024999,118502898.82834332
2014-12-12 00:00:00 UTC,347.484,4780796277.1,50698218.39649164
2014-12-13 00:00:00 UTC,350.133,4727528507.1,38735004.41273056
2014-12-14 00:00:00 UTC,344.615,4764706150.575,44354135.28957544
2014-12-15 00:00:00 UTC,328.5340000000001,4690951072.25,30644200.622725755
2014-12-16 00:00:00 UTC,318.828,4473187530.400002,71798679.48126574
2014-12-17 00:00:00 UTC,309.765,4342046795.7,76239460.27345972
2014-12-18 00:00:00 UTC,317.54,4219673038.875,90976235.79233617
2014-12-19 00:00:00 UTC,328.7740000000001,4326569823.5,60607669.3459044
2014-12-20 00:00:00 UTC,319.501,4480153981.900002,64328493.85057997
2014-12-21 00:00:00 UTC,329.886,4353792201.85,58024786.31176
2014-12-22 00:00:00 UTC,333.97,4498284260.25,51126866.96604784
2014-12-23 00:00:00 UTC,322.194,4555334101.5,58571793.10819222
2014-12-24 00:00:00 UTC,318.166,4395934387.5,37974791.61572064
2014-12-25 00:00:00 UTC,327.7169708710151,4342234118.2,75362825.06098935
2014-12-26 00:00:00 UTC,314.568,4473844613.694206,93256490.21344972
2014-12-27 00:00:00 UTC,316.491,4295536138.8,145862961.0588076
2014-12-28 00:00:00 UTC,312.6329999999999,4322768586.675,67051620.38671447
2014-12-29 00:00:00 UTC,310.079,4271645363.8499985,99471184.46915884
2014-12-30 00:00:00 UTC,317.379,4237996980.525,71609763.01677348
2014-12-31 00:00:00 UTC,313.9920000000001,4338943850.325,71036111.34880373
2015-01-01 00:00:00 UTC,314.446,4293958347.0000014,46999364.08867299
2015-01-02 00:00:00 UTC,286.572,4301448334.7,38855906.30053607
2015-01-03 00:00:00 UTC,260.936,3921358112.1,118778941.40912902
2015-01-04 00:00:00 UTC,273.22,3571639780.8,205500148.96968707
2015-01-05 00:00:00 UTC,285.3738000000001,3740880426.5,155038125.45582142
2015-01-06 00:00:00 UTC,295.8725,3908408221.350002,97002895.9764078
2015-01-07 00:00:00 UTC,284.4525,4053238742.4375,110674232.978753
2015-01-08 00:00:00 UTC,289.5738000000001,3897824162.25,86570544.47058573
2015-01-09 00:00:00 UTC,274.533,3968992614.2850018,83478400.2771182
2015-01-10 00:00:00 UTC,267.184,3763909199.925,92683835.63260388
2015-01-11 00:00:00 UTC,268.353667700943,3664201453.6,73256737.91089578
2015-01-12 00:00:00 UTC,221.436,3681154854.371071,78982214.88677162
2015-01-13 00:00:00 UTC,172.1479,3038251389.3,215752219.9219919
2015-01-14 00:00:00 UTC,210.5559,2362639549.8525,236006920.8178313
2015-01-15 00:00:00 UTC,205.816,2890521922.995,257637517.29041365
2015-01-16 00:00:00 UTC,199.4914,2826188131,176217465.4940408
2015-01-17 00:00:00 UTC,208.9892,2740019366.285,106431481.13147792
2015-01-18 00:00:00 UTC,214.545,2871292169.34,118664232.7276146
2015-01-19 00:00:00 UTC,210.5137,2948379298.875,105545327.33818196
2015-01-20 00:00:00 UTC,224.0451,2893626589.035,94312137.93638834
2015-01-21 00:00:00 UTC,232.0423000000001,3080429686.665,99166469.19882472
2015-01-22 00:00:00 UTC,232.898,3191202338.1525016,151229886.42783546
2015-01-23 00:00:00 UTC,248.096,3203686663.5,126038219.2115576
2015-01-24 00:00:00 UTC,253.8388999999999,3413521852,134933345.06544757
2015-01-25 00:00:00 UTC,271.2882000000001,3493324595.8274984,142426844.88892275
2015-01-26 00:00:00 UTC,259.2356,3734336330.640002,401755946.5274641
2015-01-27 00:00:00 UTC,233.91,3568728002.06,339951744.7443284
2015-01-28 00:00:00 UTC,232.5329422304941,3221725803.91,44352176
2015-01-29 00:00:00 UTC,228.6354,3203612158.433073,161971565.54864252
2015-01-30 00:00:00 UTC,218.0233,3150704413.815,105832532.60469384
2015-01-31 00:00:00 UTC,226.2697,3005342178.85,92459195.6343594
2015-02-01 00:00:00 UTC,240.0193,3119897131.48,100844154.3350744
2015-02-02 00:00:00 UTC,226.0119,3310466195.25,108043831.20772208
2015-02-03 00:00:00 UTC,225.3083,3117998019.1275,135790231.88905972
2015-02-04 00:00:00 UTC,216.9136,3109175682.095,83155505.15562138
2015-02-05 00:00:00 UTC,222.4872,2994172300.44,74142168.01402433
2015-02-06 00:00:00 UTC,227.2050999999999,3072075446.7,88164946.84338237
2015-02-07 00:00:00 UTC,222.9061,3138151161.072499,80694160.19495533
2015-02-08 00:00:00 UTC,220.0922,3079497925.3725,76979240.31280218
2015-02-09 00:00:00 UTC,220.6493,3041547650.985,79154588.47482522
2015-02-10 00:00:00 UTC,219.0956,3049996660.2725,66708973.92079521
2015-02-11 00:00:00 UTC,222.0401587875259,3029418429.03,65150873.75436823
2015-02-12 00:00:00 UTC,235.6774,3070809845.0275135,51632481.43908263
2015-02-13 00:00:00 UTC,259.0086000000001,3260249204.835,137045816.2260813
2015-02-14 00:00:00 UTC,232.9962,3584044452.9300013,165435433.7487849
2015-02-15 00:00:00 UTC,235.9199,3224923703.82,199965387.6619376
2015-02-16 00:00:00 UTC,242.4568,3266299219.505,128976204.99927545
2015-02-17 00:00:00 UTC,234.6238,3357729670.42,121468767.5434641
2015-02-18 00:00:00 UTC,240.2988,3250184845.45,88821471.77949807
2015-02-19 00:00:00 UTC,244.0821,3329826479.07,71396084.8246788
2015-02-20 00:00:00 UTC,244.1459,3383185375.785,80482172.09597999
2015-02-21 00:00:00 UTC,235.5529999999999,3384954726.9025,64143296.199941635
2015-02-22 00:00:00 UTC,238.1319,3266702003.4249988,74180476.06972592
2015-02-23 00:00:00 UTC,238.7314,3303312137.1225,61755698.92656742
2015-02-24 00:00:00 UTC,237.378,3312404143.285,58732103.48183354
2015-02-25 00:00:00 UTC,236.1711557723409,3294575196.45,57584610.05522578
2015-02-26 00:00:00 UTC,253.8991,3278687399.961783,44991044.50687964
2015-02-27 00:00:00 UTC,253.5991,3525782547.105,137186494.71170896
2015-02-28 00:00:00 UTC,257.7075,3522504178.955,85884430.30666418
2015-03-01 00:00:00 UTC,269.9614999999999,3580465593.9375,58106060.44444854
2015-03-02 00:00:00 UTC,280.6241999999999,3751796695.2874985,93658288.66772272
2015-03-03 00:00:00 UTC,273.0192999999999,3901083285.0899982,128754965.89965025
2015-03-04 00:00:00 UTC,274.8255,3796353842.947499,119553919.98697218
2015-03-05 00:00:00 UTC,272.3412999999999,3822334889.7375,98543018.35211968
2015-03-06 00:00:00 UTC,275.5846387340832,3788784931.469999,74704492.0402275
2015-03-07 00:00:00 UTC,274.578,3834877371.4562297,50059694.67622344
2015-03-08 00:00:00 UTC,289.2957000000001,3821054905.8,45050575.22814669
2015-03-09 00:00:00 UTC,290.3057,4027806171.9600015,111062141.12648012
2015-03-10 00:00:00 UTC,295.961,4043022165.1175,129285347.54407711
2015-03-11 00:00:00 UTC,293.9203,4122115211.9,73794326.12201199
2015-03-12 00:00:00 UTC,288.0364999999999,4095470764.185,65277495.588918425
2015-03-13 00:00:00 UTC,281.4887,4014523120.5749984,67739327.34903467
2015-03-14 00:00:00 UTC,285.2645,3924198780.6125,63244191.82668233
2015-03-15 00:00:00 UTC,290.0955000000001,3977863688.6375,32203956.61897762
2015-03-16 00:00:00 UTC,284.3491,4046186762.512501,60818266.22008967
2015-03-17 00:00:00 UTC,255.6062,3967004055.1925,50540130.74794698
2015-03-18 00:00:00 UTC,260.0037,3566978130.845,123648767.77025564
2015-03-19 00:00:00 UTC,260.9075,3629235646.08,133194355.06279548
2015-03-20 00:00:00 UTC,259.4899,3642718765.4375,59404464.50294682
2015-03-21 00:00:00 UTC,267.7980999999999,3623906198.45,54148215.13499707
2015-03-22 00:00:00 UTC,266.0272,3740905133.6624985,51503307.06679215
2015-03-23 00:00:00 UTC,245.1679,3717118257.44,73040649.64393184
2015-03-24 00:00:00 UTC,246.2715,3426730125.8925,153991184.32363835
2015-03-25 00:00:00 UTC,247.5595,3443109527.925,175875957.5910767
2015-03-26 00:00:00 UTC,247.1476,3462026772.6875,148675593.25572366
2015-03-27 00:00:00 UTC,252.0497,3457360133.78,90325941.05609
2015-03-28 00:00:00 UTC,241.9136999999999,3526137495.545,82125758.55914597
2015-03-29 00:00:00 UTC,246.5418,3384336375.9449987,84472855.7931449
2015-03-30 00:00:00 UTC,243.2692000000001,3449082800.73,96641741.12450412
2015-03-31 00:00:00 UTC,246.7755,3403299617.6200013,76545513.49477836
2015-04-01 00:00:00 UTC,252.341,3456621444.825,78230800.04911813
2015-04-02 00:00:00 UTC,253.6226999999999,3535619144.775,95206093.35512508
2015-04-03 00:00:00 UTC,253.3213,3554522140.4999986,94243302.2942574
2015-04-04 00:00:00 UTC,259.7117999999999,3551247974.375,63959131.20365665
2015-04-05 00:00:00 UTC,255.4233,3641795729.9099984,82969308.75347461
2015-04-06 00:00:00 UTC,253.2085,3582471422.0625,83832524.03554013
2015-04-07 00:00:00 UTC,244.2709,3551882233.75,88508043.4273131
2015-04-08 00:00:00 UTC,243.2006548544864,3427768044.885,106548662.28337549
2015-04-09 00:00:00 UTC,234.5253,3413570471.5539427,93749435.17178354
2015-04-10 00:00:00 UTC,236.4501,3292518276.0975,110710603.09814689
2015-04-11 00:00:00 UTC,235.7386,3319540687.6575,87634999.71721902
2015-04-12 00:00:00 UTC,223.9464,3309551885.795,62271722.260468975
2015-04-13 00:00:00 UTC,217.9995,3146530899.9,87796699.14598
2015-04-14 00:00:00 UTC,223.0161,3063792222.9375,109539415.0915327
2015-04-15 00:00:00 UTC,227.9995,3134965194.7125,71588917.36395298
2015-04-16 00:00:00 UTC,222.4171382852381,3205775569.775,88471192.53868681
2015-04-17 00:00:00 UTC,222.9536999999999,3127985665.9882746,101386584.09915563
2015-04-18 00:00:00 UTC,222.6812,3136367731.6949987,70165374.02114585
2015-04-19 00:00:00 UTC,224.3086,3133241391.63,58633108.40665714
2015-04-20 00:00:00 UTC,234.6867000000001,3157115506.425,63561423.223313816
2015-04-21 00:00:00 UTC,233.7807,3304071908.955002,80763824.9531341
2015-04-22 00:00:00 UTC,235.1735,3292205018.715,72515582.86551493
2015-04-23 00:00:00 UTC,230.9863,3312571610.275,55130032.39951651
2015-04-24 00:00:00 UTC,225.9568,3254290910.1525,73282646.18860614
2015-04-25 00:00:00 UTC,218.5065,3184369639.96,58830426.88734985
2015-04-26 00:00:00 UTC,228.5712,3080176877.25,96999963.63035092
2015-04-27 00:00:00 UTC,225.6422999999999,3222813920.04,95409417.4905671
2015-04-28 00:00:00 UTC,225.9978,3182408229.6824985,71643965.12343475
2015-04-29 00:00:00 UTC,236.2208,3188139664.71,56781693.77813109
2015-04-30 00:00:00 UTC,232.7402999999999,3333116826.64,103785827.2593271
2015-05-01 00:00:00 UTC,235.1563,3284896594.1999984,74708330.707501
2015-05-02 00:00:00 UTC,239.882,3319854338.695,61431426.38713984
2015-05-03 00:00:00 UTC,238.9705999999999,3387421698.4,86630763.25450982
2015-05-04 00:00:00 UTC,236.0015000000001,3375292445.5799985,84138462.79309112
2015-05-05 00:00:00 UTC,229.8152,3334246892.1125016,71871894.07356025
2015-05-06 00:00:00 UTC,236.8450000000001,3246886599.4,70623213.73756033
2015-05-07 00:00:00 UTC,243.657,3346205371.2500014,74887945.15831198
2015-05-08 00:00:00 UTC,241.5321,3442447010.25,79882346.22687149
2015-05-09 00:00:00 UTC,239.5548,3412425891.825,79529081.71071678
2015-05-10 00:00:00 UTC,241.8506,3384490103.1,67810639.80677219
2015-05-11 00:00:00 UTC,241.5189000000001,3416925739.45,70787411.31238237
2015-05-12 00:00:00 UTC,235.4793,3412239398.9250016,60882937.62553394
2015-05-13 00:00:00 UTC,236.704,3326910420.225,50100818.287086904
2015-05-14 00:00:00 UTC,236.9908,3344213288,56975125.501362815
2015-05-15 00:00:00 UTC,235.9781,3348265270.1,39256136.30427565
2015-05-16 00:00:00 UTC,236.0847,3333957591.325,26856157.042346757
2015-05-17 00:00:00 UTC,232.4757,3335463662.775,24401603.48024925
2015-05-18 00:00:00 UTC,231.9446000000001,3284474808.525,33772801.85844162
2015-05-19 00:00:00 UTC,234.048,3276971294.9500012,31085021.505248632
2015-05-20 00:00:00 UTC,235.4204999999999,3306688656,28778007.286285885
2015-05-21 00:00:00 UTC,240.9352,3326079679.1249986,27373179.763544746
2015-05-22 00:00:00 UTC,239.0329940983288,3419033119.26,54518478.95936304
2015-05-23 00:00:00 UTC,241.2417000000001,3392690898.43522,47757592.65993454
2015-05-24 00:00:00 UTC,237.441,3424926508.0275016,29761665.976133663
2015-05-25 00:00:00 UTC,237.4971,3371792792.55,30834563.231427405
2015-05-26 00:00:00 UTC,237.2305,3373426620.6825,30268982.762250736
2015-05-27 00:00:00 UTC,237.4891000000001,3370470121.0375,30728765.83133291
2015-05-28 00:00:00 UTC,237.0714,3374927913.9625015,26801090.327187903
2015-05-29 00:00:00 UTC,233.4572,3369940317.075,31108417.12996518
2015-05-30 00:00:00 UTC,229.6785,3319341161.04,31403744.863089006
2015-05-31 00:00:00 UTC,223.3178,3266430207.375,23353985.64778831
2015-06-01 00:00:00 UTC,225.7387,3176729202.67,43602264.82379089
2015-06-02 00:00:00 UTC,225.4831,3212024675.365,32062237.057725612
2015-06-03 00:00:00 UTC,224.1748,3208477948.985,30472196.11636243
2015-06-04 00:00:00 UTC,224.7413,3189861690.38,29003069.45899297
2015-06-05 00:00:00 UTC,225.2889,3197922617.155,32252691.587104306
2015-06-06 00:00:00 UTC,223.6157,3205714609.215,18238445.735281847
2015-06-07 00:00:00 UTC,228.7013000000001,3181906060.795,24133822.46700492
2015-06-08 00:00:00 UTC,229.5263999999999,3254270843.1550016,40449914.18863471
2015-06-09 00:00:00 UTC,229.0022,3266011479.8399987,36746856.38036806
2015-06-10 00:00:00 UTC,229.9343000000001,3258552454.57,29194036.771787077
2015-06-11 00:00:00 UTC,230.5181,3271815631.705002,28833233.41266869
2015-06-12 00:00:00 UTC,232.6301,3280122726.235,29722314.849446375
2015-06-13 00:00:00 UTC,233.6681,3310175113.435,29012321.272587787
2015-06-14 00:00:00 UTC,237.2013,3324945178.735,35303170.71466479
2015-06-15 00:00:00 UTC,250.4743,3375220318.155,46839294.423419096
2015-06-16 00:00:00 UTC,247.6944000000001,3564086480.705,96364192.87222852
2015-06-17 00:00:00 UTC,248.5519999999999,3524530310.6400013,100630046.35212404
2015-06-18 00:00:00 UTC,242.9967,3536733401.1999984,67360540.67947954
2015-06-19 00:00:00 UTC,245.4754,3457685093.145,60767655.66479779
2015-06-20 00:00:00 UTC,243.9959,3492955382.99,55692672.674818866
2015-06-21 00:00:00 UTC,247.2790000000001,3488836375.125,26531885.052744597
2015-06-22 00:00:00 UTC,243.8486,3536683169.6000013,41166801.74969953
2015-06-23 00:00:00 UTC,240.5377000000001,3488498071.6,37387508.430996
2015-06-24 00:00:00 UTC,242.4769,3442040366.017502,39616260.29622073
2015-06-25 00:00:00 UTC,242.4819,3470729479.685,34244051.08008979
2015-06-26 00:00:00 UTC,250.621,3471728541.2025,34005665.062683985
2015-06-27 00:00:00 UTC,248.3451,3589074420.225,49080095.21505225
2015-06-28 00:00:00 UTC,256.3038739667178,3557369715.93,40522516.655076645
2015-06-29 00:00:00 UTC,262.4063254601778,3672257830.226641,73197757.00524
2015-06-30 00:00:00 UTC,257.5058,3760650012.699992,99893250.06832576
2015-07-01 00:00:00 UTC,254.6537509187558,3691294141.84,68104997.64448473
2015-07-02 00:00:00 UTC,255.161,3651410104.6425366,52711167.626877494
2015-07-03 00:00:00 UTC,260.415,3659678537.625,42339288.96608291
2015-07-04 00:00:00 UTC,271.0401208003443,3736024266.375,42932957.07889688
2015-07-05 00:00:00 UTC,268.595,3889432509.487961,96139966.48557808
2015-07-06 00:00:00 UTC,265.3844519614875,3855533497.75,111884711.197357
2015-07-07 00:00:00 UTC,269.6130164214266,3810376692.04044,64748934.30717278
2015-07-08 00:00:00 UTC,268.8928000000001,3871966451.431392,79366281.26047984
2015-07-09 00:00:00 UTC,285.0223,3862503903.2800016,75940632.19947487
2015-07-10 00:00:00 UTC,291.8907431569518,4095521056.4875,113799594.1409435
2015-07-11 00:00:00 UTC,310.1915636277567,4195301867.783395,114394387.16569844
2015-07-12 00:00:00 UTC,290.6655,4459352692.658084,115546321.240178
2015-07-13 00:00:00 UTC,286.6653999999999,4179711756.9,130058766.78659292
2015-07-14 00:00:00 UTC,283.9491880809251,4122384618.0649986,74446013.37027897
2015-07-15 00:00:00 UTC,276.6800999999999,4084701354.030234,52932167.70111447
2015-07-16 00:00:00 UTC,278.3728,3981564979.0499983,97423601.54430674
2015-07-17 00:00:00 UTC,274.4838999999999,4007009432.32,60573486.78209071
2015-07-18 00:00:00 UTC,272.806179588859,3951120257.4274983,52505422.1849008
2015-07-19 00:00:00 UTC,277.2454,3926969933.4822383,26896009.893020075
2015-07-20 00:00:00 UTC,274.9428876558478,3993823954.025,40729476.381133035
2015-07-21 00:00:00 UTC,276.1756000000001,3961652068.233111,43239135.22644978
2015-07-22 00:00:00 UTC,275.6135,3980470592.0700016,43240737.35047461
2015-07-23 00:00:00 UTC,288.4447167883336,3973299338.7,34164576.518917255
2015-07-24 00:00:00 UTC,288.3881586253327,4158911304.54091,79396118.75259325
2015-07-25 00:00:00 UTC,291.7037645294952,4158095826.323497,54859994.563074075
2015-07-26 00:00:00 UTC,292.6148,4205901558.4920735,40248392.33013304
2015-07-27 00:00:00 UTC,293.9933,4219037232.32,63540197.33148093
2015-07-28 00:00:00 UTC,288.7194990885924,4238912996.72,63623601.6003042
2015-07-29 00:00:00 UTC,286.8366,4162873225.658961,52624701.46729341
2015-07-30 00:00:00 UTC,283.6760591480217,4135724833.44,43880110.290356554
2015-07-31 00:00:00 UTC,280.7014,4090154891.219836,63971590.58757594
2015-08-01 00:00:00 UTC,281.7267,4047265065.76,53533745.82603215
2015-08-02 00:00:00 UTC,281.829870770124,4062048251.28,46165536.82286997
2015-08-03 00:00:00 UTC,284.2393,4063535808.711956,41411646.7104373
2015-08-04 00:00:00 UTC,281.4010623650275,4098275923.12,48308760.90560098
2015-08-05 00:00:00 UTC,278.0134,4057353077.603912,43424335.531163365
2015-08-06 00:00:00 UTC,278.5088137572824,4008508406.56,41914107.67785419
2015-08-07 00:00:00 UTC,259.8007283854695,4015651480.278,47637462.16841643
2015-08-08 00:00:00 UTC,264.3384833893257,3745910822.1530538,80056216.9967666
2015-08-09 00:00:00 UTC,263.5782,3811337988.900654,67863178.91055241
2015-08-10 00:00:00 UTC,269.8668,3817350354.96,60783290.21756031
2015-08-11 00:00:00 UTC,267.7126,3909600811.62,64124892.99653497
2015-08-12 00:00:00 UTC,263.6558186169038,3879202423.705,73043602.38810194
2015-08-13 00:00:00 UTC,265.1281000000001,3821420843.637938,57163446.795025095
2015-08-14 00:00:00 UTC,260.4762322897643,3843674745.142502,61280618.55732058
2015-08-15 00:00:00 UTC,257.8158000000001,3777139796.810643,38131976.86865548
2015-08-16 00:00:00 UTC,257.0634000000001,3739450598.7300014,55868003.65302729
2015-08-17 00:00:00 UTC,253.0766,3729475807.2000017,51730292.4009465
2015-08-18 00:00:00 UTC,225.9602,3672268004.3,49833133.79994442
2015-08-19 00:00:00 UTC,234.6379,3279919634.095,143390129.28370252
2015-08-20 00:00:00 UTC,232.3324000000001,3406736999.8375,99655604.53121856
2015-08-21 00:00:00 UTC,229.1488,3374233144.9200015,62180213.61240129
2015-08-22 00:00:00 UTC,227.2453999999999,3328896176.08,102329840.28166316
2015-08-23 00:00:00 UTC,210.0943850637937,3302029052.6449986,72465770.66977338
2015-08-24 00:00:00 UTC,221.3282999999999,3053595830.271203,139379271.33868462
2015-08-25 00:00:00 UTC,225.2666000000001,3217665292.1924987,183422133.0282128
2015-08-26 00:00:00 UTC,222.9704,3275815633.8700013,144278489.53657845
2015-08-27 00:00:00 UTC,231.6583,3243160210.6,69900344.06948392
2015-08-28 00:00:00 UTC,228.4683,3370431355.445,95134718.7554684
2015-08-29 00:00:00 UTC,228.0672,3324950575.2675,56654306.07150725
2015-08-30 00:00:00 UTC,230.0781,3319968528.72,54615311.643692665
2015-08-31 00:00:00 UTC,227.1631,3350144206.29,58032869.77182835
2015-09-01 00:00:00 UTC,228.6427999999999,3308579439.8025,61479340.23891231
2015-09-02 00:00:00 UTC,226.5658,3331062656.779999,47781609.22090014
2015-09-03 00:00:00 UTC,230.0509,3301579143.195,43765322.15025832
2015-09-04 00:00:00 UTC,234.7495,3353296684.9425,55274502.37627574
2015-09-05 00:00:00 UTC,239.1288999999999,3422635972.525,58712579.1018823
2015-09-06 00:00:00 UTC,240.503,3487336313.1499987,70113446.29750317
2015-09-07 00:00:00 UTC,243.5587,3508277386.75,50336412.979991846
2015-09-08 00:00:00 UTC,237.9452,3553698013.0575,67754768.56019479
2015-09-09 00:00:00 UTC,238.7763,3472697170.03,55993048.11643384
2015-09-10 00:00:00 UTC,240.0007956438866,3485799693.18,48531118.883055605
2015-09-11 00:00:00 UTC,234.9098,3504653618.529092,44294574.3495357
2015-09-12 00:00:00 UTC,230.5048000000001,3431133648.015,40541222.49556373
2015-09-13 00:00:00 UTC,230.21,3367623264.4200015,46253457.40687432
2015-09-14 00:00:00 UTC,229.9118,3364179590.25,52117340.606796384
2015-09-15 00:00:00 UTC,228.4640000000001,3360764475.475,58562863.20358095
2015-09-16 00:00:00 UTC,232.746,3340446394.8000016,51089489.85407352
2015-09-17 00:00:00 UTC,232.354,3403177100.1,54594105.82680428
2015-09-18 00:00:00 UTC,231.2732999999999,3399002106.7,79606359.72514415
2015-09-19 00:00:00 UTC,230.6597,3383904198.1124988,39022087.91012471
2015-09-20 00:00:00 UTC,226.4528,3375670110.545,36477159.2595533
2015-09-21 00:00:00 UTC,229.8831,3314850054.32,36795275.81748264
2015-09-22 00:00:00 UTC,229.8658,3365879385.27,71785978.8373853
2015-09-23 00:00:00 UTC,233.9255,3366614506.8,53526673.23620633
2015-09-24 00:00:00 UTC,234.9767,3426856523.425,124125639.29530512
2015-09-25 00:00:00 UTC,234.5278999999999,3443254571.12,115435785.46487305
2015-09-26 00:00:00 UTC,232.8346999999999,3437534062.2749987,93607431.45305929
2015-09-27 00:00:00 UTC,239.2765,3413577894.9649987,75776526.63573742
2015-09-28 00:00:00 UTC,237.2262,3508852288.5125,245683532.12691057
2015-09-29 00:00:00 UTC,236.0463,3479847405.18,115160470.82095526
2015-09-30 00:00:00 UTC,237.7358,3463401139.065,76056339.96172076
2015-10-01 00:00:00 UTC,237.2592999999999,3489093808.33,72356986.64595664
2015-10-02 00:00:00 UTC,238.9718,3482919072.1399984,84448749.0956819
2015-10-03 00:00:00 UTC,238.6566,3508906579.53,73353042.37453015
2015-10-04 00:00:00 UTC,240.3238,3505203181.935,78899567.08428396
2015-10-05 00:00:00 UTC,246.444,3530596945.8,107434379.86060315
2015-10-06 00:00:00 UTC,243.2229000000001,3621402163.5,135776679.78278795
2015-10-07 00:00:00 UTC,242.9008,3574397657.8275013,121587412.75625242
2015-10-08 00:00:00 UTC,244.2051,3569664084.28,97564224.99277282
2015-10-09 00:00:00 UTC,245.3209,3588832044.4725,109153976.98039408
2015-10-10 00:00:00 UTC,247.5392,3607756618.6475,89165069.70010512
2015-10-11 00:00:00 UTC,245.5661,3640379548.48,79268221.71546365
2015-10-12 00:00:00 UTC,249.4051,3611362597.2775,108125413.61682852
2015-10-13 00:00:00 UTC,252.6956,3667819987.0025,164455688.10166356
2015-10-14 00:00:00 UTC,254.6295530746221,3720285701.44,321865165.91051394
2015-10-15 00:00:00 UTC,262.3735,3749948525.34644,207297257.62019613
2015-10-16 00:00:00 UTC,270.3646,3864938757.1125,332398256.1656234
2015-10-17 00:00:00 UTC,262.2345,3983558775.515,271593080.8014066
2015-10-18 00:00:00 UTC,264.2094,3864772725.825,116712427.05704656
2015-10-19 00:00:00 UTC,270.2663999999999,3894955159.095,224715633.9081733
2015-10-20 00:00:00 UTC,267.0187,3985078067.9999986,319017395.23033226
2015-10-21 00:00:00 UTC,273.5729999999999,3938178700.69,201630914.8569063
2015-10-22 00:00:00 UTC,277.3883999999999,4035872003.8499985,229034925.6796039
2015-10-23 00:00:00 UTC,282.9566,4093191773.3699985,130573069.75416414
2015-10-24 00:00:00 UTC,284.749,4176382824.68,168029249.3828648
2015-10-25 00:00:00 UTC,285.5159,4203955930.025,336860319.5875912
2015-10-26 00:00:00 UTC,294.8093999999999,4215884952.015,221583939.26366535
2015-10-27 00:00:00 UTC,303.6366,4354732830.689999,329397533.93903714
2015-10-28 00:00:00 UTC,313.9073,4486177628.595,387209571.0614479
2015-10-29 00:00:00 UTC,325.8005999999999,4639133966.8275,543163761.4698877
2015-10-30 00:00:00 UTC,312.2783,4816269544.724998,843340993.2179483
2015-10-31 00:00:00 UTC,324.9970999999999,4617510889.9075,321997491.79856926
2015-11-01 00:00:00 UTC,350.7678,4806796483.202498,582434357.3722049
2015-11-02 00:00:00 UTC,398.2369,5189223756.42,636690229.0056115
2015-11-03 00:00:00 UTC,404.3588,5893149469.89,987283928.3196412
2015-11-04 00:00:00 UTC,387.473,5985308848.63,984425381.794543
2015-11-05 00:00:00 UTC,372.8260000000001,5736789622.45,913505444.7997164
2015-11-06 00:00:00 UTC,387.0599999999999,5521254799.200002,770242854.4761926
2015-11-07 00:00:00 UTC,371.5020000000001,5733490750.499998,462741972.46864593
2015-11-08 00:00:00 UTC,380.6439999999999,5504396533.200002,264157489.62253815
2015-11-09 00:00:00 UTC,336.8729999999999,5641277305.399999,420137368.36575645
2015-11-10 00:00:00 UTC,305.9829999999999,4993780086.524999,620473336.3692106
2015-11-11 00:00:00 UTC,337.955,4537161821.449999,572707252.5268553
2015-11-12 00:00:00 UTC,337.372,5012582355.5,546923067.4696827
2015-11-13 00:00:00 UTC,331.501,5005284729.2,414918018.0674208
2015-11-14 00:00:00 UTC,320.484,4919391964.75,131135195.6401858
2015-11-15 00:00:00 UTC,331.353,4757160338.7,237800138.6586967
2015-11-16 00:00:00 UTC,335.111,4919473733.625,239442892.6065092
2015-11-17 00:00:00 UTC,335.447,4976968038.7,236625919.2712964
2015-11-18 00:00:00 UTC,325.5680000000001,4983266453.2,185981663.2942105
2015-11-19 00:00:00 UTC,321.417,4837533520.000002,206391901.26959464
2015-11-20 00:00:00 UTC,325.159,4777269083.55,123560944.18387257
2015-11-21 00:00:00 UTC,323.395,4834317690.45,199949522.188539
2015-11-22 00:00:00 UTC,322.8290000000001,4809449591.25,167053005.3954258
2015-11-23 00:00:00 UTC,319.9789999999999,4802404204.000002,188739479.4368917
2015-11-24 00:00:00 UTC,328.1689999999999,4761183526.824999,103800161.9089922
2015-11-25 00:00:00 UTC,356.245,4884311515.724998,714595229.5358595
2015-11-26 00:00:00 UTC,359.011,5303722123.25,1237550807.6515267
2015-11-27 00:00:00 UTC,356.212,5346023825.725,895711315.7104639
2015-11-28 00:00:00 UTC,371.4880000000001,5305804455.9,667783121.7836893
2015-11-29 00:00:00 UTC,378.265,5534688265.600001,921927632.1582325
2015-11-30 00:00:00 UTC,363.4499999999999,5637217098.625,1299027009.4916246
2015-12-01 00:00:00 UTC,358.8199999999999,5417967322.499998,523072117.506246
2015-12-02 00:00:00 UTC,360.954,5350373990.499998,1153668371.9578505
2015-12-03 00:00:00 UTC,362.7669999999999,5383466480.7,1149814390.1438584
2015-12-04 00:00:00 UTC,390.645,5411894143.624998,1039912869.9731772
2015-12-05 00:00:00 UTC,394.0109999999999,5829507439.875,1426331736.1368082
2015-12-06 00:00:00 UTC,394.355,5881283993.699999,1512626609.7304864
2015-12-07 00:00:00 UTC,412.9300000000001,5887868033.125,1282263557.3988562
2015-12-08 00:00:00 UTC,417.3679999999999,6167016640.750002,954462002.2518704
2015-12-09 00:00:00 UTC,416.91,6235070986.199999,1528970867.732093
2015-12-10 00:00:00 UTC,452.4149999999999,6230407267.5,1275837073.4425912
2015-12-11 00:00:00 UTC,434.903,6762812523.749998,1623480958.4502342
2015-12-12 00:00:00 UTC,435.8150000000001,6502593547.975,1745413356.7816703
2015-12-13 00:00:00 UTC,443.277,6517994663.125002,1484344615.6204193
2015-12-14 00:00:00 UTC,464.9989999999999,6631778541.6,1497157323.940972
2015-12-15 00:00:00 UTC,453.9139999999999,6958907659.574999,1555251795.3592968
2015-12-16 00:00:00 UTC,456.473,6794808883.749998,896686369.8324581
2015-12-17 00:00:00 UTC,463.816,6834975641.85,1302614351.2750237
2015-12-18 00:00:00 UTC,462.0529999999999,6946908498.6,1135226734.002981
2015-12-19 00:00:00 UTC,441.1289999999999,6922223916.849998,556941126.9945824
2015-12-20 00:00:00 UTC,437.8090000000001,6610549657.724998,1175787490.6247995
2015-12-21 00:00:00 UTC,436.2370000000001,6562505169.825002,1416880180.0048287
2015-12-22 00:00:00 UTC,442.821,6540512246.925001,1296402582.2604847
2015-12-23 00:00:00 UTC,454.907,6640942254.9,955949147.6136756
2015-12-24 00:00:00 UTC,455.7419999999999,6823821080.825,1418671442.057204
2015-12-25 00:00:00 UTC,417.092,6838203626.099998,1058738142.1988856
2015-12-26 00:00:00 UTC,423.925,6260008700.4,1725069505.9869354
2015-12-27 00:00:00 UTC,420.708,6364767557.5,1378749291.4939413
2015-12-28 00:00:00 UTC,432.1540000000001,6318056013.9,1310931884.6738522
2015-12-29 00:00:00 UTC,426.811,6491698545.650002,1176234726.8014364
2015-12-30 00:00:00 UTC,431.139,6413208734.625,1227648166.044458
2015-12-31 00:00:00 UTC,434.4269999999999,6479728151.175,1310033274.6107447
2016-01-01 00:00:00 UTC,434.3260000000001,6530621623.574999,1338781510.588827
2016-01-02 00:00:00 UTC,430.198,6530688608.250002,769869067.6019802
2016-01-03 00:00:00 UTC,433.5339999999999,6470199429.9,984185979.6461836
2016-01-04 00:00:00 UTC,432.115,6522334778.049998,1021957722.8426228
2016-01-05 00:00:00 UTC,431.3430000000001,6502628563.125,758209345.881597
2016-01-06 00:00:00 UTC,456.434,6492499350.975001,833341869.2838143
2016-01-07 00:00:00 UTC,454.6963000000001,6870164692.05,1637948558.2555692
2016-01-08 00:00:00 UTC,448.7090000000001,6847658073.555001,1501742593.9812622
2016-01-09 00:00:00 UTC,447.2069999999999,6759240198.750002,1085553694.1445763
2016-01-10 00:00:00 UTC,448.3490000000001,6738604517.399999,1361099089.9371536
2016-01-11 00:00:00 UTC,445.792,6757695467.600001,1182725805.933856
2016-01-12 00:00:00 UTC,432.1200000000001,6721027667.2,888588584.7561319
2016-01-13 00:00:00 UTC,429.2429999999999,6516499236.000002,1584488640.9822843
2016-01-14 00:00:00 UTC,365.912,6474583370.174998,1266295629.45831
2016-01-15 00:00:00 UTC,384.813,5519407460.2,1576734613.7039278
2016-01-16 00:00:00 UTC,386.3560000000001,5806905132.6,1710583688.2242782
2016-01-17 00:00:00 UTC,385.1320000000001,5830189311.200002,1476285800.5507712
2016-01-18 00:00:00 UTC,379.015,5814809590.700002,1357696058.8206067
2016-01-19 00:00:00 UTC,418.848,5723770825.5,1157108220.8545206
2016-01-20 00:00:00 UTC,407.8150000000002,6326929406.4,1674254290.1511552
2016-01-21 00:00:00 UTC,377.2100000000001,6161646248.875003,1484721462.288631
2016-01-22 00:00:00 UTC,389.6409999999999,5700897323.250002,1626853795.9614303
2016-01-23 00:00:00 UTC,403.0559999999999,5889248376.549998,755378842.1307422
2016-01-24 00:00:00 UTC,392.3260000000001,6094932220.799998,1458284443.5169122
2016-01-25 00:00:00 UTC,392.4559999999998,5934195570.050001,1332190240.7947457
2016-01-26 00:00:00 UTC,394.491,5937437389.799997,1231352757.4795897
2016-01-27 00:00:00 UTC,379.5519999999999,5968224752.175,1023661369.6216024
2016-01-28 00:00:00 UTC,378.912,5745544310.399999,1144817695.5234942
2016-01-29 00:00:00 UTC,376.921,5737400248.8,1378222858.2537942
2016-01-30 00:00:00 UTC,364.352,5709052772.55,926767404.3542868
2016-01-31 00:00:00 UTC,371.041,5520342696,795209372.712972
2016-02-01 00:00:00 UTC,372.8679999999999,5623172735.125,1028395380.8818554
2016-02-02 00:00:00 UTC,368.124,5652529732.799998,669492000.7292296
2016-02-03 00:00:00 UTC,388.3759999999999,5582278351.5,701511710.5572596
2016-02-04 00:00:00 UTC,385.7330000000001,5891023099.599998,1068491901.0833611
2016-02-05 00:00:00 UTC,374.9049999999999,5852736452.325002,1099201402.3270342
2016-02-06 00:00:00 UTC,375.5170000000002,5690251854.249998,979578026.003806
2016-02-07 00:00:00 UTC,371.1359999999999,5701239912.875003,551083226.5427567
2016-02-08 00:00:00 UTC,373.909,5636117687.999998,542257471.058673
2016-02-09 00:00:00 UTC,379.829,5679902055.4,465479007.436967
2016-02-10 00:00:00 UTC,377.058,5771368714.85,814090887.7056519
2016-02-11 00:00:00 UTC,382.72,5730998806.5,503979335.12027735
2016-02-12 00:00:00 UTC,390.4240000000001,5818750496,658159244.500266
2016-02-13 00:00:00 UTC,404.1440000000001,5937412022.400002,740171994.7251545
2016-02-14 00:00:00 UTC,399.379,6147686974.000002,1319015072.5724676
2016-02-15 00:00:00 UTC,407.0129999999998,6076721221.075,1388195099.8471158
2016-02-16 00:00:00 UTC,416.8499999999999,6194279970.374997,1111797900.4521844
2016-02-17 00:00:00 UTC,421.4220000000001,6345582494.999998,1296165324.1759655
2016-02-18 00:00:00 UTC,419.377,6417045471.750002,1445224878.5173087
2016-02-19 00:00:00 UTC,441.1199999999998,6387331882.925,601898504.2767404
2016-02-20 00:00:00 UTC,438.6499999999999,6720209555.999997,1385245439.8751278
2016-02-21 00:00:00 UTC,437.8029999999999,6684028071.249998,1506908216.5909653
2016-02-22 00:00:00 UTC,420.3020000000001,6672478907.474998,1166708341.42039
2016-02-23 00:00:00 UTC,423.1870000000001,6407178255.950002,1465084346.963302
2016-02-24 00:00:00 UTC,423.142,6452416826.400002,1457408415.8942337
2016-02-25 00:00:00 UTC,427.029,6453391534.75,1416389937.2195773
2016-02-26 00:00:00 UTC,432.1390000000001,6514156583.4,58325277.64245085
2016-02-27 00:00:00 UTC,432.7970000000001,6593663289.800001,595150632.3741599
2016-02-28 00:00:00 UTC,436.919,6605163875.275002,546124185.8661692
2016-02-29 00:00:00 UTC,431.371,6669535766.075,1847224330.8996885
2016-03-01 00:00:00 UTC,424.485,6586086153.8,2515777833.930286
2016-03-02 00:00:00 UTC,420.1709999999999,6482862265.5,2052408228.7895231
2016-03-03 00:00:00 UTC,409.408,6418406144.699999,2737847218.462073
2016-03-04 00:00:00 UTC,397.2410000000001,6255529065.6,2408874554.407219
2016-03-05 00:00:00 UTC,404.912,6071173237.350001,2766255766.64489
2016-03-06 00:00:00 UTC,413.74,6189869498.4,2521764887.178534
2016-03-07 00:00:00 UTC,411.8770000000001,6326260439.5,2361080396.000645
2016-03-08 00:00:00 UTC,412.3190000000001,6299329213.400002,1845168034.2779825
2016-03-09 00:00:00 UTC,416.2920000000001,6307800373.650002,1705210742.922722
2016-03-10 00:00:00 UTC,419.299,6370256293.500002,2166212980.4221253
2016-03-11 00:00:00 UTC,410.8010000000001,6417916283.7,2440375016.827296
2016-03-12 00:00:00 UTC,412.4949999999999,6289332499.925001,2292018374.44364
2016-03-13 00:00:00 UTC,414.585,6316587496.874998,1845648236.2910593
2016-03-14 00:00:00 UTC,415.6410000000001,6350177715.75,1803876534.2741227
2016-03-15 00:00:00 UTC,416.5440000000001,6367983805.875002,2111129338.3052552
2016-03-16 00:00:00 UTC,418.4000000000001,6383495145.600001,1895643174.07286
2016-03-17 00:00:00 UTC,408.28,6413413020.000002,1743173852.731032
2016-03-18 00:00:00 UTC,406.7389999999999,6259667304,2438769296.167774
2016-03-19 00:00:00 UTC,411.8820000000001,6237403575.849998,1764836350.22334
2016-03-20 00:00:00 UTC,411.091,6317806512.750002,1440329762.2947476
2016-03-21 00:00:00 UTC,416.36,6307102003.85,2250456009.66558
2016-03-22 00:00:00 UTC,418.076,6389481378,2041042449.9845457
2016-03-23 00:00:00 UTC,414.8829999999999,6417382984.8,1985257305.3708296
2016-03-24 00:00:00 UTC,415.743,6369854280.124998,2021330255.0508976
2016-03-25 00:00:00 UTC,416.7149999999999,6384534070.275,1933831281.7491696
2016-03-26 00:00:00 UTC,425.349,6401148697.124998,1604214632.4064963
2016-03-27 00:00:00 UTC,422.756,6535264076.775,2326287423.8189363
2016-03-28 00:00:00 UTC,415.5470000000001,6497115017.1,2155194925.8853908
2016-03-29 00:00:00 UTC,412.597,6388027423.525002,2681866388.8263345
2016-03-30 00:00:00 UTC,415.366,6344204936.175,2387281658.2325406
2016-03-31 00:00:00 UTC,416.754,6388090244.55,1432304098.828801
2016-04-01 00:00:00 UTC,419.6700000000001,6410999713.95,447338222.9775492
2016-04-02 00:00:00 UTC,418.1850000000001,6457346880.750002,633704453.9853791
2016-04-03 00:00:00 UTC,419.437,6435354873.375002,429476810.3973782
2016-04-04 00:00:00 UTC,422.651,6456959980.95,525611739.82711506
2016-04-05 00:00:00 UTC,421.6559999999999,6508054061.925,541558101.3329905
2016-04-06 00:00:00 UTC,421.076,6494387877.599999,527136257.7088257
2016-04-07 00:00:00 UTC,418.4740000000001,6486917898.7,593936633.4999853
2016-04-08 00:00:00 UTC,416.145,6448380946.350001,727873660.8959363
2016-04-09 00:00:00 UTC,421.133,6413012926.125,791269617.2927799
2016-04-10 00:00:00 UTC,422.5840000000001,6492839084.15,484836963.8386498
2016-04-11 00:00:00 UTC,426.181,6516847462.200002,710470936.9100323
2016-04-12 00:00:00 UTC,424.26900000000006,6573884543.1,1182165394.173999
2016-04-13 00:00:00 UTC,424.932,6546120648.075002,785800595.966394
2016-04-14 00:00:00 UTC,429.966,6558071165.7,616490737.7752148
2016-04-15 00:00:00 UTC,430.941,6637309897.95,841700526.6271452
2016-04-16 00:00:00 UTC,428.027,6653836775.25,743886906.6097462
2016-04-17 00:00:00 UTC,428.5059999999998,6610502491.375,528907575.42346233
2016-04-18 00:00:00 UTC,436.37,6619389285.599997,549297574.322777
2016-04-19 00:00:00 UTC,441.916,6742483781,674540887.3072404
2016-04-20 00:00:00 UTC,451.0830000000002,6830010642.2,1101674781.4135215
2016-04-21 00:00:00 UTC,447.488,6973348482.375003,1340299673.3017693
2016-04-22 00:00:00 UTC,451.818,6919439820.8,1244399315.4240894
2016-04-23 00:00:00 UTC,459.9229999999999,6987975324.3,835075482.691219
2016-04-24 00:00:00 UTC,460.4659999999999,7114859335.024999,1609960186.8384228
2016-04-25 00:00:00 UTC,467.8559999999999,7123685299.599998,1607304204.3566065
2016-04-26 00:00:00 UTC,444.789,7240796776.799998,1278134938.8701427
2016-04-27 00:00:00 UTC,449.3809999999999,6885300360.825,1344104894.4750998
2016-04-28 00:00:00 UTC,456.5660000000001,6957889602.774999,1497339511.3554573
2016-04-29 00:00:00 UTC,447.90299999999985,7070940369.350001,683291625.3521613
2016-04-30 00:00:00 UTC,452.592,6938342199.674998,577836728.8566968
2016-05-01 00:00:00 UTC,444.488,7012822521.599999,394606185.83971006
2016-05-02 00:00:00 UTC,450.3,6888908380.2,679795242.3567172
2016-05-03 00:00:00 UTC,447.119,6980741977.5,460396814.0834587
2016-05-04 00:00:00 UTC,448.9219999999999,6933273129.45,430680620.3166514
2016-05-05 00:00:00 UTC,461.6200000000001,6962982234.899999,547921245.8399001
2016-05-06 00:00:00 UTC,459.2479999999998,7161803490.000002,892002595.4498556
2016-05-07 00:00:00 UTC,459.283,7126736757.199997,418352341.33987755
2016-05-08 00:00:00 UTC,461.74700000000007,7129139992.975,640880145.1265181
2016-05-09 00:00:00 UTC,450.3259999999999,7169395601.225,892533004.1713158
2016-05-10 00:00:00 UTC,452.179,6993799201.149999,1121093826.6093578
2016-05-11 00:00:00 UTC,454.7310000000001,7024148586,672525013.6120929
2016-05-12 00:00:00 UTC,456.0070000000001,7065405649.050001,697010377.0856366
2016-05-13 00:00:00 UTC,455.5030000000001,7086941589.100001,489812072.3694577
2016-05-14 00:00:00 UTC,457.837,7080714421.975001,540603400.5013363
2016-05-15 00:00:00 UTC,454.893,7118621364.875,514727783.64522
2016-05-16 00:00:00 UTC,452.422,7074393585.075,649625052.453777
2016-05-17 00:00:00 UTC,453.3710000000001,7037627799.900001,456208618.5701116
2016-05-18 00:00:00 UTC,440.5389999999998,7054124066.025002,382814029.8745019
2016-05-19 00:00:00 UTC,441.888,6855767039.274998,626926267.8026723
2016-05-20 00:00:00 UTC,443.1469999999999,6878428608,644225134.6638312
2016-05-21 00:00:00 UTC,438.6750000000001,6899543980.474998,382669886.1311476
2016-05-22 00:00:00 UTC,443.175,6831902516.250002,369986913.3520583
2016-05-23 00:00:00 UTC,445.769,6903990658.125001,378979422.05785537
2016-05-24 00:00:00 UTC,449.0549999999999,6945849971.525,423917608.1376983
2016-05-25 00:00:00 UTC,453.732,6998825287.124998,593928754.5793718
2016-05-26 00:00:00 UTC,473.8640000000001,7073262177.9,772901620.2200116
2016-05-27 00:00:00 UTC,528.545,7388724420.000002,1609915743.8194053
2016-05-28 00:00:00 UTC,524.624,8243121751.874998,2308852891.9405656
2016-05-29 00:00:00 UTC,534.2240000000002,8182390025.2,2265760454.9711156
2016-05-30 00:00:00 UTC,531.4070000000002,8335577205.600003,1027238918.1573266
2016-05-31 00:00:00 UTC,539.1679999999999,8293336919.625002,976889071.4702432
2016-06-01 00:00:00 UTC,538.832,8416291167.199999,864207752.912364
2016-06-02 00:00:00 UTC,570.4449999999999,8413013019.599999,655601895.7428466
2016-06-03 00:00:00 UTC,573.5259999999998,8908568259.374998,947549857.3776044
2016-06-04 00:00:00 UTC,574.4756747207706,8958404429.249998,1014758653.6732844
2016-06-05 00:00:00 UTC,585.563,8975651027.512924,980649173.436705
2016-06-06 00:00:00 UTC,577.9106942699359,9151383511.05,850291006.7026013
2016-06-07 00:00:00 UTC,583.1389999999999,9033842181.758211,995595869.9524368
2016-06-08 00:00:00 UTC,577.607,9117713569.924995,625927307.6959897
2016-06-09 00:00:00 UTC,579.2276478801407,9033585757.725,570784842.2229652
2016-06-10 00:00:00 UTC,597.746561993518,9060944979.936224,574507838.2591244
2016-06-11 00:00:00 UTC,671.7122784950529,9352955399.176626,567638086.2563363
2016-06-12 00:00:00 UTC,704.2918521711082,10512767357.042526,2134843166.853439
2016-06-13 00:00:00 UTC,685.932131564762,11025583301.960873,1929369214.3262644
2016-06-14 00:00:00 UTC,693.2269999999999,10740428205.86078,1295617503.876316
2016-06-15 00:00:00 UTC,765.4629999999999,10857217289.95,1111645975.7525933
2016-06-16 00:00:00 UTC,749.4189999999999,11991494582.524998,2295279422.8526845
2016-06-17 00:00:00 UTC,756.7996012580627,11742908607.649998,2089119189.0622392
2016-06-18 00:00:00 UTC,764.0459999999999,11861509350.417933,1639977543.4823854
2016-06-19 00:00:00 UTC,734.1617358035669,11978503075.35,1440147059.442583
2016-06-20 00:00:00 UTC,664.9965293554344,11512940800.437586,1274257070.726084
2016-06-21 00:00:00 UTC,591.895,10430819686.1179,2616450204.6981983
2016-06-22 00:00:00 UTC,623.2062563646158,9286122275.999998,2116429838.3177705
2016-06-23 00:00:00 UTC,661.4166051593036,9779539536.75046,2950728708.757519
2016-06-24 00:00:00 UTC,666.0566978558096,10381264326.27785,2819565196.653483
2016-06-25 00:00:00 UTC,629.3059999999999,10456807082.239622,2165368588.879378
2016-06-26 00:00:00 UTC,648.2999999999998,9882102246.55,1973414929.567675
2016-06-27 00:00:00 UTC,646.8429999999997,10182702232.499996,1893446210.5502863
2016-06-28 00:00:00 UTC,637.437,10162291635.799995,1557753994.6406407
2016-06-29 00:00:00 UTC,671.6159999999998,10016780633.55,1478192305.741556
2016-06-30 00:00:00 UTC,677.7099999999999,10556309174.399996,1557452114.6606188
2016-07-01 00:00:00 UTC,693.0470000000001,10654888849,1520646626.315115
2016-07-02 00:00:00 UTC,664.7451003433932,10897332418.600002,1369565986.2165418
2016-07-03 00:00:00 UTC,678.7005716794641,10456041581.34137,1980745475.193143
2016-07-04 00:00:00 UTC,667.5305180233454,10678148801.861635,1647219062.906496
2016-07-05 00:00:00 UTC,675.9190000000001,10504760879.50388,1363651288.9860191
2016-07-06 00:00:00 UTC,638.6200000000001,10639167835.700005,1193299157.941928
2016-07-07 00:00:00 UTC,665.744506272113,10054273625.000002,2122556832.5577588
2016-07-08 00:00:00 UTC,653.8705124993986,10483645176.39353,1407424927.2334237
2016-07-09 00:00:00 UTC,650.3210000000003,10298813661.942278,1734638027.0220506
2016-07-10 00:00:00 UTC,649.07,10244077501.140003,1043956725.0369836
2016-07-11 00:00:00 UTC,670.9480000000001,10225531860.96,969355597.1380028
2016-07-12 00:00:00 UTC,658.1500000000001,10571303711.856,1085661832.4024758
2016-07-13 00:00:00 UTC,659.5760000000002,10370703851.400002,930971250.7396076
2016-07-14 00:00:00 UTC,665.6869915031888,10394281928.736004,907126119.1357732
2016-07-15 00:00:00 UTC,663.5010000000002,10491679653.244476,915530669.947748
2016-07-16 00:00:00 UTC,678.3905582459545,10458476976.564005,583921219.9714433
2016-07-17 00:00:00 UTC,674.7874378266207,10694420116.412523,878701509.437196
2016-07-18 00:00:00 UTC,674.5573889807015,10638777020.11729,951136967.9705702
2016-07-19 00:00:00 UTC,670.8934740599931,10636194258.165005,721148317.6858412
2016-07-20 00:00:00 UTC,665.3643845142738,10579131342.279297,718486386.0759034
2016-07-21 00:00:00 UTC,651.0899999999999,10493517598.78291,651736587.5105526
2016-07-22 00:00:00 UTC,655.4230000000001,10269410781.96,744993482.3653657
2016-07-23 00:00:00 UTC,660.848923533057,10338768243.216002,749951409.4708184
2016-07-24 00:00:00 UTC,654.5186383481073,10425364936.563225,628152931.6204653
2016-07-25 00:00:00 UTC,651.3099999999998,10326505495.914951,571897923.6678181
2016-07-26 00:00:00 UTC,655.618263277738,10276898043.719995,704328935.7242514
2016-07-27 00:00:00 UTC,655.8904301748952,10345876482.259169,701731382.8989863
2016-07-28 00:00:00 UTC,657.3423791946653,10351218168.470943,590272472.7794734
2016-07-29 00:00:00 UTC,654.5489803055398,10375300169.233871,498459288.32484585
2016-07-30 00:00:00 UTC,623.7457712533022,10332176091.135324,381261251.17962205
2016-07-31 00:00:00 UTC,605.7469999999995,9847086965.691307,1034681070.1406332
2016-08-01 00:00:00 UTC,517.1349294487607,9564059424.39599,1099193368.899972
2016-08-02 00:00:00 UTC,567.3810616156014,8165924598.986262,1868906086.666429
2016-08-03 00:00:00 UTC,576.6037067248545,8960483430.825201,2497221230.7124486
2016-08-04 00:00:00 UTC,576.0338000000002,9107192616.42881,1656264326.96429
2016-08-05 00:00:00 UTC,587.6349999999999,9099338658.9168,730357921.4557643
2016-08-06 00:00:00 UTC,592.6675,9283768001.28,781499291.615411
2016-08-07 00:00:00 UTC,590.7125,9364319558.91,1119146426.823175
2016-08-08 00:00:00 UTC,585.3024999999998,9334500359.099998,732938493.4891537
2016-08-09 00:00:00 UTC,592.266843297098,9249860835.689997,764158462.4766014
2016-08-10 00:00:00 UTC,587.6138000000002,9361030948.519566,787203551.0783362
2016-08-11 00:00:00 UTC,586.5299999999999,9288488901.621605,332761748.8841695
2016-08-12 00:00:00 UTC,584.4688683346069,9272434001.04,332148000.2223092
2016-08-13 00:00:00 UTC,570.7366999999999,9241013898.483736,528917329.60978127
2016-08-14 00:00:00 UTC,567.7342836594349,9024984099.855598,800709328.0207629
2016-08-15 00:00:00 UTC,578.2231511023564,8978508769.857576,689576137.4962289
2016-08-16 00:00:00 UTC,571.461914957742,9145336947.424574,665471810.6820532
2016-08-17 00:00:00 UTC,572.2684198487193,9039235990.703674,509828615.05795246
2016-08-18 00:00:00 UTC,573.4919906794345,9053050627.41776,448162729.6782696
2016-08-19 00:00:00 UTC,581.9462730812136,9073411771.816164,404401760.5949999
2016-08-20 00:00:00 UTC,580.5870271371734,9208301151.705597,449090940.5932441
2016-08-21 00:00:00 UTC,585.2175000000001,9187908144.199305,397848571.0551584
2016-08-22 00:00:00 UTC,582.0038,9262302916.86,391991120.28923106
2016-08-23 00:00:00 UTC,577.8880531621712,9212472965.7744,602216568.6591012
2016-08-24 00:00:00 UTC,576.1163000000001,9148400141.820934,366732500.4450583
2016-08-25 00:00:00 UTC,578.1037999999998,9121223051.838,401309290.9927601
2016-08-26 00:00:00 UTC,568.5750000000002,9153633133.989595,338221514.6073892
2016-08-27 00:00:00 UTC,573.5288,9003730818.600002,445311513.3907298
2016-08-28 00:00:00 UTC,572.5102283617088,9083223370.0416,339737295.89427423
2016-08-29 00:00:00 UTC,576.08,9068122329.394085,381390186.59404904
2016-08-30 00:00:00 UTC,571.7582826763035,9125715540.48,414583282.42362505
2016-08-31 00:00:00 UTC,571.59,9058256694.850405,335483654.44544333
2016-09-01 00:00:00 UTC,573.9624999999999,9056523459.6,356532608.2572752
2016-09-02 00:00:00 UTC,596.1950000000002,9095188851.299995,378500484.5206362
2016-09-03 00:00:00 UTC,608.6887999999999,9448393429.680002,561496914.7850986
2016-09-04 00:00:00 UTC,606.6438,9647700436.713598,884434073.8694361
2016-09-05 00:00:00 UTC,610.6837999999999,9616262727.204,618185193.0094764
2016-09-06 00:00:00 UTC,614.3264885962195,9681336387.3936,560341026.7130767
2016-09-07 00:00:00 UTC,625.4675000000001,9740198080.118105,597124132.7229276
2016-09-08 00:00:00 UTC,621.9124999999999,9917920559.610004,1600702238.5928948
2016-09-09 00:00:00 UTC,623.0588000000001,9862631720.7,850137524.7711473
2016-09-10 00:00:00 UTC,605.3154151790802,9881939361.403202,586796232.5467077
2016-09-11 00:00:00 UTC,605.8312052420321,9601743135.428335,1228662231.0267904
2016-09-12 00:00:00 UTC,606.6450000000001,9611117069.21902,973866198.6910902
2016-09-13 00:00:00 UTC,608.4250000000002,9625199430.6,699782155.2934498
2016-09-14 00:00:00 UTC,605.5838000000001,9654573079.500004,619105285.9754454
2016-09-15 00:00:00 UTC,606.5533658936915,9610607638.994402,549080254.7260385
2016-09-16 00:00:00 UTC,605.3438,9627042762.308758,546585886.1273316
2016-09-17 00:00:00 UTC,608.7950000000002,9609021664.308,531090439.7852413
2016-09-18 00:00:00 UTC,608.6176342973245,9664864143.000004,1306045902.1413145
2016-09-19 00:00:00 UTC,607.7688125632665,9663034352.091309,1272958790.4060757
2016-09-20 00:00:00 UTC,595.8402492264345,9650615110.177094,953214316.4475458
2016-09-21 00:00:00 UTC,594.9587999999999,9462412679.832169,1589139471.1342793
2016-09-22 00:00:00 UTC,601.8925,9449414102.3184,994983745.4822936
2016-09-23 00:00:00 UTC,601.2725000000003,9560527881.96,1471656057.198137
2016-09-24 00:00:00 UTC,599.3112999999997,9551877467.340004,1136053862.184831
2016-09-25 00:00:00 UTC,606.0970645363005,9522044919.525597,1074112052.8808076
2016-09-26 00:00:00 UTC,604.2074999999999,9630957511.517817,1917754354.0926063
2016-09-27 00:00:00 UTC,603.5549999999997,9602128427.579998,1448434854.0194745
2016-09-28 00:00:00 UTC,604.6375,9592874199.359997,1023325384.7386414
2016-09-29 00:00:00 UTC,608.2575,9611116960.350002,1291135796.181455
2016-09-30 00:00:00 UTC,614.0598845176643,9669703048.38,1177411408.0724049
2016-10-01 00:00:00 UTC,610.3588000000001,9763087934.558168,1673872374.027799
2016-10-02 00:00:00 UTC,611.9609026561799,9705298188.7536,1018352266.657592
2016-10-03 00:00:00 UTC,609.2425,9731860020.793758,767820466.9691538
2016-10-04 00:00:00 UTC,611.6363,9689785072.17,817050996.2892424
2016-10-05 00:00:00 UTC,610.9800000000001,9729061309.2156,915039145.8889356
2016-10-06 00:00:00 UTC,616.2188000000002,9719787549.600002,714618920.4242615
2016-10-07 00:00:00 UTC,616.5338,9804216114.139202,1104537956.2128787
2016-10-08 00:00:00 UTC,614.6238000000001,9810492980.9568,793016113.7517544
2016-10-09 00:00:00 UTC,614.3138,9781273121.407202,901840112.441068
2016-10-10 00:00:00 UTC,640.7,9777010536.4368,1274169412.982478
2016-10-11 00:00:00 UTC,635.6163,10198278180,2996984110.275397
2016-10-12 00:00:00 UTC,634.6223388041233,10118464865.982,2475619341.3676276
2016-10-13 00:00:00 UTC,638.1799999999996,10103624253.93074,2099764690.7683637
2016-10-14 00:00:00 UTC,637.2088,10161283203.119995,1671558094.2516508
2016-10-15 00:00:00 UTC,640.1862999999997,10146912931.2,1644480561.890038
2016-10-16 00:00:00 UTC,637.4825000000001,10195309967.356796,1454057375.202525
2016-10-17 00:00:00 UTC,635.465,10153229676.240002,1187159912.919513
2016-10-18 00:00:00 UTC,628.4375,10122263522.22,2024277148.457759
2016-10-19 00:00:00 UTC,628.5425,10011295942.5,1955775379.9281864
2016-10-20 00:00:00 UTC,629.7187999999995,10013934081.66,1803186001.035134
2016-10-21 00:00:00 UTC,652.0875,10033936840.324793,1283400177.493909
2016-10-22 00:00:00 UTC,649.6263000000002,10391486423.849998,3522949282.8122096
2016-10-23 00:00:00 UTC,648.7663,10353442542.796804,3643525162.781228
2016-10-24 00:00:00 UTC,652.6338,10340849544.8076,3212766801.21308
2016-10-25 00:00:00 UTC,673.4175000000001,10403520542.2512,2499429907.052547
2016-10-26 00:00:00 UTC,683.3724999999998,10735427840.760002,4850797702.725285
2016-10-27 00:00:00 UTC,687.5587999999999,10896021892.289995,5041475157.287174
2016-10-28 00:00:00 UTC,715.4103243232163,10963463344.929598,5069538565.893592
2016-10-29 00:00:00 UTC,697.2773624560577,11409389607.07833,6838400543.297884
2016-10-30 00:00:00 UTC,698.5762999999998,11121149986.537748,5824289996.154985
2016-10-31 00:00:00 UTC,729.2049999999999,11143032475.877998,6861251336.346381
2016-11-01 00:00:00 UTC,734.1638,11633474056.2,5882440878.971315
2016-11-02 00:00:00 UTC,686.0612999999995,11713747881.6912,4549460043.379515
2016-11-03 00:00:00 UTC,702.11,10947521327.777992,10469111039.375326
2016-11-04 00:00:00 UTC,704.0224999999997,11204614009.68,5929334120.52332
2016-11-05 00:00:00 UTC,712.1263000000001,11236368065.399996,2146200087.784668
2016-11-06 00:00:00 UTC,706.0925,11367022667.714403,2676516223.714126
2016-11-07 00:00:00 UTC,708.9399999999999,11271922275.87,3299753094.289381
2016-11-08 00:00:00 UTC,721.1774999999999,11318680821.599998,3071821253.356335
2016-11-09 00:00:00 UTC,713.2141433353438,11515479618.419998,4364284007.6703005
2016-11-10 00:00:00 UTC,715.6425000000002,11389753141.977827,3237455965.9222164
2016-11-11 00:00:00 UTC,703.76,11429941440.150002,3576474207.6949515
2016-11-12 00:00:00 UTC,702.3463169808624,11241603256.32,6291883753.808641
2016-11-13 00:00:00 UTC,705.55,11220193117.664371,3720281492.578269
2016-11-14 00:00:00 UTC,712.158899800779,11279469101.249998,5335752435.403928
2016-11-15 00:00:00 UTC,740.8993548679168,11386521351.124006,7530105088.629448
2016-11-16 00:00:00 UTC,738.4799999999999,11847684538.725117,9936150861.137636
2016-11-17 00:00:00 UTC,748.4263,11810455253.999998,5475859342.7567425
2016-11-18 00:00:00 UTC,750.4100480749124,11970910272.5825,3987706064.67461
2016-11-19 00:00:00 UTC,728.3713,12003962099.202116,3235133019.0516033
2016-11-20 00:00:00 UTC,736.5049999999998,11652611522.3775,5039283039.972013
2016-11-21 00:00:00 UTC,748.1225,11783996774.934998,3192815797.461711
2016-11-22 00:00:00 UTC,741.1662465178737,11971109864.2825,3267220913.651425
2016-11-23 00:00:00 UTC,736.7486937230678,11861151745.206772,3775381682.6307497
2016-11-24 00:00:00 UTC,738.2039432073005,11791975961.232533,3798900330.481789
2016-11-25 00:00:00 UTC,732.7338000000001,11816670435.200802,2481664641.7581058
2016-11-26 00:00:00 UTC,727.7574999999999,11730463632.615002,2391921659.307202
2016-11-27 00:00:00 UTC,731.8424613583487,11652161720.374998,2688074106.338304
2016-11-28 00:00:00 UTC,731.81,11719038707.963842,2451726073.738056
2016-11-29 00:00:00 UTC,742.3587999999997,11719891045.97,1904325475.8200665
2016-11-30 00:00:00 UTC,753.0550000000001,11890119632.989996,4489070914.743196
2016-12-01 00:00:00 UTC,771.1713,12062849170.250002,5522487160.404118
2016-12-02 00:00:00 UTC,764.8338233239153,12354385552.1631,4613958357.972869
2016-12-03 00:00:00 UTC,766.3687999999997,12254501749.676563,2869024714.2296567
2016-12-04 00:00:00 UTC,752.2399999999997,12280532758.265596,3517012111.83186
2016-12-05 00:00:00 UTC,758.6924999999999,12055567493.999994,3552862904.938212
2016-12-06 00:00:00 UTC,763.9149999999998,12160418226.562498,3256985152.1415324
2016-12-07 00:00:00 UTC,768.6749999999998,12245767526.624998,2603948961.3748693
2016-12-08 00:00:00 UTC,769.8412999999998,12323570551.874998,2683311953.2487645
2016-12-09 00:00:00 UTC,773.1262933845235,12343519928.004995,3111825855.1299825
2016-12-10 00:00:00 UTC,768.2324999999998,12397466677.567526,6551233315.762556
2016-12-11 00:00:00 UTC,778.4323012225746,12320826024.727495,5508375144.4026575
2016-12-12 00:00:00 UTC,778.2150000000004,12485927227.144997,6313690793.836448
2016-12-13 00:00:00 UTC,775.8913000000002,12484153823.955006,2821130580.1213617
2016-12-14 00:00:00 UTC,775.5724999999998,12444714533.525003,1558761070.8253195
2016-12-15 00:00:00 UTC,781.3375000000001,12444351602.187496,1345904094.1102345
2016-12-16 00:00:00 UTC,788.8774999999998,12538210372.3,1764681181.2608929
2016-12-17 00:00:00 UTC,788.4413000000003,12660596387.812498,1759607152.1914372
2016-12-18 00:00:00 UTC,790.1162999999996,12654965391.075603,1469513205.1864016
2016-12-19 00:00:00 UTC,799.7212999999999,12683371140.053097,1102832366.9469736
2016-12-20 00:00:00 UTC,826.6207679031857,12838925680.525,1894271979.553395
2016-12-21 00:00:00 UTC,859.3662999999999,13272429704.645523,6050784065.735313
2016-12-22 00:00:00 UTC,917.0988,13799864746.8981,7952522425.204329
2016-12-23 00:00:00 UTC,891.6813,14728698437.88,5647399305.622811
2016-12-24 00:00:00 UTC,894.3371331688621,14322006704.34,4642138992.135109
2016-12-25 00:00:00 UTC,902.6063,14366519915.082954,4022250326.3525143
2016-12-26 00:00:00 UTC,929.115,14501002033.91,4809313197.626971
2016-12-27 00:00:00 UTC,977.14,14928671401.875002,4597863955.069579
2016-12-28 00:00:00 UTC,971.7212999999998,15702309526.679998,4906008701.836555
2016-12-29 00:00:00 UTC,960.925,15617018872.949997,3796961161.0862846
2016-12-30 00:00:00 UTC,966.5689708732556,15445427987.500002,4380999912.176424
2016-12-31 00:00:00 UTC,998.05,15537921940.53077,3381572989.475814
2017-01-01 00:00:00 UTC,1019.1988,16045986192.85,3470830329.607551
2017-01-02 00:00:00 UTC,1035.5313,16387926824.930002,4444828109.160988
2017-01-03 00:00:00 UTC,1130.8495163207272,16652715382.972502,4399421326.952804
2017-01-04 00:00:00 UTC,990.6674999999996,18187664239.845806,8705359110.270647
2017-01-05 00:00:00 UTC,894.0325,15934886737.499996,12102750396.564293
2017-01-06 00:00:00 UTC,900.0787999999999,14382278476.6875,10713248031.59434
2017-01-07 00:00:00 UTC,908.0850000000004,14481153594.445597,7496626398.452948
2017-01-08 00:00:00 UTC,901.8788880390636,14611836820.125006,4735054808.286752
2017-01-09 00:00:00 UTC,905.759462698434,14513519375.287489,4072687734.819042
2017-01-10 00:00:00 UTC,784.2775000000003,14577733897.52693,3216810928.8509765
2017-01-11 00:00:00 UTC,799.4275,12624083564.875004,5258603516.371743
2017-01-12 00:00:00 UTC,824.4988000000003,12869633173.255,3344901197.95181
2017-01-13 00:00:00 UTC,817.8250000000003,13274790985.975603,1860269657.1335683
2017-01-14 00:00:00 UTC,821.9124999999998,13169067953.750004,1204479772.0607476
2017-01-15 00:00:00 UTC,828.3099999999998,13236623006.074997,923896735.4232056
2017-01-16 00:00:00 UTC,904.1525000000004,13341392032.219995,831361487.5460993
2017-01-17 00:00:00 UTC,873.9349999999996,14564800038.017504,1316827456.7886617
2017-01-18 00:00:00 UTC,896.89,14079682756.124992,1147970282.1944575
2017-01-19 00:00:00 UTC,891.4588,14451431614.25,875858520.4030075
2017-01-20 00:00:00 UTC,919.6775000000004,14366002978.3256,613796288.0985693
2017-01-21 00:00:00 UTC,918.7788120146554,14822821174.630005,683491208.3440663
2017-01-22 00:00:00 UTC,918.9075,14810403902.437784,830201798.1765068
2017-01-23 00:00:00 UTC,885.7887999999999,14814052397.812502,467022882.8612433
2017-01-24 00:00:00 UTC,893.4737999999999,14281760609.6256,378666162.5916256
2017-01-25 00:00:00 UTC,915.36,14407365094.065598,381951425.9179588
2017-01-26 00:00:00 UTC,918.2875,14762033603.999998,58349366.78102703
2017-01-27 00:00:00 UTC,920.245,14811184892.8875,49029317.21219829
2017-01-28 00:00:00 UTC,914.1424999999998,14844529150.19,21882209.48833088
2017-01-29 00:00:00 UTC,920.991145882262,14747986190.022495,20288320.821250055
2017-01-30 00:00:00 UTC,968.2663,14860100039.695711,30166025.39613328
2017-01-31 00:00:00 UTC,986.5728903454352,15624634422.4056,101775253.2428098
2017-02-01 00:00:00 UTC,1008.4033182231416,15922459702.093218,92784081.5523147
2017-02-02 00:00:00 UTC,1015.4425,16276789219.937464,93269627.17186482
2017-02-03 00:00:00 UTC,1033.63,16392262891.437502,138411478.18957058
2017-02-04 00:00:00 UTC,1016.9261585954308,16687723783.25,99014097.1355952
2017-02-05 00:00:00 UTC,1024.5110886063285,16420090077.568644,75284571.16114573
2017-02-06 00:00:00 UTC,1051.5000000000005,16544150319.051847,73413586.50003262
2017-02-07 00:00:00 UTC,1055.3013,16981015237.500008,89525304.92230712
2017-02-08 00:00:00 UTC,981.705,17045265643.7481,164316931.3624948
2017-02-09 00:00:00 UTC,992.1113,15858560740.5,333977588.2356619
2017-02-10 00:00:00 UTC,1010.9462999999998,16028562068.1356,155061226.92505568
2017-02-11 00:00:00 UTC,1000.5237691031116,16334579162.865597,61189139.07653336
2017-02-12 00:00:00 UTC,996.1039358698114,16167938833.727505,36448049.44931276
2017-02-13 00:00:00 UTC,1010.1021618594352,16098583564.75675,75754126.52273774
2017-02-14 00:00:00 UTC,1008.8813,16326912555.985212,79285701.69931836
2017-02-15 00:00:00 UTC,1034.9038000000005,16308969767.02,38397960.040879354
2017-02-16 00:00:00 UTC,1056.5580910529798,16731535006.800604,66797083.39238934
2017-02-17 00:00:00 UTC,1058.5809306486606,17083619843.997011,93994063.10950576
2017-02-18 00:00:00 UTC,1053.5024999999998,17118312229.51949,55001149.2103404
2017-02-19 00:00:00 UTC,1082.0168234958396,17037979881.749996,37478366.695671685
2017-02-20 00:00:00 UTC,1125.4088148356532,17500458951.95995,55971656.67700667
2017-02-21 00:00:00 UTC,1123.3049999999998,18202277765.49074,157173668.2490902
2017-02-22 00:00:00 UTC,1185.654784688768,18168250822.125,99272532.79966933
2017-02-23 00:00:00 UTC,1180.871,19176691563.44728,132273779.09306018
2017-02-24 00:00:00 UTC,1149.4036781698385,19108706913.124996,303444815.37207663
2017-02-25 00:00:00 UTC,1180.6730000000002,18601876715.06894,118187068.14571138
2017-02-26 00:00:00 UTC,1193.129515036958,19110682514.326004,89353606.5435028
2017-02-27 00:00:00 UTC,1190.3309999999997,19314424735.21033,87503104.90059088
2017-02-28 00:00:00 UTC,1227.4771489660905,19271383899.146996,139855221.83568653
2017-03-01 00:00:00 UTC,1262.081,19875003126.771694,105587214.84284867
2017-03-02 00:00:00 UTC,1289.5406116191473,20437807786.697,174318244.9248126
2017-03-03 00:00:00 UTC,1268.8145320151446,20884867165.511112,152484577.44121936
2017-03-04 00:00:00 UTC,1276.2330000000002,20551257963.730083,121628867.96214923
2017-03-05 00:00:00 UTC,1280.9859999999996,20673857896.125004,62090177.87740499
2017-03-06 00:00:00 UTC,1233.0565084079958,20753062038.099995,65232264.87056507
2017-03-07 00:00:00 UTC,1149.6310000000003,19978921138.285755,213974224.53913003
2017-03-08 00:00:00 UTC,1191.2367224851023,18629281761.825005,248575333.3901731
2017-03-09 00:00:00 UTC,1100.0105899712148,19305673114.12323,149501332.4258168
2017-03-10 00:00:00 UTC,1181.2041227520244,17829356645.959938,417086882.86842495
2017-03-11 00:00:00 UTC,1230.56,19147525540.5318,169071412.54824838
2017-03-12 00:00:00 UTC,1243.2649223901926,19950023304,104613431.4350169
2017-03-13 00:00:00 UTC,1246.5567394807624,20158188044.32141,131403644.08735795
2017-03-14 00:00:00 UTC,1258.457,20214039431.746098,86807305.13232267
2017-03-15 00:00:00 UTC,1217.3145410078776,20409261728.958996,72763975.2935764
2017-03-16 00:00:00 UTC,1074.0938695062457,19743578282.65421,137592935.4142275
2017-03-17 00:00:00 UTC,961.962,17423426593.321995,283988947.7236811
2017-03-18 00:00:00 UTC,1023.4901008756748,15606390507.000002,342885274.9538922
2017-03-19 00:00:00 UTC,1036.3320123738729,16606689806.263306,177388243.2413791
2017-03-20 00:00:00 UTC,1112.701532272989,16816818647.793924,101975751.4316815
2017-03-21 00:00:00 UTC,1039.8401726478428,18058074337.21503,150015664.59348586
2017-03-22 00:00:00 UTC,1029.1394137431018,16877645842.247135,188848065.441006
2017-03-23 00:00:00 UTC,940.0206265591036,16705852353.567331,82048831.9755843
2017-03-24 00:00:00 UTC,965.2650626610692,15261293153.465893,161801850.34465718
2017-03-25 00:00:00 UTC,954.4766599717784,15672767506.162111,190451071.3339399
2017-03-26 00:00:00 UTC,1042.6050726198062,15499531724.033216,130490540.3796116
2017-03-27 00:00:00 UTC,1044.7219999999998,16932388062.889202,138288339.0282277
2017-03-28 00:00:00 UTC,1038.617197616254,16968792612.799994,127643560.28946394
2017-03-29 00:00:00 UTC,1031.4929056461594,16871375654.368252,121169066.49229117
2017-03-30 00:00:00 UTC,1078.274711090609,16757840043.708635,102438849.919161
2017-03-31 00:00:00 UTC,1085.2529999999997,17519577833.28675,133287124.42714268
2017-04-01 00:00:00 UTC,1098.0679999999998,17634831646.535995,87750426.90171514
2017-04-02 00:00:00 UTC,1139.3082754455547,21833808421.11998,80231506.35067685
2017-04-03 00:00:00 UTC,1140.4975903801685,18517903140.18806,131765236.03753588
2017-04-04 00:00:00 UTC,1132.339904992776,18539058629.558556,108222974.26702544
2017-04-05 00:00:00 UTC,1194.2109999999996,18408732920.44381,87439620.02168314
2017-04-06 00:00:00 UTC,1189.775123703212,19416796070.09999,128309277.22353126
2017-04-07 00:00:00 UTC,1182.271,19347052264.0503,90840184.05054908
2017-04-08 00:00:00 UTC,1187.6989999999998,19227110119.602,43899666.20643768
2017-04-09 00:00:00 UTC,1210.515,19316186631.362995,41151425.52338414
2017-04-10 00:00:00 UTC,1226.618,19691023824.75,76050218.05983433
2017-04-11 00:00:00 UTC,1218.299,19955556306.916,78899688.76011947
2017-04-12 00:00:00 UTC,1174.209,19822303422.025,83573376.82029216
2017-04-13 00:00:00 UTC,1183.687,19106860359.408,131395672.09469403
2017-04-14 00:00:00 UTC,1180.323,19263144684.95,92892227.90249668
2017-04-15 00:00:00 UTC,1186.31,19210567706.901,53325277.000297464
2017-04-16 00:00:00 UTC,1205.143,19310204918.47,36294382.376176596
2017-04-17 00:00:00 UTC,1217.58,19618884439.9,83379623.41478413
2017-04-18 00:00:00 UTC,1225.721,19823480859,85025813.90001634
2017-04-19 00:00:00 UTC,1253.904,19958292470.9,71343829.93791687
2017-04-20 00:00:00 UTC,1254.9875,20419371472.848,112476255.64770472
2017-04-21 00:00:00 UTC,1249.67,20439557226.725,91517340.71934254
2017-04-22 00:00:00 UTC,1247.8388,20355249795,84061246.82405868
2017-04-23 00:00:00 UTC,1249.9563,20327793187.52,84420564.20787704
2017-04-24 00:00:00 UTC,1263.045,20364256790.6925,70514448.2984891
2017-04-25 00:00:00 UTC,1287.32,20579834197.125,93017240.8955012
2017-04-26 00:00:00 UTC,1331.3125,20977699422.84,121914930.77675968
2017-04-27 00:00:00 UTC,1321.205,21697132034.375,134993633.3799261
2017-04-28 00:00:00 UTC,1327.6863,21534600390.46,161417797.38181546
2017-04-29 00:00:00 UTC,1349.8863,21643161383.0556,86320647.340096
2017-04-30 00:00:00 UTC,1408.445,22007601314.79,86247238.96408871
2017-05-01 00:00:00 UTC,1442.245,22964730936.125,217759983.7243955
2017-05-02 00:00:00 UTC,1485.8175,23518941607.875,189160669.69719717
2017-05-03 00:00:00 UTC,1499.36,24231937589.4375,206154588.92349657
2017-05-04 00:00:00 UTC,1506.0438,24455911024,335017412.62340426
2017-05-05 00:00:00 UTC,1547.815,24567395211.1206,324314592.9971558
2017-05-06 00:00:00 UTC,1557.8838,25252078563.53,135507234.10379437
2017-05-07 00:00:00 UTC,1633.38,25419561546.555,149859388.43444195
2017-05-08 00:00:00 UTC,1700.1775,26655087385.5,276144904.85303676
2017-05-09 00:00:00 UTC,1747.3175,27748404857.4425,383922543.2526552
2017-05-10 00:00:00 UTC,1808.7788,28521047690.935,288565639.4229343
2017-05-11 00:00:00 UTC,1700.7725,29527250348.0656,313353159.7330766
2017-05-12 00:00:00 UTC,1751.73,27767470033.9575,248020430.1818661
2017-05-13 00:00:00 UTC,1767.7088,28602793979.76,246696636.62711567
2017-05-14 00:00:00 UTC,1696.13,28867391787.52,124978733.01274386
2017-05-15 00:00:00 UTC,1716.315,27702000821.75,231039670.3102772
2017-05-16 00:00:00 UTC,1804.4513,28034610160.905,218205145.6587208
2017-05-17 00:00:00 UTC,1889.4088,29477763646.6281,271656160.3631455
2017-05-18 00:00:00 UTC,1972.9013,30868475119.0056,230137778.816666
2017-05-19 00:00:00 UTC,2043.42,32237082949.2181,279848678.0797178
2017-05-20 00:00:00 UTC,2053.8788,33393518554.5,274198303.3238714
2017-05-21 00:00:00 UTC,2109.3963,33568054937.0756,264478153.79685724
2017-05-22 00:00:00 UTC,2292.7025,34479453631.095,580030832.7898638
2017-05-23 00:00:00 UTC,2448.1313,37479380943.125,389402023.7389176
2017-05-24 00:00:00 UTC,2366.9725,40025140034.1006,555024432.8249408
2017-05-25 00:00:00 UTC,2262.36,38704024228.25,889791512.2689184
2017-05-26 00:00:00 UTC,2082.845,36997900173,716011543.9589934
2017-05-27 00:00:00 UTC,2219.4875,34066387966.5,683119789.1268574
2017-05-28 00:00:00 UTC,2286.2663,36305932627.5,401864331.3271442
2017-05-29 00:00:00 UTC,2167.6438,37402630788.11,312368211.91593516
2017-05-30 00:00:00 UTC,2329.0775,35466825282.315,335746190.66623986
2017-05-31 00:00:00 UTC,2436.0363,38113024210,416350458.7178713
2017-06-01 00:00:00 UTC,2514.2275,39868442921.8656,438586633.5187092
2017-06-02 00:00:00 UTC,2562.54,41152717323.6675,292795886.85332465
2017-06-03 00:00:00 UTC,2556.405,41949676689,304803966.17644024
2017-06-04 00:00:00 UTC,2721.5525,41854068527.985,254469613.91820475
2017-06-05 00:00:00 UTC,2903.4438,44563721217.1875,334411829.5166427
2017-06-06 00:00:00 UTC,2716.0588,47547556371.0756,1211604496.354524
2017-06-07 00:00:00 UTC,2824.2038,44484425844.04,717931660.7865304
2017-06-08 00:00:00 UTC,2817.0638,46261410000.6806,580940070.4176636
2017-06-09 00:00:00 UTC,2937.4538,46149913864.145,393210044.6730309
2017-06-10 00:00:00 UTC,3013.7138,48127389931.89,354694237.39057237
2017-06-11 00:00:00 UTC,2701.255,49382412955.42,350197483.3404642
2017-06-12 00:00:00 UTC,2736.1888,44267424094.875,792436484.821471
2017-06-13 00:00:00 UTC,2503.40127294964,44844697932.88,410084483.665015
2017-06-14 00:00:00 UTC,2444.49371230854,41033780985.98741,565476421.7798644
2017-06-15 00:00:00 UTC,2513.81034764638,40072859209.16968,845674827.7127961
2017-06-16 00:00:00 UTC,2683.5713440378,41213920649.6624,404682134.6180688
2017-06-17 00:00:00 UTC,2577.21936114026,44001982613.919,386716359.4470909
2017-06-18 00:00:00 UTC,2620.13645139993,42262755911.74297,320439362.70244586
2017-06-19 00:00:00 UTC,2777.79265567999,42971547871.184555,307738404.7993459
2017-06-20 00:00:00 UTC,2717.00310788798,45561980141.81072,461719561.5390207
2017-06-21 00:00:00 UTC,2724.91221331707,44569583131.63903,447106675.7720245
2017-06-22 00:00:00 UTC,2737.74623109829,44703988751.351746,273815444.4663382
2017-06-23 00:00:00 UTC,2618.41673570888,44920255723.30297,187781433.42478496
2017-06-24 00:00:00 UTC,2606.8632352265,42966679003.94212,314564252.5547436
2017-06-25 00:00:00 UTC,2488.19416337737,42781394178.82268,320081172.027822
2017-06-26 00:00:00 UTC,2531.34899878484,40837922140.40968,540038332.4734977
2017-06-27 00:00:00 UTC,2575.43777025493,41550828140.55376,518735269.2034187
2017-06-28 00:00:00 UTC,2561.68143454198,42279511902.81053,351206317.75963986
2017-06-29 00:00:00 UTC,2490.75348798041,42057301540.09505,239853090.84820977
2017-06-30 00:00:00 UTC,2439.82055973389,40897674121.940735,210111037.78145665
2017-07-01 00:00:00 UTC,2518.54569431263,40066457532.22669,207555417.49021047
2017-07-02 00:00:00 UTC,2576.7146569746,41365191378.720184,226784228.5962842
2017-07-03 00:00:00 UTC,2610.99757474179,42326047726.1706,304599469.9256256
2017-07-04 00:00:00 UTC,2607.21930206989,42894251457.13055,274900590.57347757
2017-07-05 00:00:00 UTC,2612.67042830497,42836970322.05267,238310795.50144583
2017-07-06 00:00:00 UTC,2509.21820981689,42931269844.38585,175365965.04167378
2017-07-07 00:00:00 UTC,2563.19551359687,41236052946.94405,260711000.65693903
2017-07-08 00:00:00 UTC,2519.21739188349,42128232902.263275,178182801.69270346
2017-07-09 00:00:00 UTC,2363.51568155487,41409824820.38926,117876420.56676134
2017-07-10 00:00:00 UTC,2353.91066125207,38856285254.84228,387541497.1273901
2017-07-11 00:00:00 UTC,2387.32891171674,38703498121.36672,420715282.36799073
2017-07-12 00:00:00 UTC,2364.32126576467,39258160520.55891,314834432.76192206
2017-07-13 00:00:00 UTC,2228.72879099011,38884514157.240425,233041527.6837674
2017-07-14 00:00:00 UTC,2033.29108803266,36658380771.82992,320113442.0299653
2017-07-15 00:00:00 UTC,1927.09906562122,33447052810.303905,463942211.44058734
2017-07-16 00:00:00 UTC,2181.28608069932,31704152052.833904,480771847.6159585
2017-07-17 00:00:00 UTC,2303.88935545646,35890008657.39433,495170862.90144104
2017-07-18 00:00:00 UTC,2274.62136530529,37911881677.64932,729320057.5415988
2017-07-19 00:00:00 UTC,2766.82511908244,37434637985.045944,577643323.797571
2017-07-20 00:00:00 UTC,2658.07491237597,45540558047.53742,1277986817.595834
2017-07-21 00:00:00 UTC,2802.34788667742,43755767266.33141,856653849.5198456
2017-07-22 00:00:00 UTC,2731.60400741206,46136314314.91937,631346052.4370111
2017-07-23 00:00:00 UTC,2751.3470702262,44977531723.6921,532874222.83885914
2017-07-24 00:00:00 UTC,2563.74789523364,45308735082.91261,356970178.1391705
2017-07-25 00:00:00 UTC,2507.38968460757,42223997194.01208,793382308.0821117
2017-07-26 00:00:00 UTC,2649.44120113807,41300436593.94769,583046427.0953552
2017-07-27 00:00:00 UTC,2798.82931330334,43645402712.15232,438390969.56700265
2017-07-28 00:00:00 UTC,2720.10226250836,46111586171.418274,1248796319.028303
2017-07-29 00:00:00 UTC,2740.32359181287,44819837646.14303,862355190.6244134
2017-07-30 00:00:00 UTC,2871.3680152452,45158066501.84347,373175816.24998474
2017-07-31 00:00:00 UTC,2737.76379241919,47322548226.26965,438125892.5058857
2017-08-01 00:00:00 UTC,2697.8509023017,45126045890.85253,745400937.0961412
2017-08-02 00:00:00 UTC,2777.36799394604,44473195322.90027,412594211.0343428
2017-08-03 00:00:00 UTC,2845.89716230278,45788833023.80792,339104668.1906748
2017-08-04 00:00:00 UTC,3237.07069450803,46925073392.63279,368080367.5107562
2017-08-05 00:00:00 UTC,3189.7324534615,53382167034.14344,1066264901.957386
2017-08-06 00:00:00 UTC,3356.70973808691,52607099482.05991,489419318.3026005
2017-08-07 00:00:00 UTC,3410.45008044914,55367416610.36144,695546889.0949574
2017-08-08 00:00:00 UTC,3330.89782529283,56260701200.034225,803019985.1887337
2017-08-09 00:00:00 UTC,3367.90538708821,54954274834.24823,638922625.0771153
2017-08-10 00:00:00 UTC,3562.58766284089,55570438886.95547,424604065.3291264
2017-08-11 00:00:00 UTC,3800.14062506336,58788973716.33661,641330314.4333423
2017-08-12 00:00:00 UTC,4023.25452207874,62715286393.358154,988460078.2087516
2017-08-13 00:00:00 UTC,4175.69529134641,66405071142.320496,1549520790.332874
2017-08-14 00:00:00 UTC,4149.30875941234,68927834713.06955,1089626076.898878
2017-08-15 00:00:00 UTC,4262.5587912331,68500212180.10542,1908427436.1044512
2017-08-16 00:00:00 UTC,4286.91743450516,70376601817.48047,1755705435.2806149
2017-08-17 00:00:00 UTC,4097.68580247375,70778773053.66321,1774245121.0315044
2017-08-18 00:00:00 UTC,4115.21198836208,67671539511.38793,1515069151.8626456
2017-08-19 00:00:00 UTC,4001.22863247285,67968693045.18288,1710080500.024876
2017-08-20 00:00:00 UTC,3935.22993283277,66092742688.79337,551798951.9672189
2017-08-21 00:00:00 UTC,4008.41668521521,65008176478.93846,712634899.3959899
2017-08-22 00:00:00 UTC,4069.0802390251,66221496790.766624,1402352816.7446954
2017-08-23 00:00:00 UTC,4167.28917680219,67231683430.31014,801748251.0347502
2017-08-24 00:00:00 UTC,4199.89203158457,68859869628.5617,686855777.303872
2017-08-25 00:00:00 UTC,4123.51337132546,69403950803.04054,689332055.0584042
2017-08-26 00:00:00 UTC,4116.46873916326,68147140643.37593,401970264.1835565
2017-08-27 00:00:00 UTC,4216.24277330547,68038485482.57394,348607397.3713809
2017-08-28 00:00:00 UTC,4394.06343624723,69694649043.72203,652038444.4811547
2017-08-29 00:00:00 UTC,4553.80652713686,72641940495.6991,864725915.097578
2017-08-30 00:00:00 UTC,4702.93816308458,75292523274.51767,674336659.4873832
2017-08-31 00:00:00 UTC,4863.19304868405,77767841900.02457,675647444.6830037
2017-09-01 00:00:00 UTC,4556.5977768913,80428274476.4107,909131411.605347
2017-09-02 00:00:00 UTC,4632.46233076675,75367266379.22632,1475097323.458513
2017-09-03 00:00:00 UTC,4317.18518771612,76631058145.99944,1007165501.0854648
2017-09-04 00:00:00 UTC,4447.87559221093,71425022760.39119,1554585273.636073
2017-09-05 00:00:00 UTC,4592.25027789782,73598219046.08562,1626968192.530412
2017-09-06 00:00:00 UTC,4584.82027519271,75996461011.38934,1060025861.6307496
2017-09-07 00:00:00 UTC,4285.20793872097,75883474995.22142,669892692.7226958
2017-09-08 00:00:00 UTC,4245.60734112386,70933796921.03749,1477975497.7897267
2017-09-09 00:00:00 UTC,4132.6646422833,70287354161.79593,787822375.6637348
2017-09-10 00:00:00 UTC,4164.97621199409,68424784707.49242,997139675.398169
2017-09-11 00:00:00 UTC,4130.95628475182,68968724069.36708,771493043.3837389
2017-09-12 00:00:00 UTC,3883.65200134942,68415142331.638626,1062536773.8295212
2017-09-13 00:00:00 UTC,3100.66815470405,64328714659.05176,1545425745.1412098
2017-09-14 00:00:00 UTC,3587.9431219159,51366093442.36449,1950938472.0145135
2017-09-15 00:00:00 UTC,3606.27519721432,59446207725.41725,3308099534.339308
2017-09-16 00:00:00 UTC,3553.43231625865,59757602841.68003,1399781741.4877734
2017-09-17 00:00:00 UTC,4012.28582499344,58889832717.23171,846880197.8947364
2017-09-18 00:00:00 UTC,3898.93473248234,66500676482.32742,1282809663.1080554
2017-09-19 00:00:00 UTC,3858.02095060051,64629619385.94208,942656241.4373353
2017-09-20 00:00:00 UTC,3628.05858753461,63957210363.29384,676074373.1781092
2017-09-21 00:00:00 UTC,3622.1830393146,60152757874.00039,913652257.307351
2017-09-22 00:00:00 UTC,3763.41140627887,60061814860.04741,767837732.7568976
2017-09-23 00:00:00 UTC,3672.30507973319,62411285738.3069,578068211.7796992
2017-09-24 00:00:00 UTC,3866.70515274174,60907151775.202774,429544014.3865627
2017-09-25 00:00:00 UTC,3852.93520487706,64137374771.87553,800311260.7601415
2017-09-26 00:00:00 UTC,4134.21241496119,63915425115.126785,544391497.5833492
2017-09-27 00:00:00 UTC,4134.88495085993,68589320812.824844,936452128.5755136
2017-09-28 00:00:00 UTC,4130.41524600294,68609525756.87619,852500405.3533716
2017-09-29 00:00:00 UTC,4297.79117003372,68544241007.41879,829225349.3886597
2017-09-30 00:00:00 UTC,4347.57873545332,71329258156.47789,720251082.9981893
2017-10-01 00:00:00 UTC,4383.32549736353,72162524814.14323,682387248.0888995
2017-10-02 00:00:00 UTC,4319.06921246641,72763860755.0592,738468958.9611623
2017-10-03 00:00:00 UTC,4231.46418703684,71707074498.61319,760685985.6944162
2017-10-04 00:00:00 UTC,4290.38040438142,70259971867.79242,573368922.9375935
2017-10-05 00:00:00 UTC,4347.54723950876,71244448102.50621,713160614.1358172
2017-10-06 00:00:00 UTC,4405.0162007055,72202651600.90865,623863525.065278
2017-10-07 00:00:00 UTC,4562.32193109848,73165830198.24252,468192424.3612093
2017-10-08 00:00:00 UTC,4758.72164979337,75788890435.07802,771225396.3362144
2017-10-09 00:00:00 UTC,4769.47734676417,79061044585.54332,1128809802.8032467
2017-10-10 00:00:00 UTC,4807.92589489803,79249573590.62794,1134289150.2871664
2017-10-11 00:00:00 UTC,5331.61930195449,79896727838.75774,836737765.8088199
2017-10-12 00:00:00 UTC,5610.49316222874,88609513441.24539,2084912155.2398603
2017-10-13 00:00:00 UTC,5679.21622165638,93253757323.27052,3174154333.22038
2017-10-14 00:00:00 UTC,5684.04710411913,94406037193.81062,2311782991.9538355
2017-10-15 00:00:00 UTC,5728.93275055115,94500193338.09784,1665374310.9042103
2017-10-16 00:00:00 UTC,5643.85907705172,95258545426.38309,1060235879.6212636
2017-10-17 00:00:00 UTC,5592.78222421231,93855824390.12392,1106795866.7539878
2017-10-18 00:00:00 UTC,5696.38014134367,93017336298.87628,2100240729.712624
2017-10-19 00:00:00 UTC,5952.7713587923,94752516351.64404,1229468606.297799
2017-10-20 00:00:00 UTC,6043.96673129542,99030673396.69296,1843078157.467656
2017-10-21 00:00:00 UTC,6003.4640189335,100559216276.95663,1763987336.866072
2017-10-22 00:00:00 UTC,5959.98304059248,99899292227.65865,1799855389.6500697
2017-10-23 00:00:00 UTC,5550.08158528565,99188570754.3323,2039339670.519878
2017-10-24 00:00:00 UTC,5704.87480650775,92378194194.24738,2240037527.3631616
2017-10-25 00:00:00 UTC,5883.05318447111,94967978387.47089,1621897626.2100537
2017-10-26 00:00:00 UTC,5775.51666530736,97947023064.89772,1501048614.382047
2017-10-27 00:00:00 UTC,5734.30745398276,96164443214.4004,1332315431.0582082
2017-10-28 00:00:00 UTC,6123.54977135535,95484533854.62125,892992277.0600395
2017-10-29 00:00:00 UTC,6104.38870915078,101977770673.5449,1942980852.5876095
2017-10-30 00:00:00 UTC,6368.65164135745,101669814828.64809,1307795534.5842988
2017-10-31 00:00:00 UTC,6714.78898671902,106082152741.21794,1800486324.20211
2017-11-01 00:00:00 UTC,7059.7938605488,111860407349.42264,2095690342.820862
2017-11-02 00:00:00 UTC,7234.73838202036,117621545279.66476,4363333285.959415
2017-11-03 00:00:00 UTC,7390.53522652395,120546744685.76022,2826731064.9064713
2017-11-04 00:00:00 UTC,7416.26795098255,123154674357.55318,2043449643.0088456
2017-11-05 00:00:00 UTC,7103.04608116249,123596829565.80898,1942850008.834942
2017-11-06 00:00:00 UTC,7166.74137167631,118388777524.7116,2653734034.8498173
2017-11-07 00:00:00 UTC,7461.82443491069,119464110442.1775,1829995407.419026
2017-11-08 00:00:00 UTC,7186.29277509382,124396351241.9002,3478638875.179309
2017-11-09 00:00:00 UTC,6656.83969350681,119816786360.0138,2330693500.643121
2017-11-10 00:00:00 UTC,6365.39785208573,110999386930.46329,3886426125.5147686
2017-11-11 00:00:00 UTC,5866.51312938529,106146109132.28352,3148369501.39065
2017-11-12 00:00:00 UTC,6423.09140246102,97832172888.0526,6001017946.926174
2017-11-13 00:00:00 UTC,6652.21677956026,107125442451.24033,4636291555.878799
2017-11-14 00:00:00 UTC,7297.66883633256,110957725266.311,1824550614.66447
2017-11-15 00:00:00 UTC,7814.9444036566,121737427357.354,2935591360.13778
2017-11-16 00:00:00 UTC,7783.54246476388,130381304858.568,3413089663.2046
2017-11-17 00:00:00 UTC,7827.63146946899,129865386010.109,3245859431.04955
2017-11-18 00:00:00 UTC,8011.14742989044,130622715624.408,2227536660.24511
2017-11-19 00:00:00 UTC,8220.50996617654,133701043637.728,1572771188.84144
2017-11-20 00:00:00 UTC,8114.13367954416,137213053125.934,1706394365.70662
2017-11-21 00:00:00 UTC,8257.12389528835,135455116259.548,2901936853.36067
2017-11-22 00:00:00 UTC,8117.66434762603,137857431278.079,1528137247.48478
2017-11-23 00:00:00 UTC,8278.12843633886,135545106327.703,1550586714.56084
2017-11-24 00:00:00 UTC,8743.1593779107,138239984963.008,2135298893.09068
2017-11-25 00:00:00 UTC,9342.98864142167,146022669794.181,2124257198.58414
2017-11-26 00:00:00 UTC,9831.40292992241,156058041450.11,3493015606.59397
2017-11-27 00:00:00 UTC,10257.0674169803,164237026935.379,3629754499.83265
2017-11-28 00:00:00 UTC,9875.89230818829,171368281967.209,3453118781.61612
2017-11-29 00:00:00 UTC,10406.18772373,165021094137.072,10258439067.6534
2017-11-30 00:00:00 UTC,10995.7235531179,173903131019.367,7443964832.98962
2017-12-01 00:00:00 UTC,11162.5450307617,183780731163.873,5021611419.94158
2017-12-02 00:00:00 UTC,11256.7018287538,186591841366.624,3178820954.9194
2017-12-03 00:00:00 UTC,11634.9849554034,188190520506.165,5761492455.64625
2017-12-04 00:00:00 UTC,12174.2537397926,194541160318.899,3216349724.23645
2017-12-05 00:00:00 UTC,13876.4735794148,203585321680.101,3131952573.50185
2017-12-06 00:00:00 UTC,18491.1815542282,232080024191.322,5086411370.06241
2017-12-07 00:00:00 UTC,16908.0049521112,309298517515.443,16482921408.0842
2017-12-08 00:00:00 UTC,15266.4263894651,282850210542.754,24144297784.1442
2017-12-09 00:00:00 UTC,15808.5098961544,255421618137.278,7307194000.11675
2017-12-10 00:00:00 UTC,17106.5051488871,264523195368.976,10474626172.7887
2017-12-11 00:00:00 UTC,17249.920214656,286279279595.202,7710546749.544
2017-12-12 00:00:00 UTC,16525.0444892988,288713846623.762,4686094939.5687
2017-12-13 00:00:00 UTC,16865.3616648753,276619329724.168,4407769522.20181
2017-12-14 00:00:00 UTC,17978.6305581344,282355027769.183,4117594354.00804
2017-12-15 00:00:00 UTC,19665.3949272416,301031043805.055,6146229228.58011
2017-12-16 00:00:00 UTC,19423.5801532525,329315720181.841,5116192713.25694
2017-12-17 00:00:00 UTC,19188.0539569348,325311461891.215,4251128480.35423
2017-12-18 00:00:00 UTC,18174.1867596316,321409248360.935,5411492204.5264
2017-12-19 00:00:00 UTC,17059.8883502646,304459646943.618,6141309845.2726
2017-12-20 00:00:00 UTC,16355.2382257401,285821795917.542,7509260354.08289
2017-12-21 00:00:00 UTC,14084.8249267767,274043056258.078,5580926436.9909
2017-12-22 00:00:00 UTC,15241.9164656487,236028031210.852,12164204097.121
2017-12-23 00:00:00 UTC,14451.1145466743,255444795621.567,5076754666.02441
2017-12-24 00:00:00 UTC,14302.7537081839,242218743695.445,4129411907.77252
2017-12-25 00:00:00 UTC,16616.6820570844,239755987703.759,2485439206.78209
2017-12-26 00:00:00 UTC,16373.0810795739,278573473665.536,4255570625.9614
2017-12-27 00:00:00 UTC,15067.8994980567,274522325686.838,4950722889.35151
2017-12-28 00:00:00 UTC,15096.5594360709,252666630245.445,5266566467.59302
2017-12-29 00:00:00 UTC,13620.3618741461,253178163423.298,3753038183.65771
2017-12-30 00:00:00 UTC,14839.5907854184,228445816988.881,3600481281.03768
2017-12-31 00:00:00 UTC,14093.6068305274,248925602660.692,2921202870.14992
2018-01-01 00:00:00 UTC,15321.9328517642,236440337971.831,2345478673.51547
2018-01-02 00:00:00 UTC,15583.8855377593,257079617264.841,4130217904.20997
2018-01-03 00:00:00 UTC,15976.365194174,261505188675.8579,3310355625.1255913
2018-01-04 00:00:00 UTC,18336.9229801691,268124738814.99704,4217387187.5256386
2018-01-05 00:00:00 UTC,18343.6624934071,307774011688.3515,6275687595.940333
2018-01-06 00:00:00 UTC,17039.8739138488,307926110569.5282,4240919830.5153
2018-01-07 00:00:00 UTC,15900.3650216006,286074127681.1376,3044989246.796485
2018-01-08 00:00:00 UTC,15604.7234082405,266976271422.5615,5752981089.536744
2018-01-09 00:00:00 UTC,15509.2701268168,262044268423.30463,4214092201.8070655
2018-01-10 00:00:00 UTC,14050.5696063543,260474112841.8448,4969472882.941215
2018-01-11 00:00:00 UTC,14759.294629915,236008991341.7291,5833888113.053883
2018-01-12 00:00:00 UTC,15193.3148979847,247945818276.33105,4021952802.5976954
2018-01-13 00:00:00 UTC,14476.5889713691,255265724750.92688,3134247725.132476
2018-01-14 00:00:00 UTC,14411.9977069182,243252295974.26068,3336056550.553205
2018-01-15 00:00:00 UTC,11723.9135206658,242193794408.73285,3222958351.447812
2018-01-16 00:00:00 UTC,11415.3928442768,197043955228.79236,9677283153.059654
2018-01-17 00:00:00 UTC,11569.4249920858,191882616843.4473,10225958520.621689
2018-01-18 00:00:00 UTC,11758.4693327652,194496634731.3023,6558304864.2233305
2018-01-19 00:00:00 UTC,13260.2711872786,197698672432.58115,4208563477.4581575
2018-01-20 00:00:00 UTC,11703.5048628599,222978421656.46295,4520485016.427376
2018-01-21 00:00:00 UTC,10991.5950130802,196828374433.09152,4319501969.014785
2018-01-22 00:00:00 UTC,10894.0009053405,184878210439.39847,5012581424.290013
2018-01-23 00:00:00 UTC,11277.1159704489,183260375707.76193,4779406610.509539
2018-01-24 00:00:00 UTC,11225.2544568853,189730563330.7129,3582338295.944433
2018-01-25 00:00:00 UTC,11044.9072365744,188880475665.0269,3204496193.302373
2018-01-26 00:00:00 UTC,11456.2135062799,185867144988.1318,4616389063.310399
2018-01-27 00:00:00 UTC,11665.6969300847,192805209257.31415,2894314081.3753986
2018-01-28 00:00:00 UTC,11157.6638878978,196359635508.99493,2682886340.599035
2018-01-29 00:00:00 UTC,11095.2106891266,187828526722.43542,2345235501.178288
2018-01-30 00:00:00 UTC,9989.68977659669,186776632503.01825,2321424679.531806
2018-01-31 00:00:00 UTC,10158.9989293322,168188285150.7701,3804947187.2286944
2018-02-01 00:00:00 UTC,8848.53196810824,171054176272.41678,3092040552.717963
2018-02-02 00:00:00 UTC,8729.49290157177,149006623783.35233,4720684844.93855
2018-02-03 00:00:00 UTC,9080.67989585371,147020373549.69144,6689345040.715302
2018-02-04 00:00:00 UTC,8177.08755485825,152952356929.9499,3406201459.226925
2018-02-05 00:00:00 UTC,6925.04094564582,137749990386.00885,3313033449.281747
2018-02-06 00:00:00 UTC,7579.12033228556,116675077338.99216,5582367003.542307
2018-02-07 00:00:00 UTC,7730.5368916916,127711398725.15292,8952081762.670662
2018-02-08 00:00:00 UTC,8133.01516837436,130276453309.1856,4895473675.227464
2018-02-09 00:00:00 UTC,8805.81603222746,137072414370.127,3059591946.3407445
2018-02-10 00:00:00 UTC,8420.43335585625,148426652276.61075,3047462860.6905727
2018-02-11 00:00:00 UTC,8260.31592770628,141945661744.04193,3261353891.27079
2018-02-12 00:00:00 UTC,8828.99056070783,139262210904.27866,2843546022.3256407
2018-02-13 00:00:00 UTC,8560.60735643816,148867817091.7349,3059037320.097999
2018-02-14 00:00:00 UTC,9433.20589900062,144360192761.1119,2478558482.532041
2018-02-15 00:00:00 UTC,10131.7004379252,159096205749.8899,3327769003.16645
2018-02-16 00:00:00 UTC,10349.908528511,170893164334.06097,4321816582.288418
2018-02-17 00:00:00 UTC,11047.7681445165,174596746930.86346,3125399585.015104
2018-02-18 00:00:00 UTC,10447.0434492461,186387028939.3556,3847099681.0070662
2018-02-19 00:00:00 UTC,11348.9971295158,176273089483.65085,4669569838.497527
2018-02-20 00:00:00 UTC,11277.8075883507,191515030198.40115,3639169491.952344
2018-02-21 00:00:00 UTC,10581.1082214208,190333156495.57843,4531927489.396032
2018-02-22 00:00:00 UTC,9814.51927168298,178598123587.24927,4813845472.813189
2018-02-23 00:00:00 UTC,10435.819278951,165676809332.6755,4554188982.203259
2018-02-24 00:00:00 UTC,9738.3180671609,176184409579.61343,3909863447.1621194
2018-02-25 00:00:00 UTC,9639.22896440892,164425657573.1715,3457904180.8873506
2018-02-26 00:00:00 UTC,10305.3858908483,162773437539.687,2706147440.7179737
2018-02-27 00:00:00 UTC,10625.3442930069,174040572205.04404,3648353236.962063
2018-02-28 00:00:00 UTC,10261.505486571,179465518345.78177,3359853026.713941
2018-03-01 00:00:00 UTC,10849.8205646727,173340295731.23196,3200890707.6800075
2018-03-02 00:00:00 UTC,11062.3938248221,183300394811.2641,2875106850.133686
2018-03-03 00:00:00 UTC,11352.9515372156,186913380971.22192,3320799784.270086
2018-03-04 00:00:00 UTC,11314.8135425703,191848271610.8447,3201216698.2129116
2018-03-05 00:00:00 UTC,11368.8106938288,191224444831.9405,2642058868.410104
2018-03-06 00:00:00 UTC,10767.7029707982,192157912109.23315,2816161379.252727
2018-03-07 00:00:00 UTC,9973.33671540516,182018596981.2441,3633104038.181418
2018-03-08 00:00:00 UTC,9419.85589127525,168610846191.18753,5246791361.458458
2018-03-09 00:00:00 UTC,9359.03868583279,159272213929.93903,4077210410.25226
2018-03-10 00:00:00 UTC,8880.45683696115,158261222509.92957,5945062574.353488
2018-03-11 00:00:00 UTC,9525.6465864501,150183950466.53885,3214064512.0038204
2018-03-12 00:00:00 UTC,9213.20576736387,161112737963.41776,3880035080.286616
2018-03-13 00:00:00 UTC,9220.46104890763,155847364138.70865,4012396234.089851
2018-03-14 00:00:00 UTC,8306.86171464648,155988412998.05853,3587670616.2328773
2018-03-15 00:00:00 UTC,8339.35247674006,140547739109.41824,4064095761.3189025
2018-03-16 00:00:00 UTC,8348.30611430745,141112159685.45554,4523542417.328808
2018-03-17 00:00:00 UTC,7920.30472371373,141280154213.3212,3083070142.869216
2018-03-18 00:00:00 UTC,8243.8984201293,134051355456.47298,2584635873.8067417
2018-03-19 00:00:00 UTC,8678.78447863542,139543850265.14716,4366306220.481145
2018-03-20 00:00:00 UTC,8953.02090743012,146922274560.37115,4296599593.729394
2018-03-21 00:00:00 UTC,8966.80727770326,151578896647.72296,3549284525.3800125
2018-03-22 00:00:00 UTC,8739.38682397492,151829002640.12418,3075641693.1857023
2018-03-23 00:00:00 UTC,8898.32598398331,147993868900.54428,2931275912.646228
2018-03-24 00:00:00 UTC,8598.27256382772,150700375979.45636,2944970523.9208126
2018-03-25 00:00:00 UTC,8474.95956293112,145635176161.15887,2437089542.2490935
2018-03-26 00:00:00 UTC,8175.36412164119,143561577516.2717,2033702919.48872
2018-03-27 00:00:00 UTC,7840.97553188547,138501296193.9599,2973088845.146291
2018-03-28 00:00:00 UTC,7936.92061045667,132851506747.93655,2669226325.0103736
2018-03-29 00:00:00 UTC,7115.05306736173,134490619718.18982,2026726518.4304504
2018-03-30 00:00:00 UTC,6892.94879750489,120577288826.2759,3687408886.186997
2018-03-31 00:00:00 UTC,6983.83490311556,116827637941.97632,4257656290.091801
2018-04-01 00:00:00 UTC,6851.5626324977,118379144333.51514,2570269140.824065
2018-04-02 00:00:00 UTC,7082.96705061282,116151026457.10304,2653321042.872707
2018-04-03 00:00:00 UTC,7460.38986526903,120087456562.91,2263546665.073317
2018-04-04 00:00:00 UTC,6838.14997175908,126501630745.8728,2757038865.04437
2018-04-05 00:00:00 UTC,6827.65391183171,115963480723.88168,2539382813.63079
2018-04-06 00:00:00 UTC,6634.26422607895,115798887949.49156,2560765825.588999
2018-04-07 00:00:00 UTC,6888.5152484633,112530223946.1455,1838769010.2973647
2018-04-08 00:00:00 UTC,6989.74134692453,116858060827.28288,1856372076.0976524
2018-04-09 00:00:00 UTC,6797.3563824144,118589524383.72464,1415510305.2588854
2018-04-10 00:00:00 UTC,6835.92918943131,115338134466.8128,2449893657.0744987
2018-04-11 00:00:00 UTC,6923.05294735987,115998198822.54095,1535934453.119037
2018-04-12 00:00:00 UTC,7832.38506366422,117498920004.21011,1594899167.6217928
2018-04-13 00:00:00 UTC,7843.11697970508,132947295689.88963,4977460181.7575655
2018-04-14 00:00:00 UTC,7904.25376996148,133145146003.32242,3906522804.0264864
2018-04-15 00:00:00 UTC,8258.27871862465,134197432474.68475,2292557974.3790936
2018-04-16 00:00:00 UTC,8034.74083983018,140224127443.4708,2351680930.5106387
2018-04-17 00:00:00 UTC,7873.29935204793,136442851462.55026,2751175167.184618
2018-04-18 00:00:00 UTC,8100.75650737556,133717163707.92502,2490587310.5428934
2018-04-19 00:00:00 UTC,8272.29016259953,137596209731.6783,2329846332.396023
2018-04-20 00:00:00 UTC,8574.5541105751,140528730513.45245,2420862918.2626486
2018-04-21 00:00:00 UTC,8885.45235510691,145677918683.97052,494566642.8760869
2018-04-22 00:00:00 UTC,8761.38653625057,150978052237.03458,3233336287.5951567
2018-04-23 00:00:00 UTC,8878.52208836725,148887498242.42767,2486793046.784238
2018-04-24 00:00:00 UTC,9669.39327518428,150895144115.8978,2212288512.0184097
2018-04-25 00:00:00 UTC,8842.48070849375,164355270460.1129,4413125609.308054
2018-04-26 00:00:00 UTC,9220.55163183216,150313771687.72067,5526211313.634464
2018-04-27 00:00:00 UTC,8913.16895930681,156756634315.28098,3844256439.385627
2018-04-28 00:00:00 UTC,9251.13471605168,151546378059.838,2841974117.483504
2018-04-29 00:00:00 UTC,9325.34574852231,157307793395.56677,2992177513.8839774
2018-04-30 00:00:00 UTC,9199.81701222486,158587995467.58896,2829295552.10295
2018-05-01 00:00:00 UTC,9019.47688010669,156471058132.57516,2508795842.161388
2018-05-02 00:00:00 UTC,9128.79317115118,153420958990.49335,2659793537.6242156
2018-05-03 00:00:00 UTC,9535.35436759401,155297431888.8189,2179053770.239671
2018-05-04 00:00:00 UTC,9623.99647846909,162230342725.0315,1223787796.7055554
2018-05-05 00:00:00 UTC,9769.13992835381,163756390279.6549,2666625391.0794835
2018-05-06 00:00:00 UTC,9586.3075185639,166245234817.94907,2609550449.166561
2018-05-07 00:00:00 UTC,9322.08251184414,163150565946.87885,2622671634.8699694
2018-05-08 00:00:00 UTC,9124.26604747665,158670700329.9735,2773990862.0209255
2018-05-09 00:00:00 UTC,9245.07031436441,155319981244.22452,2443194595.4200945
2018-05-10 00:00:00 UTC,8973.46103048112,157394659521.80356,2360547859.313426
2018-05-11 00:00:00 UTC,8396.6837301273,152788428927.69287,2365729274.348148
2018-05-12 00:00:00 UTC,8476.5344433113,142980720570.6517,3729395912.671289
2018-05-13 00:00:00 UTC,8693.62354713796,144358026248.33774,2986471680.6716013
2018-05-14 00:00:00 UTC,8691.51467727522,148071421962.45706,2286633498.380314
2018-05-15 00:00:00 UTC,8463.39388787115,148049739997.63757,3142935873.0690293
2018-05-16 00:00:00 UTC,8339.08319554611,144179306061.79163,2583758769.0482197
2018-05-17 00:00:00 UTC,8042.01331097999,142080357169.31354,2771783931.0606604
2018-05-18 00:00:00 UTC,8204.12659760256,137032183366.93604,2167833264.109836
2018-05-19 00:00:00 UTC,8172.03613055545,139809392794.05438,2121725515.8622992
2018-05-20 00:00:00 UTC,8446.10377515429,139278463383.8957,1670434743.257496
2018-05-21 00:00:00 UTC,8355.88404165481,143964995963.72208,1653044355.5022044
2018-05-22 00:00:00 UTC,8005.22197095186,142442964155.19058,1711924671.5961916
2018-05-23 00:00:00 UTC,7551.33447315266,136480829252.20898,1896737960.186066
2018-05-24 00:00:00 UTC,7575.39104072508,128757894717.73969,2774548299.947487
2018-05-25 00:00:00 UTC,7470.86862430812,129181628339.27664,2608908364.112211
2018-05-26 00:00:00 UTC,7333.88633874391,127415567266.28288,1954821353.4971788
2018-05-27 00:00:00 UTC,7331.23687333437,125094003939.43246,1288529101.4201937
2018-05-28 00:00:00 UTC,7111.87705765757,125064119664.97652,1247718121.4175518
2018-05-29 00:00:00 UTC,7458.71735926015,121335997620.14694,1771222258.5972292
2018-05-30 00:00:00 UTC,7376.90337125159,127265946190.45648,2226498293.097941
2018-05-31 00:00:00 UTC,7462.90940376544,125886487185.23982,1772302966.137478
2018-06-01 00:00:00 UTC,7484.71981099772,127369474794.06476,1714069236.3933191
2018-06-02 00:00:00 UTC,7566.75407211168,127757520742.53893,1633772040.1558352
2018-06-03 00:00:00 UTC,7646.94409911805,129172247933.87029,1531778930.3336585
2018-06-04 00:00:00 UTC,7459.95969406436,130556750714.7766,1435878976.298651
2018-06-05 00:00:00 UTC,7576.78480224748,127381325782.56584,1641809859.695439
2018-06-06 00:00:00 UTC,7605.67368068795,129392731880.0014,1755701626.678
2018-06-07 00:00:00 UTC,7620.89521686314,129900054046.3419,1560022505.3945813
2018-06-08 00:00:00 UTC,7563.12020391453,130173654333.52182,1462851964.8291352
2018-06-09 00:00:00 UTC,7387.03874799543,129200495044.90416,1360418046.7482953
2018-06-10 00:00:00 UTC,6768.84882780505,126205983570.2486,1144113182.668475
2018-06-11 00:00:00 UTC,6879.9094776794,115654920168.9668,2767425574.900526
2018-06-12 00:00:00 UTC,6573.68862216405,117564319708.9732,1970808705.9220035
2018-06-13 00:00:00 UTC,6333.07491166693,112343845526.13696,2060039655.0719888
2018-06-14 00:00:00 UTC,6645.96549600832,108242699813.99208,2566425189.419775
2018-06-15 00:00:00 UTC,6397.04537330615,113603721703.29115,2352978018.054762
2018-06-16 00:00:00 UTC,6475.60677744539,109360849105.48962,1744878092.699266
2018-06-17 00:00:00 UTC,6417.71781823944,110717334438.0503,1302192900.61366
2018-06-18 00:00:00 UTC,6677.91847998313,109740247161.82169,1117481498.3207426
2018-06-19 00:00:00 UTC,6712.05802165014,114203090677.2795,1748333252.400161
2018-06-20 00:00:00 UTC,6722.51625905442,114799932719.43996,1651077563.2539403
2018-06-21 00:00:00 UTC,6681.67540588964,114991746413.63754,1629751885.7434225
2018-06-22 00:00:00 UTC,6102.49088978855,114307263131.91246,1395466001.787539
2018-06-23 00:00:00 UTC,6172.72644838786,104410488546.45564,2942694781.628156
2018-06-24 00:00:00 UTC,6153.24972561543,105624608621.58888,1631068269.308406
2018-06-25 00:00:00 UTC,6250.1222975614,105304562166.7785,2444991643.0740147
2018-06-26 00:00:00 UTC,6076.01443994495,106974593196.14188,4339083496.119343
2018-06-27 00:00:00 UTC,6120.76974419243,104005721474.67468,3245909031.4893475
2018-06-28 00:00:00 UTC,5873.24049856624,104781071642.33632,2051381934.9127676
2018-06-29 00:00:00 UTC,6181.72857046849,100555310082.9152,1930160280.0176568
2018-06-30 00:00:00 UTC,6364.31521631355,105848576147.1607,2333505331.498242
2018-07-01 00:00:00 UTC,6311.14843705186,108986034137.5222,2076530066.2518744
2018-07-02 00:00:00 UTC,6596.61853544595,108087094813.61404,2593060649.209729
2018-07-03 00:00:00 UTC,6500.69026399301,112988036683.36194,3388462549.358731
2018-07-04 00:00:00 UTC,6569.43793078642,111354386463.35126,3015030797.181524
2018-07-05 00:00:00 UTC,6540.67077425579,112542926620.9883,3112048446.0052834
2018-07-06 00:00:00 UTC,6604.62352677968,112061227346.6044,3317011265.8504667
2018-07-07 00:00:00 UTC,6755.83957460631,113170303386.85214,4741759291.458431
2018-07-08 00:00:00 UTC,6699.44931838062,115774228276.14577,6058678094.01411
2018-07-09 00:00:00 UTC,6648.876561474652,114821359409.02657,5001446782.92426
2018-07-10 00:00:00 UTC,6300.798853280598,113965813376.13116,5244018181.625617
2018-07-11 00:00:00 UTC,6369.447438136342,108011204912.00624,4351285484.9230585
2018-07-12 00:00:00 UTC,6240.927374031031,109198838729.89442,3919216356.8117576
2018-07-13 00:00:00 UTC,6222.721703705377,107006628708.76736,3555216671.812264
2018-07-14 00:00:00 UTC,6249.922817665826,106705439631.28914,3920764093.925379
2018-07-15 00:00:00 UTC,6357.3644684776755,107182345120.2817,3691101001.9817142
2018-07-16 00:00:00 UTC,6711.23207137972,109035552155.45766,2848090526.9961233
2018-07-17 00:00:00 UTC,7300.005752022187,115114824200.72908,4558282333.040816
2018-07-18 00:00:00 UTC,7349.060296630219,125228313673.35222,6147453805.3107195
2018-07-19 00:00:00 UTC,7443.768890315948,126085527253.41182,4842513858.265442
2018-07-20 00:00:00 UTC,7329.417798945167,127726417054.60222,4095958261.789189
2018-07-21 00:00:00 UTC,7379.328459025755,125778577681.70683,3708778618.94223
2018-07-22 00:00:00 UTC,7386.826674378358,126647628746.75957,2876986080.992686
2018-07-23 00:00:00 UTC,7698.901260806019,126793121800.956,5696887626.629329
2018-07-24 00:00:00 UTC,8386.707524130208,132165783023.3514,6181445479.499734
2018-07-25 00:00:00 UTC,8146.0183563889805,143990014448.4651,5571334898.669686
2018-07-26 00:00:00 UTC,7909.058821315853,139875582600.23438,4050845500.4910994
2018-07-27 00:00:00 UTC,8154.083621233245,135822757500.10403,3419298120.276751
2018-07-28 00:00:00 UTC,8184.405208711418,140047707156.22763,3631924929.5046854
2018-07-29 00:00:00 UTC,8190.456405158187,140583421872.7683,3656313186.4829183
2018-07-30 00:00:00 UTC,8162.664552202972,140704767915.32986,2602717381.6852927
2018-07-31 00:00:00 UTC,7735.291254260231,140241205090.46344,3469357850.6149387
2018-08-01 00:00:00 UTC,7607.170735711923,132912701711.22826,4667952660.885948
2018-08-02 00:00:00 UTC,7539.928077727555,130725326614.62198,11556488914.923409
2018-08-03 00:00:00 UTC,7404.987714355684,129584219915.05684,6814199272.381455
2018-08-04 00:00:00 UTC,7010.73802110703,127280446203.50984,5513369412.490776
2018-08-05 00:00:00 UTC,7037.67539232335,120519578228.30087,5937344465.303891
2018-08-06 00:00:00 UTC,6928.149936044145,120996289833.82803,5979899815.413112
2018-08-07 00:00:00 UTC,6713.555227150415,119124688445.32384,6930718915.304077
2018-08-08 00:00:00 UTC,6292.295409419229,115447974074.88531,7253599624.619373
2018-08-09 00:00:00 UTC,6537.815324406359,108216154910.2738,6826789984.229812
2018-08-10 00:00:00 UTC,6180.86219072436,112450828924.33948,5852840131.049598
2018-08-11 00:00:00 UTC,6235.716493094124,106324656269.17964,6743402389.547727
2018-08-12 00:00:00 UTC,6353.803986516664,107281679769.47414,5784894035.197763
2018-08-13 00:00:00 UTC,6268.826742101816,109325692623.9492,5461023306.785744
2018-08-14 00:00:00 UTC,6215.9886406669175,107875224343.43648,5366961219.876601
2018-08-15 00:00:00 UTC,6280.3213598483635,106976542907.01358,7192008756.024756
2018-08-16 00:00:00 UTC,6313.682224664557,108130293578.48412,6621242748.1897
2018-08-17 00:00:00 UTC,6566.56769834701,108608812933.42996,6003631478.129413
2018-08-18 00:00:00 UTC,6381.721737792133,113087918573.09676,6255324509.871517
2018-08-19 00:00:00 UTC,6481.351593262284,109889635235.7409,5607357684.130415
2018-08-20 00:00:00 UTC,6241.908112588473,111605986999.9495,5077424451.930384
2018-08-21 00:00:00 UTC,6480.489195866155,107494864513.23958,5581768295.744784
2018-08-22 00:00:00 UTC,6361.743747138899,111391852400.25844,5689267815.174996
2018-08-23 00:00:00 UTC,6537.342275158033,109222533292.90244,6876891249.068382
2018-08-24 00:00:00 UTC,6682.961523823166,112615623773.2183,5992698651.246921
2018-08-25 00:00:00 UTC,6740.022306026089,115139772296.84808,6922236521.917633
2018-08-26 00:00:00 UTC,6685.846063006187,116124158853.93764,5356171222.548641
2018-08-27 00:00:00 UTC,6911.2278162618795,115216182326.87616,5209949019.454544
2018-08-28 00:00:00 UTC,7072.71907359298,119154897169.14284,5446087327.845075
2018-08-29 00:00:00 UTC,7046.686188937364,121946554811.08284,6226627384.0005455
2018-08-30 00:00:00 UTC,7023.591822659418,121477617994.35265,5971532132.603495
2018-08-31 00:00:00 UTC,7018.557944678692,121090990609.93802,6589085932.972872
2018-09-01 00:00:00 UTC,7211.052471102318,121175070811.3537,6105274053.53338
2018-09-02 00:00:00 UTC,7305.339969739979,124357512897.67484,6246064589.738673
2018-09-03 00:00:00 UTC,7260.020716804504,125988610183.58363,6651249634.302638
2018-09-04 00:00:00 UTC,7359.547464328153,125224896336.09949,4509556915.109466
2018-09-05 00:00:00 UTC,6632.13082029707,126947630164.03438,5310224976.892741
2018-09-06 00:00:00 UTC,6508.373289535534,114239086597.9985,6973615221.274074
2018-09-07 00:00:00 UTC,6430.134794528345,112290754167.01118,6551022527.360173
2018-09-08 00:00:00 UTC,6191.483175955156,110438598690.9624,4458284994.057369
2018-09-09 00:00:00 UTC,6261.689542985918,106656088395.00311,3830815830.007535
2018-09-10 00:00:00 UTC,6304.293677750424,108125081110.96474,4174529435.585207
2018-09-11 00:00:00 UTC,6285.496236695082,108811034627.33136,4491626491.60989
2018-09-12 00:00:00 UTC,6330.51582472218,108490171949.22156,4939926063.556951
2018-09-13 00:00:00 UTC,6491.983332529236,109290071743.686,5018125409.739509
2018-09-14 00:00:00 UTC,6468.728354719255,112091348408.74744,5224571591.1608095
2018-09-15 00:00:00 UTC,6518.480231572202,111702971538.5453,5339219484.29806
2018-09-16 00:00:00 UTC,6508.317903893001,112573501751.22878,4451782844.94153
2018-09-17 00:00:00 UTC,6246.014777120241,112398636315.77773,4626288064.925307
2018-09-18 00:00:00 UTC,6343.797443449378,107933563550.16808,4579225848.728847
2018-09-19 00:00:00 UTC,6410.308941905906,109645025893.5254,4470547253.7968855
2018-09-20 00:00:00 UTC,6491.628809137562,110774198751.47488,5396971781.297623
2018-09-21 00:00:00 UTC,6765.777252742334,112165285423.07603,5077203896.790456
2018-09-22 00:00:00 UTC,6757.284042523565,116843880179.09062,5922474523.528152
2018-09-23 00:00:00 UTC,6706.559675127079,116773148440.36952,5116730332.35886
2018-09-24 00:00:00 UTC,6592.790913694175,115938732513.27866,4319086417.597303
2018-09-25 00:00:00 UTC,6443.1725303061685,114006042818.61888,4864769930.137059
2018-09-26 00:00:00 UTC,6464.795050742078,111390435748.57034,4588382775.390974
2018-09-27 00:00:00 UTC,6705.08091601075,111724909756.64452,3783501344.7940392
2018-09-28 00:00:00 UTC,6632.2935154800225,115928403393.8934,4702072555.922887
2018-09-29 00:00:00 UTC,6595.665517639797,114698884056.71152,3130558177.5375824
2018-09-30 00:00:00 UTC,6633.375874267096,114077971226.54616,2298654561.996659
2018-10-01 00:00:00 UTC,6598.871764453485,114743717970.39217,1910405397.3529537
2018-10-02 00:00:00 UTC,6530.9454046901765,114160952852.76414,1908897965.7094064
2018-10-03 00:00:00 UTC,6499.077540396001,113134177672.94344,2042303898.900448
2018-10-04 00:00:00 UTC,6583.753967072701,112455647926.67772,2240843116.5503902
2018-10-05 00:00:00 UTC,6618.323608548742,113933587343.73248,2052965502.73845
2018-10-06 00:00:00 UTC,6591.230123139734,114594916432.6288,1823214128.338713
2018-10-07 00:00:00 UTC,6610.273495537578,114075885454.60136,1459408065.4210825
2018-10-08 00:00:00 UTC,6652.02668045211,114379613788.79308,1507369965.5507607
2018-10-09 00:00:00 UTC,6633.704623268927,115202508119.93352,2131178277.7868176
2018-10-10 00:00:00 UTC,6575.920112121436,114851818981.56488,1738073319.7027397
2018-10-11 00:00:00 UTC,6221.579546899839,113977592600.27248,2075963024.947084
2018-10-12 00:00:00 UTC,6277.330560460384,107772208558.59134,3570015677.850816
2018-10-13 00:00:00 UTC,6312.791210887066,108845285496.56728,2288686663.2546115
2018-10-14 00:00:00 UTC,6308.379841988322,109360037439.3915,1844360604.1881497
2018-10-15 00:00:00 UTC,6641.163626541691,109624316973.412,1950353046.968074
2018-10-16 00:00:00 UTC,6626.693910866838,115044573949.10362,6201382568.776788
2018-10-17 00:00:00 UTC,6639.503622437005,114875076435.46793,2740001998.6467667
2018-10-18 00:00:00 UTC,6517.885779996228,115020014397.66382,2807964263.6959543
2018-10-19 00:00:00 UTC,6478.337530140903,112930315238.38544,2623093484.250507
2018-10-20 00:00:00 UTC,6532.021508876137,112373884373.39388,2647686371.405142
2018-10-21 00:00:00 UTC,6526.230876974622,113182472332.15443,2335044510.291711
2018-10-22 00:00:00 UTC,6516.544660237331,113189000484.8999,2127839780.5760696
2018-10-23 00:00:00 UTC,6473.977165125147,112974480527.97342,2660083548.403516
2018-10-24 00:00:00 UTC,6483.259099115094,112249214926.95148,2786279833.7157545
2018-10-25 00:00:00 UTC,6459.076159089323,112412068826.41792,2604659664.6525803
2018-10-26 00:00:00 UTC,6471.20580766166,112011932757.27872,2621718777.8337708
2018-10-27 00:00:00 UTC,6458.691568924823,112224153749.4941,2691793878.4644394
2018-10-28 00:00:00 UTC,6480.444985798647,112003871935.36131,2385879973.038824
2018-10-29 00:00:00 UTC,6296.6827469398395,112398474412.15884,2092363881.5894651
2018-10-30 00:00:00 UTC,6328.925734168486,109248313511.96834,3635271037.6168222
2018-10-31 00:00:00 UTC,6371.594824293449,109853261539.56651,2005821767.3472931
2018-11-01 00:00:00 UTC,6383.504728606545,110508038374.43307,2068786387.0620031
2018-11-02 00:00:00 UTC,6427.051327664296,110771753000.54115,2789564970.976841
2018-11-03 00:00:00 UTC,6389.994185633857,111536130285.30252,2654426412.0114455
2018-11-04 00:00:00 UTC,6327.873068617377,110905935675.14874,2576167567.8505006
2018-11-05 00:00:00 UTC,6427.770636387928,110360540513.7236,3148603737.7163634
2018-11-06 00:00:00 UTC,6480.241173404546,111597025457.77628,3047595517.495974
2018-11-07 00:00:00 UTC,6564.924079713716,112518533572.20448,3368174352.9852757
2018-11-08 00:00:00 UTC,6482.240203525411,113991848904.98106,3128127589.569565
2018-11-09 00:00:00 UTC,6411.59728939543,112727465362.70294,2767806339.8020515
2018-11-10 00:00:00 UTC,6408.4011219823715,111380086338.40892,2599920003.1710367
2018-11-11 00:00:00 UTC,6436.6251933401945,111314847381.02756,2555488233.680354
2018-11-12 00:00:00 UTC,6412.1083367984365,111813911785.61153,2904838425.144798
2018-11-13 00:00:00 UTC,6421.28905933586,111385885801.71518,2627496740.3385787
2018-11-14 00:00:00 UTC,5747.028029554245,111103847655.2766,2507191786.5135794
2018-11-15 00:00:00 UTC,5678.796436896434,99862702651.4296,5811049289.986627
2018-11-16 00:00:00 UTC,5609.856849584924,98829079080.7242,4941273685.480492
2018-11-17 00:00:00 UTC,5606.310769097743,97498794466.49551,3234474600.630226
2018-11-18 00:00:00 UTC,5641.545800742765,97331317968.59367,2514319624.4940867
2018-11-19 00:00:00 UTC,4840.28781685962,98018985352.90253,2424378659.9091086
2018-11-20 00:00:00 UTC,4503.992681894595,84529957207.44836,6219588222.424703
2018-11-21 00:00:00 UTC,4617.04781538424,77890680355.47627,6413271233.173495
2018-11-22 00:00:00 UTC,4322.428059254128,80291571581.87381,4276742866.575529
2018-11-23 00:00:00 UTC,4365.852703287408,75085415603.73088,3036369700.8631806
2018-11-24 00:00:00 UTC,3882.317420431342,76120308175.56718,3492872779.728565
2018-11-25 00:00:00 UTC,4027.1733392446263,67756132282.086784,3105976565.9057765
2018-11-26 00:00:00 UTC,3799.529138102743,70327984591.03267,5192225364.233666
2018-11-27 00:00:00 UTC,3842.103193871701,66245433270.26236,4590284259.99806
2018-11-28 00:00:00 UTC,4255.634776090147,66793164009.46918,4056549392.816013
2018-11-29 00:00:00 UTC,4297.552585788195,73995713767.63654,4959987341.533839
2018-11-30 00:00:00 UTC,4028.516624367741,74503128646.2556,4305779376.7606535
2018-12-01 00:00:00 UTC,4190.484492560681,70100728570.44942,4030597235.178559
2018-12-02 00:00:00 UTC,4165.162977618675,72886181029.00018,3156090243.0435977
2018-12-03 00:00:00 UTC,3866.808516995955,72490854871.49783,3263952782.144168
2018-12-04 00:00:00 UTC,3946.656863177759,67314968787.93754,3111280908.5500813
2018-12-05 00:00:00 UTC,3739.946734701705,68701310967.99483,3260408459.476082
2018-12-06 00:00:00 UTC,3443.5680649649207,65106872439.7701,3016431684.390275
2018-12-07 00:00:00 UTC,3407.708536849264,60176620147.21881,3699729656.107826
2018-12-08 00:00:00 UTC,3411.954925148873,59331181613.23485,5190511168.389626
2018-12-09 00:00:00 UTC,3550.132802653884,59405633819.78109,3422771549.690371
2018-12-10 00:00:00 UTC,3428.397427677583,61803770602.8924,2877496744.4439306
2018-12-11 00:00:00 UTC,3368.1131502409135,59753247730.24191,2594735194.8274465
2018-12-12 00:00:00 UTC,3444.4259251323306,58630734997.14556,2701269335.3771505
2018-12-13 00:00:00 UTC,3292.580785125744,59900903064.45946,2565845375.7085934
2018-12-14 00:00:00 UTC,3219.6872846617985,57374878269.16904,2610318528.3811016
2018-12-15 00:00:00 UTC,3216.1468966157254,56185958603.73929,2647625128.92667
2018-12-16 00:00:00 UTC,3216.555924409128,56042555231.88424,2080792586.4795947
2018-12-17 00:00:00 UTC,3504.4875351651644,56199051384.4022,1903914732.5956109
2018-12-18 00:00:00 UTC,3662.225800028841,61077785782.249306,3424455649.954173
2018-12-19 00:00:00 UTC,3678.953249291885,63863568277.76374,3900350570.5073185
2018-12-20 00:00:00 UTC,4081.902194563823,64220079915.20981,4488854705.119737
2018-12-21 00:00:00 UTC,3839.3859145641113,71044885166.77242,6133572321.187789
2018-12-22 00:00:00 UTC,3969.5274387679415,67055833848.54144,4734473786.077665
2018-12-23 00:00:00 UTC,3940.238627022351,69067799691.36462,3564961045.80685
2018-12-24 00:00:00 UTC,4014.87251417238,68736763059.69928,3509501883.9500413
2018-12-25 00:00:00 UTC,3771.626985613177,70159274087.8172,4822909050.159823
2018-12-26 00:00:00 UTC,3779.027909430884,65802072871.97334,4323385810.523541
2018-12-27 00:00:00 UTC,3590.4169637900904,65954979147.65992,3570556205.2194066
2018-12-28 00:00:00 UTC,3857.159502698649,62596709761.17032,3377781363.3741465
2018-12-29 00:00:00 UTC,3697.519548813741,67306797415.2861,3566916043.6043
2018-12-30 00:00:00 UTC,3815.85052343451,64527632158.07788,3041672929.814672
2018-12-31 00:00:00 UTC,3695.804506163868,66626461791.61347,3070497038.907603
2019-01-01 00:00:00 UTC,3805.410746368303,64481929383.8327,2984646221.8567405
2019-01-02 00:00:00 UTC,3868.130280304461,66246820131.45012,2699740136.6693473
2019-01-03 00:00:00 UTC,3752.835279663907,67535473640.02507,3258995811.799224
2019-01-04 00:00:00 UTC,3810.110143027095,65530039414.96932,2670098129.4430184
2019-01-05 00:00:00 UTC,3786.658040331695,66626126717.280205,2951326847.208124
2019-01-06 00:00:00 UTC,4011.2879509210898,66090457342.02645,2752604259.106448
2019-01-07 00:00:00 UTC,3993.051507945896,70094961581.75803,3440949891.0518627
2019-01-08 00:00:00 UTC,3974.3176355854753,69719835115.10143,3345372295.930095
2019-01-09 00:00:00 UTC,3988.517716909554,69425686641.13875,3486407279.7680473
2019-01-10 00:00:00 UTC,3607.0196547103014,69576335149.44214,3171647223.3878045
2019-01-11 00:00:00 UTC,3630.426058001971,63329772542.283134,4123999594.8429694
2019-01-12 00:00:00 UTC,3598.4909747048114,63414801920.58581,3211351525.988299
2019-01-13 00:00:00 UTC,3497.8308047491746,62895899803.22777,2434446062.95997
2019-01-14 00:00:00 UTC,3644.74709383684,61124126146.77743,2681366855.1759553
2019-01-15 00:00:00 UTC,3569.952409377868,63775497510.04761,3040274985.683468
2019-01-16 00:00:00 UTC,3598.252524862436,62403355235.8004,2944347434.0003457
2019-01-17 00:00:00 UTC,3622.45112928472,62961014681.64904,2736785629.777746
2019-01-18 00:00:00 UTC,3602.2536263297256,63341894344.06829,3041484542.119124
2019-01-19 00:00:00 UTC,3670.473174714593,62988988925.14358,2644869003.927027
2019-01-20 00:00:00 UTC,3540.38060471189,64197996298.87683,2756408037.076006
2019-01-21 00:00:00 UTC,3531.0889476959487,61929530645.88417,2950803334.003917
2019-01-22 00:00:00 UTC,3572.632244996206,61769666248.61088,2566452373.7708197
2019-01-23 00:00:00 UTC,3554.7319074946204,62471350537.78848,2712155165.2560806
2019-01-24 00:00:00 UTC,3575.0287753341704,62209398789.23365,2648225419.0409164
2019-01-25 00:00:00 UTC,3566.312610555551,62552689797.12036,2463930047.589176
2019-01-26 00:00:00 UTC,3560.353947428631,62420289683.14081,2582020812.297663
2019-01-27 00:00:00 UTC,3543.0877103506136,62317985972.274925,2537810181.699057
2019-01-28 00:00:00 UTC,3434.3034290065184,62073112987.57706,2840677385.953343
2019-01-29 00:00:00 UTC,3408.7586882112164,60083874468.156456,3440836756.7948813
2019-01-30 00:00:00 UTC,3458.3621009567123,59682762806.349304,4339586800.802668
2019-01-31 00:00:00 UTC,3430.801267453853,60557130814.487366,4974929270.381101
2019-02-01 00:00:00 UTC,3466.7538085191154,60081221036.03211,2770353086.727642
2019-02-02 00:00:00 UTC,3505.175359560056,60717634491.90161,2468633381.456138
2019-02-03 00:00:00 UTC,3457.9541473009117,61396914486.20591,4306787814.977047
2019-02-04 00:00:00 UTC,3463.0458970057903,60575749161.58791,4071702634.5902114
2019-02-05 00:00:00 UTC,3471.678020469245,60684980778.34216,4046004111.8719344
2019-02-06 00:00:00 UTC,3405.172338302088,60789377693.949394,2375787524.5213637
2019-02-07 00:00:00 UTC,3396.878789218572,59670537470.23664,4015956565.2877088
2019-02-08 00:00:00 UTC,3659.8470572425913,59512239915.87437,3083614768.758235
2019-02-09 00:00:00 UTC,3667.019476879355,64148792761.407394,6250390061.859659
2019-02-10 00:00:00 UTC,3676.207241375917,64287939826.09213,4862055831.045511
2019-02-11 00:00:00 UTC,3630.7269556017254,64448919935.58258,5043048889.327556
2019-02-12 00:00:00 UTC,3628.6183888884498,63658080321.60838,4655448669.388575
2019-02-13 00:00:00 UTC,3613.31252005531,63627007010.021454,5495935788.724276
2019-02-14 00:00:00 UTC,3588.64240774292,63360471334.160255,5626180909.691233
2019-02-15 00:00:00 UTC,3602.456374902709,62939225436.07881,11869720589.806376
2019-02-16 00:00:00 UTC,3619.060056187875,63165693262.58108,4627801474.80236
2019-02-17 00:00:00 UTC,3664.5389143005914,63522424454.09916,5022454924.227472
2019-02-18 00:00:00 UTC,3887.008726403458,64314509834.507835,5917379929.59225
2019-02-19 00:00:00 UTC,3909.681254649732,68200821531.05265,9605080511.111343
2019-02-20 00:00:00 UTC,3975.1982161646742,68699663203.596596,7866815441.535511
2019-02-21 00:00:00 UTC,3936.025034480333,69762244194.80495,7000772149.82198
2019-02-22 00:00:00 UTC,3961.9261830145833,69080781777.66087,6867949531.71727
2019-02-23 00:00:00 UTC,4115.656304817791,69543294097.83667,5841124700.961669
2019-02-24 00:00:00 UTC,3738.843049575021,72243572087.43451,7624111237.9266815
2019-02-25 00:00:00 UTC,3828.9264400444704,65640717586.63512,10993510955.556969
2019-02-26 00:00:00 UTC,3800.923295367574,67229247665.91081,8561798340.762115
2019-02-27 00:00:00 UTC,3815.1865113901786,66745068274.39606,4228877490.5541687
2019-02-28 00:00:00 UTC,3815.1032463811857,66970397628.85939,7072374346.667379
2019-03-01 00:00:00 UTC,3820.31549802455,67016759677.42769,3596399295.5332184
2019-03-02 00:00:00 UTC,3818.561931880328,67027102528.4879,3278497043.844618
2019-03-03 00:00:00 UTC,3807.12519416937,67101767698.9016,4665076808.890772
2019-03-04 00:00:00 UTC,3720.620326316611,66888760715.68195,5855804224.303989
2019-03-05 00:00:00 UTC,3855.305241345449,65238057881.55198,8411407531.371713
2019-03-06 00:00:00 UTC,3865.706722174827,67777161934.25269,10264054897.495316
2019-03-07 00:00:00 UTC,3873.548645855849,67937909177.34216,6695788928.116957
2019-03-08 00:00:00 UTC,3862.4406998351633,68071172604.92813,3806118911.673119
2019-03-09 00:00:00 UTC,3935.252053698704,67880765785.636154,6967836725.7958355
2019-03-10 00:00:00 UTC,3918.798854836869,69291541115.55219,9534044469.83803
2019-03-11 00:00:00 UTC,3866.154847567055,68983930086.89528,5134611263.670712
2019-03-12 00:00:00 UTC,3882.395191758966,67877950958.344604,7115583544.591137
2019-03-13 00:00:00 UTC,3865.824876120911,68231892759.39414,8246695280.559591
2019-03-14 00:00:00 UTC,3880.071440012623,67987535321.26175,6571094246.901593
2019-03-15 00:00:00 UTC,3924.619784567896,68182412368.54034,8933777978.6025
2019-03-16 00:00:00 UTC,4006.325906109472,69035906237.47937,4487098212.255474
2019-03-17 00:00:00 UTC,3951.004849815388,70478042878.35849,8224387344.962532
2019-03-18 00:00:00 UTC,3988.09455898567,70058557242.86798,3910342336.267403
2019-03-19 00:00:00 UTC,4017.170924314843,70152235369.2381,5543651665.681325
2019-03-20 00:00:00 UTC,4045.3903697027417,70645865911.46577,7622553451.9132595
2019-03-21 00:00:00 UTC,3984.9896853475766,71204809111.29904,9134972540.94068
2019-03-22 00:00:00 UTC,3986.6195794044024,70158961439.12064,10027594072.016209
2019-03-23 00:00:00 UTC,4000.607889339722,70227188528.50433,9397615104.521437
2019-03-24 00:00:00 UTC,3995.158218857077,70473209508.43655,16141060958.728264
2019-03-25 00:00:00 UTC,3940.1225424646655,70347493012.22232,9836616869.019297
2019-03-26 00:00:00 UTC,3943.323486744488,69272060560.09499,10852981526.323448
2019-03-27 00:00:00 UTC,4031.122031106735,69448728834.58507,12272558250.55912
2019-03-28 00:00:00 UTC,4027.717045189641,71025394069.15617,16467521403.51032
2019-03-29 00:00:00 UTC,4101.169096449538,70963912824.7387,15124520908.831194
2019-03-30 00:00:00 UTC,4115.218686525628,72221080330.7028,16330213265.150043
2019-03-31 00:00:00 UTC,4103.058274494102,72305792937.3489,5726868506.216873
2019-04-01 00:00:00 UTC,4146.7367399122495,72304849572.87851,9934119688.528416
2019-04-02 00:00:00 UTC,4877.600305135115,73040477823.2944,12546058687.398815
2019-04-03 00:00:00 UTC,4946.268671665916,85741012091.1753,23593824490.27654
2019-04-04 00:00:00 UTC,4922.081248732082,87326456085.15782,27902916524.35629
2019-04-05 00:00:00 UTC,5012.283160591887,86542597842.39537,23566721451.44587
2019-04-06 00:00:00 UTC,5040.787222416543,88382435986.25912,19830518211.772205
2019-04-07 00:00:00 UTC,5180.086084145551,88939647804.308,19405123788.55804
2019-04-08 00:00:00 UTC,5258.928542254135,91373644498.49532,22567221639.436462
2019-04-09 00:00:00 UTC,5169.9129423565355,92743946709.33292,21685890020.79041
2019-04-10 00:00:00 UTC,5308.099048728167,91172857535.29189,15344243775.47746
2019-04-11 00:00:00 UTC,5041.596366230881,93630354970.07072,18816575366.73869
2019-04-12 00:00:00 UTC,5082.165618905875,88961526577.82823,19838183760.54689
2019-04-13 00:00:00 UTC,5072.58926881843,89553010835.28876,15618969627.154184
2019-04-14 00:00:00 UTC,5158.369142245152,89541102801.68698,12196742094.401476
2019-04-15 00:00:00 UTC,5039.237917082102,90865414125.15685,12752658811.953716
2019-04-16 00:00:00 UTC,5200.957966785363,88941738724.2927,14013282908.24603
2019-04-17 00:00:00 UTC,5211.76307506232,91889749914.61052,13221063443.32287
2019-04-18 00:00:00 UTC,5276.28062283398,92108452847.4556,14320795334.94152
2019-04-19 00:00:00 UTC,5277.3032817995645,93182220778.60245,15204983936.745625
2019-04-20 00:00:00 UTC,5304.437842881504,93180758610.18872,15135523156.17424
2019-04-21 00:00:00 UTC,5299.116563390306,93715543144.08714,14891043713.657204
2019-04-22 00:00:00 UTC,5371.8817294500905,93787602669.78777,16369465376.03478
2019-04-23 00:00:00 UTC,5546.443825163196,94826474247.34712,16323578514.521456
2019-04-24 00:00:00 UTC,5440.62013749689,97969825291.49635,19205452782.63902
2019-04-25 00:00:00 UTC,5215.067108539764,96281623216.7639,19592739251.33826
2019-04-26 00:00:00 UTC,5268.634436916737,91925686579.51096,19372988780.133644
2019-04-27 00:00:00 UTC,5247.790113906327,92996095002.39902,19394344196.55864
2019-04-28 00:00:00 UTC,5261.794899291344,92717426096.83868,14848708169.68296
2019-04-29 00:00:00 UTC,5202.263752193602,92830659802.53416,14775709047.14975
2019-04-30 00:00:00 UTC,5294.861109199089,91939084674.17693,15419394841.231665
2019-05-01 00:00:00 UTC,5358.819809417621,93570145994.79088,16864173536.562592
2019-05-02 00:00:00 UTC,5456.9753319380925,94689727645.52235,15062989168.00612
2019-05-03 00:00:00 UTC,5723.138294875278,96366609543.79404,15987715673.212328
2019-05-04 00:00:00 UTC,5801.741911469359,101337489721.599,19708445486.471684
2019-05-05 00:00:00 UTC,5751.961875918576,102628528094.30702,18869126707.334503
2019-05-06 00:00:00 UTC,5714.973059049987,101696629614.86104,15653654636.877607
2019-05-07 00:00:00 UTC,5829.947453973835,101070853251.87663,16438651694.310848
2019-05-08 00:00:00 UTC,5957.433225627035,103045559142.60509,19479608906.51116
2019-05-09 00:00:00 UTC,6169.296927506541,105359081606.9256,16579562584.940018
2019-05-10 00:00:00 UTC,6371.258132906696,109136205527.06303,18385918300.869244
2019-05-11 00:00:00 UTC,7254.322679297741,112722346107.04446,20801201804.480213
2019-05-12 00:00:00 UTC,6970.102676701418,128468679814.3354,32382457804.45421
2019-05-13 00:00:00 UTC,7799.316047323681,123321004023.4115,31625969407.87555
2019-05-14 00:00:00 UTC,7975.433208074994,138101976618.09705,32168637464.14198
2019-05-15 00:00:00 UTC,8171.438074585826,141243366316.42114,35683804603.78028
2019-05-16 00:00:00 UTC,7886.828612129061,144676076389.4766,30813082409.636524
2019-05-17 00:00:00 UTC,7379.204621181529,139598164819.00247,34754801713.47631
2019-05-18 00:00:00 UTC,7280.38531782556,130648266255.60454,33165126882.305077
2019-05-19 00:00:00 UTC,8151.518944401423,129018971580.4384,22385924323.47343
2019-05-20 00:00:00 UTC,7983.431017558067,144579190108.77383,30985200192.25806
2019-05-21 00:00:00 UTC,7939.18974981156,141344342333.47852,28785100301.73776
2019-05-22 00:00:00 UTC,7657.502636924622,140660591677.87726,25168734024.106434
2019-05-23 00:00:00 UTC,7870.157897133678,135795896949.0334,24555347088.4684
2019-05-24 00:00:00 UTC,7981.151820181225,139402953101.37073,24669281293.27937
2019-05-25 00:00:00 UTC,8047.54130246668,141453990466.3037,26831165142.739113
2019-05-26 00:00:00 UTC,8644.447841468715,142574363873.139,23951918247.15367
2019-05-27 00:00:00 UTC,8772.080094499563,153287741982.47162,29317893132.95531
2019-05-28 00:00:00 UTC,8728.89477621102,155496837849.18613,33604916166.177124
2019-05-29 00:00:00 UTC,8646.267217241006,154768391529.00668,26951657852.80446
2019-05-30 00:00:00 UTC,8303.756801374977,153303354433.54877,27883955816.79318
2019-05-31 00:00:00 UTC,8569.37762252792,147243300864.08875,32745569696.12727
2019-06-01 00:00:00 UTC,8561.368073155638,152032527059.9378,30232688871.052517
2019-06-02 00:00:00 UTC,8744.426431595404,151840772776.71283,26629393224.27507
2019-06-03 00:00:00 UTC,8169.549127603576,155113288746.8047,25625422339.49787
2019-06-04 00:00:00 UTC,7700.513385481575,145012111286.51953,25017877270.239742
2019-06-05 00:00:00 UTC,7783.574091295092,136628619707.52834,25505680562.296295
2019-06-06 00:00:00 UTC,7810.866114040154,138646651967.63318,24522727987.746708
2019-06-07 00:00:00 UTC,8017.2116030094785,138738989808.38803,24602414024.01645
2019-06-08 00:00:00 UTC,7922.027455362952,142416459212.08804,23555298511.084347
2019-06-09 00:00:00 UTC,7651.841165389434,140989837680.33813,19699227971.179745
2019-06-10 00:00:00 UTC,8006.560845180042,135853472427.29369,20137436801.65157
2019-06-11 00:00:00 UTC,7913.178560792417,142144026998.9425,21719586685.32835
2019-06-12 00:00:00 UTC,8143.259182926312,140421331115.09525,20955715269.96047
2019-06-13 00:00:00 UTC,8236.629643682196,144602085279.0916,22077248626.79541
2019-06-14 00:00:00 UTC,8669.717761794634,146230619589.98373,22938957752.51829
2019-06-15 00:00:00 UTC,8824.923201834716,153907242110.47247,23348965439.05645
2019-06-16 00:00:00 UTC,8984.283284559659,156743519189.15216,21900225310.03185
2019-06-17 00:00:00 UTC,9317.543524296032,159564258074.25168,27364522337.902344
2019-06-18 00:00:00 UTC,9106.09708152744,165403832205.00577,27507529288.986137
2019-06-19 00:00:00 UTC,9279.70037938195,161726631044.81824,25091757611.632877
2019-06-20 00:00:00 UTC,9546.07166142528,164890340716.88455,22234552436.594143
2019-06-21 00:00:00 UTC,10159.851099424845,169631304136.4587,24734759540.036064
2019-06-22 00:00:00 UTC,10709.545317411024,180365073460.7372,28774454715.864166
2019-06-23 00:00:00 UTC,10868.044178445574,190606121508.78732,38872625299.08365
2019-06-24 00:00:00 UTC,11043.729034418506,193195374352.4589,29182210514.385136
2019-06-25 00:00:00 UTC,11813.162256746347,196332075684.29495,26755612252.633293
2019-06-26 00:00:00 UTC,13033.99811236535,210083174394.5867,33683928770.071194
2019-06-27 00:00:00 UTC,11359.851503352607,231850914728.49783,58828399365.75465
2019-06-28 00:00:00 UTC,12398.150873838793,202122655264.5113,52987639043.94437
2019-06-29 00:00:00 UTC,11952.198138798496,220517850794.90256,44970621973.60316
2019-06-30 00:00:00 UTC,10805.733149206844,212618592008.38205,37696253879.5465
2019-07-01 00:00:00 UTC,10612.555621297031,192205294309.62817,34799790015.928986
2019-07-02 00:00:00 UTC,10828.061551230778,188823418387.7933,37309028041.75278
2019-07-03 00:00:00 UTC,11995.914552667566,192661687677.43997,39039027054.48438
2019-07-04 00:00:00 UTC,11170.32364878146,213388748953.6144,39243519800.81794
2019-07-05 00:00:00 UTC,10978.383136609702,198798729820.3231,32854036867.01249
2019-07-06 00:00:00 UTC,11262.998454623756,195336759840.0739,30924138631.270824
2019-07-07 00:00:00 UTC,11451.4083411925,200461610811.73013,27934195966.606667
2019-07-08 00:00:00 UTC,12289.679386984146,203841619427.16977,25859004820.00872
2019-07-09 00:00:00 UTC,12571.046834450655,218849000064.3599,31051028020.2914
2019-07-10 00:00:00 UTC,12179.313507319526,223787787307.56396,35946061943.01419
2019-07-11 00:00:00 UTC,11418.47047193428,216959453299.51685,42220083538.30904
2019-07-12 00:00:00 UTC,11818.408640996304,203277804345.66412,37214383100.1278
2019-07-13 00:00:00 UTC,11421.962379034028,210564893057.0651,30074590051.17879
2019-07-14 00:00:00 UTC,10241.337909111284,203558956944.8374,28509149699.616817
2019-07-15 00:00:00 UTC,10878.713024498084,182482461877.56805,29665952639.941425
2019-07-16 00:00:00 UTC,9490.329510863436,194144724038.8736,37304101455.72844
2019-07-17 00:00:00 UTC,9689.492156071488,169375547066.6448,34279634236.62033
2019-07-18 00:00:00 UTC,10625.145177447042,172503534225.00217,33301742872.631374
2019-07-19 00:00:00 UTC,10538.055247431086,189253294412.70456,34053328224.6815
2019-07-20 00:00:00 UTC,10768.139790773152,187859605940.7648,28808075682.30227
2019-07-21 00:00:00 UTC,10585.591721225708,192036655780.91135,26245031629.38912
2019-07-22 00:00:00 UTC,10345.53684085097,188761135983.78543,22713685347.09101
2019-07-23 00:00:00 UTC,9894.805119133953,184477686839.64935,21913374112.089172
2019-07-24 00:00:00 UTC,9767.490496528077,176728047094.88068,22924120094.223003
2019-07-25 00:00:00 UTC,9878.659976320554,174422108289.00296,23692246437.549686
2019-07-26 00:00:00 UTC,9837.072126514682,176201148443.30237,21507584689.813976
2019-07-27 00:00:00 UTC,9480.330359463644,175516165231.91135,19926170450.713444
2019-07-28 00:00:00 UTC,9537.907002017102,169130121233.68143,21909012545.370487
2019-07-29 00:00:00 UTC,9511.736599257916,170128750211.10526,18630880826.591846
2019-07-30 00:00:00 UTC,9577.318815123615,169748673894.5046,18428845255.02897
2019-07-31 00:00:00 UTC,10077.885351476623,170917973810.12756,20117639539.989506
2019-08-01 00:00:00 UTC,10372.46443694531,179895480973.64026,23028323123.23337
2019-08-02 00:00:00 UTC,10524.545764773096,185165957240.6425,23584723076.49091
2019-08-03 00:00:00 UTC,10798.14306683946,187917039860.1635,23972206202.72849
2019-08-04 00:00:00 UTC,10944.415276436252,192782814903.04193,22285339494.83336
2019-08-05 00:00:00 UTC,11792.372138601297,195447688222.63715,23292890005.459
2019-08-06 00:00:00 UTC,11490.850027168432,210731223104.17743,30878343272.755024
2019-08-07 00:00:00 UTC,11926.70720132253,205367776850.41733,31585634019.452698
2019-08-08 00:00:00 UTC,12000.033897246272,213107797916.60876,29930176963.366016
2019-08-09 00:00:00 UTC,11857.866634029171,214558421246.0969,26749719946.9196
2019-08-10 00:00:00 UTC,11326.489432981847,211863679780.9432,26147857406.257355
2019-08-11 00:00:00 UTC,11559.826143264208,202397975404.17233,24952829994.319477
2019-08-12 00:00:00 UTC,11376.66881216511,206550227806.17963,23107198859.299965
2019-08-13 00:00:00 UTC,10888.344033846235,203355718204.16913,19811781416.120888
2019-08-14 00:00:00 UTC,10050.481859686835,194862519484.512,22569975635.742126
2019-08-15 00:00:00 UTC,10310.364034091552,179321303549.20108,26803381490.708443
2019-08-16 00:00:00 UTC,10359.622134748126,184421687850.2966,30871320205.73785
2019-08-17 00:00:00 UTC,10251.319802876696,185268944576.8622,28238228045.881256
2019-08-18 00:00:00 UTC,10308.768061245386,182820138457.51465,21098987548.79894
2019-08-19 00:00:00 UTC,10907.868308439403,184449435635.51297,19207153519.96504
2019-08-20 00:00:00 UTC,10733.737331318149,195148779527.938,21895238288.986004
2019-08-21 00:00:00 UTC,10175.655714895636,191983083206.3169,19570165335.61581
2019-08-22 00:00:00 UTC,10101.926974399836,181945136512.276,23837713220.62748
2019-08-23 00:00:00 UTC,10388.89623171446,181076911682.3589,20134412225.898327
2019-08-24 00:00:00 UTC,10154.214495384284,185870099680.4604,18326203210.52145
2019-08-25 00:00:00 UTC,10113.491446077102,181594779175.0599,21476251271.954132
2019-08-26 00:00:00 UTC,10351.326376829931,180855903698.34933,18121006885.501637
2019-08-27 00:00:00 UTC,10165.567682132349,185117780480.79895,23066020157.240726
2019-08-28 00:00:00 UTC,9734.452479284257,182186735062.37912,20647986061.472767
2019-08-29 00:00:00 UTC,9499.616108517825,174654402964.83987,22936370835.714005
2019-08-30 00:00:00 UTC,9596.141592555476,169936355884.7889,20556019796.79343
2019-08-31 00:00:00 UTC,9599.359231520217,171711072427.9131,16970674484.490765
2019-09-01 00:00:00 UTC,9744.302911486297,171978961042.5291,15383985148.95898
2019-09-02 00:00:00 UTC,10324.226903983448,174523505367.22797,15006377207.355576
2019-09-03 00:00:00 UTC,10585.59343955368,184705740949.922,21434268812.385868
2019-09-04 00:00:00 UTC,10568.633033940068,189627667129.4323,23551635081.68261
2019-09-05 00:00:00 UTC,10565.483746002306,189429236725.78445,21178593064.951027
2019-09-06 00:00:00 UTC,10315.242864394497,189351365458.6751,18684279459.655888
2019-09-07 00:00:00 UTC,10462.532548010397,185447642779.1473,23744742429.30744
2019-09-08 00:00:00 UTC,10393.612679183703,187444484091.57953,18610360444.970467
2019-09-09 00:00:00 UTC,10304.07348435628,186545357816.75464,16362659789.288076
2019-09-10 00:00:00 UTC,10127.711909143114,184858973773.36972,20952050810.84065
2019-09-11 00:00:00 UTC,10169.12299122273,181571138263.90405,17411027868.791058
2019-09-12 00:00:00 UTC,10416.931015033988,182119147229.54733,19984802667.72312
2019-09-13 00:00:00 UTC,10364.972388942131,186680300545.20343,18135031877.01472
2019-09-14 00:00:00 UTC,10349.032634275038,185791118116.52597,16625752260.244232
2019-09-15 00:00:00 UTC,10313.669323662789,185596967257.2546,16233289917.38329
2019-09-16 00:00:00 UTC,10269.402839208458,185013959868.28473,14191705497.224497
2019-09-17 00:00:00 UTC,10197.40173861118,184298715211.5302,17620570203.60829
2019-09-18 00:00:00 UTC,10157.89121145748,183068496432.78772,17267746250.81998
2019-09-19 00:00:00 UTC,10256.833386208556,182293416162.91864,18870917446.77199
2019-09-20 00:00:00 UTC,10176.768665141206,183982642401.48547,23842973522.85846
2019-09-21 00:00:00 UTC,9989.048910953125,182681472126.7205,17259875472.761337
2019-09-22 00:00:00 UTC,10026.76677046366,179462956283.068,15273299233.918686
2019-09-23 00:00:00 UTC,9711.394223244017,180261864537.87436,16214240839.547812
2019-09-24 00:00:00 UTC,8601.35975439145,174361739432.1369,17841715234.950436
2019-09-25 00:00:00 UTC,8434.565543784443,154440958150.3173,27754582770.169224
2019-09-26 00:00:00 UTC,8084.63101827635,151462546782.46408,24828604895.337975
2019-09-27 00:00:00 UTC,8188.40520906585,145450672156.79562,22321902807.79791
2019-09-28 00:00:00 UTC,8246.685807659724,146972295675.3739,19699910486.37936
2019-09-29 00:00:00 UTC,8053.961697962435,148136346958.94727,17944111631.965855
2019-09-30 00:00:00 UTC,8288.45178400143,144922963371.47607,16578374676.60693
2019-10-01 00:00:00 UTC,8293.173605889644,148605940372.4469,21802323937.105984
2019-10-02 00:00:00 UTC,8377.674504711811,148765212481.02316,19968226996.32506
2019-10-03 00:00:00 UTC,8211.618971566679,150346803070.61414,17863747294.814796
2019-10-04 00:00:00 UTC,8149.692348067792,146820680339.45093,18050410557.301346
2019-10-05 00:00:00 UTC,8157.704880990327,146603545122.07248,16848976029.42983
2019-10-06 00:00:00 UTC,7888.638230707884,146326858013.4359,16752915156.976831
2019-10-07 00:00:00 UTC,8200.580475301074,141889360862.0629,16813767220.715614
2019-10-08 00:00:00 UTC,8173.786296502961,147113201630.43686,21669723229.119507
2019-10-09 00:00:00 UTC,8557.253569057173,147101302074.693,19278752840.27549
2019-10-10 00:00:00 UTC,8573.121855721076,153766605871.39676,23097909016.757507
2019-10-11 00:00:00 UTC,8293.951753184536,153982442370.57513,21267781612.40509
2019-10-12 00:00:00 UTC,8304.051526015013,148929013049.4237,22519809876.653538
2019-10-13 00:00:00 UTC,8274.559324405533,149442637270.31177,17953692887.98032
2019-10-14 00:00:00 UTC,8361.529535822889,148865213732.29453,16893598398.228834
2019-10-15 00:00:00 UTC,8169.490375168377,150188449071.35995,17603546164.920097
2019-10-16 00:00:00 UTC,8000.173278464726,147095401685.14508,17764665019.299706
2019-10-17 00:00:00 UTC,8074.0459497018865,144153894666.31094,18790066091.114594
2019-10-18 00:00:00 UTC,7953.287379508897,145316477151.58582,17111989864.566128
2019-10-19 00:00:00 UTC,7956.018905978894,143223763588.08902,18190011596.191784
2019-10-20 00:00:00 UTC,8214.094519445178,143129530680.01852,16663261521.74684
2019-10-21 00:00:00 UTC,8215.426194779837,147797931628.35986,18322031781.006325
2019-10-22 00:00:00 UTC,8043.394342813504,148043897286.7183,17548400116.202164
2019-10-23 00:00:00 UTC,7500.295701619647,144875398694.01068,19790524532.9177
2019-10-24 00:00:00 UTC,7435.014328565396,134540269089.0352,24450825466.079617
2019-10-25 00:00:00 UTC,8656.788609704528,133892812620.5115,18750225407.453262
2019-10-26 00:00:00 UTC,9220.18263330123,155936135626.36243,33604047737.98204
2019-10-27 00:00:00 UTC,9529.709177005405,165645245252.5672,52680211467.763374
2019-10-28 00:00:00 UTC,9237.686174898436,171198362225.06113,38235716104.90032
2019-10-29 00:00:00 UTC,9399.440024720285,166444740351.55414,36095548404.72393
2019-10-30 00:00:00 UTC,9171.429272087862,169504419088.09778,33542523915.119022
2019-10-31 00:00:00 UTC,9145.800503740013,165289440818.62827,30856203717.415432
2019-11-01 00:00:00 UTC,9234.301641393493,164834872228.5123,30405941152.84858
2019-11-02 00:00:00 UTC,9310.986636892254,166444935034.6219,28241899660.28864
2019-11-03 00:00:00 UTC,9212.138210249748,167683055338.31747,24627095953.964653
2019-11-04 00:00:00 UTC,9372.35056931845,165919996126.5985,23913503986.359516
2019-11-05 00:00:00 UTC,9295.86553358005,168980434750.87665,30804838667.91446
2019-11-06 00:00:00 UTC,9333.243292781724,167676477990.56866,30234112301.447117
2019-11-07 00:00:00 UTC,9220.224949056696,168307776285.2267,28759885111.215343
2019-11-08 00:00:00 UTC,8778.08409838881,166300332150.31128,27102482893.563572
2019-11-09 00:00:00 UTC,8809.398742089006,158619022798.02048,28893584984.571236
2019-11-10 00:00:00 UTC,9048.980709512294,158906022337.30338,22724517786.00028
2019-11-11 00:00:00 UTC,8739.45215246116,163150579296.83078,24442832749.365307
2019-11-12 00:00:00 UTC,8803.43844681904,157811256019.06897,25459702028.566692
2019-11-13 00:00:00 UTC,8784.411661534206,158722325407.9381,25642436194.939224
2019-11-14 00:00:00 UTC,8651.135675141373,158284301962.5671,22901653053.46634
2019-11-15 00:00:00 UTC,8480.295972981161,156130100423.757,24400622828.561836
2019-11-16 00:00:00 UTC,8500.143752136255,153066374208.71942,27102067112.88474
2019-11-17 00:00:00 UTC,8504.491840347962,153372348678.02158,21260501239.053425
2019-11-18 00:00:00 UTC,8199.14889051908,153606268627.94754,23430340204.586388
2019-11-19 00:00:00 UTC,8133.588164347108,148089631526.6356,25227377308.79253
2019-11-20 00:00:00 UTC,8094.4573824785775,146964377967.86673,24766239733.337654
2019-11-21 00:00:00 UTC,7650.28961936419,146201618383.72458,23380199070.521164
2019-11-22 00:00:00 UTC,7292.800662600939,138168147474.00238,27441268661.32371
2019-11-23 00:00:00 UTC,7331.155815144429,131723747001.6055,39161597418.03889
2019-11-24 00:00:00 UTC,6944.160209022744,132153647357.58482,24191229917.925938
2019-11-25 00:00:00 UTC,7117.338257565031,125320006136.41444,24988292587.45357
2019-11-26 00:00:00 UTC,7157.696243386445,128574687771.83884,34509923382.578156
2019-11-27 00:00:00 UTC,7487.693408365503,129332470239.75832,25651848402.159435
2019-11-28 00:00:00 UTC,7422.143213883432,135280930611.90536,28988549437.476616
2019-11-29 00:00:00 UTC,7722.934758508881,134454677590.84126,22194281655.464645
2019-11-30 00:00:00 UTC,7554.983233578741,139550288231.5383,23600301846.378227
2019-12-01 00:00:00 UTC,7404.326985505992,136654144715.20872,19031286323.7163
2019-12-02 00:00:00 UTC,7318.658107303137,133870395405.1507,22739593680.28788
2019-12-03 00:00:00 UTC,7286.286613374914,132084319082.0279,19167800211.586872
2019-12-04 00:00:00 UTC,7188.430285063448,131744001332.84927,17191780066.87703
2019-12-05 00:00:00 UTC,7385.027305786277,129992877613.7305,24684391463.710796
2019-12-06 00:00:00 UTC,7529.131912677065,133644089121.62453,22371579951.550564
2019-12-07 00:00:00 UTC,7494.615039825538,136181757993.74684,20925159206.69261
2019-12-08 00:00:00 UTC,7507.968887375266,135623414731.05952,17005296752.500431
2019-12-09 00:00:00 UTC,7358.096044354261,135827506034.02132,17356524418.31249
2019-12-10 00:00:00 UTC,7226.015407263351,133091781420.79082,20570528972.969727
2019-12-11 00:00:00 UTC,7197.7919354534915,130854825694.18369,19683096520.2918
2019-12-12 00:00:00 UTC,7207.6760782481315,130254568243.84058,18017654088.38065
2019-12-13 00:00:00 UTC,7248.299478344303,130302840919.38667,19560067725.107327
2019-12-14 00:00:00 UTC,7080.306901388517,131181206081.3772,18637887161.5692
2019-12-15 00:00:00 UTC,7120.319579883709,128167092461.9276,19485090160.624485
2019-12-16 00:00:00 UTC,6899.132917610734,128886696696.6067,18807611034.98952
2019-12-17 00:00:00 UTC,6627.931295217384,124911816394.42734,22205858576.573883
2019-12-18 00:00:00 UTC,7271.555457722836,120006397756.07578,26487782510.6289
2019-12-19 00:00:00 UTC,7156.445222732343,131659961109.51382,57038176212.446915
2019-12-20 00:00:00 UTC,7189.826747760178,129498636860.963,23485013917.40039
2019-12-21 00:00:00 UTC,7141.5234302938,130148243136.83649,22774665548.34535
2019-12-22 00:00:00 UTC,7486.257715463418,129342305760.32504,18383158088.72326
2019-12-23 00:00:00 UTC,7334.914536959466,135629092500.3794,24337345639.35091
2019-12-24 00:00:00 UTC,7268.856636371546,132900399630.85144,30230293423.8951
2019-12-25 00:00:00 UTC,7208.807361342049,131714953236.5388,26528045471.615726
2019-12-26 00:00:00 UTC,7195.762665098029,130554504872.06915,24016285745.993313
2019-12-27 00:00:00 UTC,7254.115054755129,130647647779.27254,24711934955.17981
2019-12-28 00:00:00 UTC,7304.134874046789,131377167769.42114,26102545283.98423
2019-12-29 00:00:00 UTC,7394.433426006877,132479518438.79732,21877832683.044643
2019-12-30 00:00:00 UTC,7223.330931045177,134059229405.14818,22047566172.80654
2019-12-31 00:00:00 UTC,7193.955621011728,131377523457.072,22782994760.21644
2020-01-01 00:00:00 UTC,7194.407630978279,130474308898.8641,21157334607.466656
2020-01-02 00:00:00 UTC,6963.307393601156,130476583304.88055,18187191950.132072
2020-01-03 00:00:00 UTC,7323.155630120999,126297419576.49936,20312047792.0858
2020-01-04 00:00:00 UTC,7348.622531723774,132839296947.03365,31115748697.199432
2020-01-05 00:00:00 UTC,7350.057056587982,133367028438.712,20601229089.632244
2020-01-06 00:00:00 UTC,7734.448551021545,133388991086.87988,21929550587.46159
2020-01-07 00:00:00 UTC,8138.670281170921,140345528995.94406,28147692296.51257
2020-01-08 00:00:00 UTC,8027.563810031174,147851229917.9929,36008908085.010445
2020-01-09 00:00:00 UTC,7826.991054340183,146089575425.2795,39842064602.42155
2020-01-10 00:00:00 UTC,8151.936164468764,142127919509.59418,29466508373.243587
2020-01-11 00:00:00 UTC,7983.409702351183,148537684136.9708,35625793701.05049
2020-01-12 00:00:00 UTC,8160.008908709952,144941597339.58154,31386361053.58733
2020-01-13 00:00:00 UTC,8099.449851825329,148204228775.38776,27495019596.488735
2020-01-14 00:00:00 UTC,8795.71392729328,147446058196.45944,27976633262.745056
2020-01-15 00:00:00 UTC,8821.031055949497,159737087146.50674,55338935488.45052
2020-01-16 00:00:00 UTC,8737.33311190599,160213846612.2666,48161460384.12748
2020-01-17 00:00:00 UTC,8883.579707888275,158412991117.64667,36703832342.64979
2020-01-18 00:00:00 UTC,8905.116709954507,161392454803.90683,41555038755.20728
2020-01-19 00:00:00 UTC,8690.270063438755,161823609428.34625,36794732039.41705
2020-01-20 00:00:00 UTC,8631.414191722522,157906057309.30655,39234990905.96026
2020-01-21 00:00:00 UTC,8718.034343754067,156848009983.54858,29532310478.434143
2020-01-22 00:00:00 UTC,8665.854062588545,158564958350.98007,27037078209.86431
2020-01-23 00:00:00 UTC,8415.124625083768,157502652064.02246,25644953827.914436
2020-01-24 00:00:00 UTC,8431.397750084416,152984928858.5764,30698583490.209457
2020-01-25 00:00:00 UTC,8346.729980455291,153294353936.51035,30693077438.395348
2020-01-26 00:00:00 UTC,8597.062247566197,151794495723.25214,26572819961.466335
2020-01-27 00:00:00 UTC,8878.393338590433,156302144661.30927,30249986834.392017
2020-01-28 00:00:00 UTC,9336.812110358023,161473602737.4275,39653371475.72704
2020-01-29 00:00:00 UTC,9276.19084462957,169518428144.8912,49511032405.0956
2020-01-30 00:00:00 UTC,9505.254134032297,168738228801.50467,47266641385.0094
2020-01-31 00:00:00 UTC,9311.959002206844,172993102966.37723,49060723208.27723
2020-02-01 00:00:00 UTC,9357.806226400871,169340144566.23718,50104652516.30197
2020-02-02 00:00:00 UTC,9321.97599282304,170361167834.16483,47760828036.94495
2020-02-03 00:00:00 UTC,9303.212634450008,169926610304.08496,55117312633.88886
2020-02-04 00:00:00 UTC,9182.733699382856,169406963182.6937,56434473187.00801
2020-02-05 00:00:00 UTC,9585.978682079174,167075369075.11478,55482611120.92461
2020-02-06 00:00:00 UTC,9757.20895259348,174596806174.2994,65647903276.58362
2020-02-07 00:00:00 UTC,9805.895660154336,177388314197.5645,71155600418.80533
2020-02-08 00:00:00 UTC,9889.452033865236,178527399106.3503,69818819951.7297
2020-02-09 00:00:00 UTC,10156.019570019367,180081607384.42255,71715308283.49245
2020-02-10 00:00:00 UTC,9880.447028834042,184792100015.16357,78133897478.83723
2020-02-11 00:00:00 UTC,10228.70888542703,179940116429.28503,81719527610.19424
2020-02-12 00:00:00 UTC,10328.3906607832,186291604870.2093,37068661240.02216
2020-02-13 00:00:00 UTC,10223.049331928622,188132988212.86743,45476143983.715385
2020-02-14 00:00:00 UTC,10317.510947695906,186190344916.03287,54181142505.49065
2020-02-15 00:00:00 UTC,9896.241511754071,188133751770.28864,50334665498.785934
2020-02-16 00:00:00 UTC,9934.92267128886,180265718400.57037,51478861829.229454
2020-02-17 00:00:00 UTC,9722.13723983874,181026580570.22745,42349835156.175125
2020-02-18 00:00:00 UTC,10155.321219741874,177195072710.6371,48433403638.838806
2020-02-19 00:00:00 UTC,9625.616779434944,184719752150.26257,53325095848.841515
2020-02-20 00:00:00 UTC,9601.61638313047,175312937106.92148,50536822619.711395
2020-02-21 00:00:00 UTC,9668.088916380526,175141551104.08917,53145516513.16845
2020-02-22 00:00:00 UTC,9655.99759626684,176337681133.13046,37685552382.80154
2020-02-23 00:00:00 UTC,9946.59916386754,176097270350.4831,32546925817.71923
2020-02-24 00:00:00 UTC,9665.379891053512,181368043820.09412,38763319865.062584
2020-02-25 00:00:00 UTC,9332.97077875199,176254842429.34598,41995792768.27179
2020-02-26 00:00:00 UTC,8806.423417766055,170210287901.75888,39391546621.81938
2020-02-27 00:00:00 UTC,8816.639188373178,160535404757.30313,46113305890.99762
2020-02-28 00:00:00 UTC,8724.311046448387,160177962755.52072,43247731678.16311
2020-02-29 00:00:00 UTC,8547.972078944054,159030381910.26715,41251015203.29329
2020-03-01 00:00:00 UTC,8517.415469535852,156047250857.11172,33292398775.7883
2020-03-02 00:00:00 UTC,8912.01369309675,156336576250.22058,34015136879.836193
2020-03-03 00:00:00 UTC,8752.80424272246,162521881368.8758,59839146808.92233
2020-03-04 00:00:00 UTC,8766.141257840443,159816567727.14258,68291123765.43704
2020-03-05 00:00:00 UTC,9047.879479543912,159869936941.09732,38775426854.95126
2020-03-06 00:00:00 UTC,9128.43843842664,165125668336.4718,38181500758.38516
2020-03-07 00:00:00 UTC,8910.021513386804,166791067805.42844,41279426932.87635
2020-03-08 00:00:00 UTC,8050.8734537828595,162543409238.00458,36813575393.14833
2020-03-09 00:00:00 UTC,7954.514261438367,147076617271.6885,39519896235.72351
2020-03-10 00:00:00 UTC,7905.672015009207,144664117909.4077,48340989627.4824
2020-03-11 00:00:00 UTC,7939.24238984196,144410718987.88852,41570847314.99158
2020-03-12 00:00:00 UTC,5154.338866193685,144948460093.29614,38691333223.45523
2020-03-13 00:00:00 UTC,5553.141564254491,93092131086.97026,50376596743.18987
2020-03-14 00:00:00 UTC,5205.290907707675,101262945297.35812,74023472165.4486
2020-03-15 00:00:00 UTC,5354.897643269907,95216478864.65564,36326489327.64812
2020-03-16 00:00:00 UTC,5054.115037104865,98632587514.00249,34762961561.912415
2020-03-17 00:00:00 UTC,5314.727245838241,91962797384.28252,44191570772.43495
2020-03-18 00:00:00 UTC,5372.689975201689,97128298612.59456,37398799506.16401
2020-03-19 00:00:00 UTC,6136.488276536445,98259998309.05324,37602898881.97667
2020-03-20 00:00:00 UTC,6213.606045277658,112778383593.4914,50012618241.36327
2020-03-21 00:00:00 UTC,6171.22557492996,113251214610.8102,51333512691.72865
2020-03-22 00:00:00 UTC,5848.0376846942845,112349835902.32983,40517446320.59172
2020-03-23 00:00:00 UTC,6469.059735452102,107128564670.89128,37078890678.824
2020-03-24 00:00:00 UTC,6740.397391846246,118046727572.5451,43438056173.55811
2020-03-25 00:00:00 UTC,6701.0731564267335,123064256188.85924,45892072971.98674
2020-03-26 00:00:00 UTC,6784.94579063056,122445336599.19923,42090785532.681725
2020-03-27 00:00:00 UTC,6403.779257173995,123732739823.4625,34395662606.84541
2020-03-28 00:00:00 UTC,6264.742565850398,117019679177.8136,33022683269.120045
2020-03-29 00:00:00 UTC,5905.517143408507,114667647829.3101,35039785595.32017
2020-03-30 00:00:00 UTC,6403.141235565223,108036192039.43529,26122005648.257427
2020-03-31 00:00:00 UTC,6419.4861677624895,117151628726.53436,34907149977.57921
2020-04-01 00:00:00 UTC,6638.915017293453,117750205634.39989,32177731370.30746
2020-04-02 00:00:00 UTC,6767.374255098052,121525182803.57248,35990695800.2499
2020-04-03 00:00:00 UTC,6733.294077002365,124719708453.63536,46971388521.98575
2020-04-04 00:00:00 UTC,6859.592068548372,123234164427.70816,39860461648.45178
2020-04-05 00:00:00 UTC,6778.670687041374,125564427826.17566,35009467577.97846
2020-04-06 00:00:00 UTC,7280.012948899204,124272363451.93964,31844837641.510357
2020-04-07 00:00:00 UTC,7197.924942928964,133484854333.44952,47389328344.20777
2020-04-08 00:00:00 UTC,7339.038865929764,131782164465.85344,43381246999.81122
2020-04-09 00:00:00 UTC,7294.223457094295,134386628574.39732,38822734058.96468
2020-04-10 00:00:00 UTC,6864.730712082485,133598651281.71776,34918378866.91868
2020-04-11 00:00:00 UTC,6880.895001751869,125740858699.27551,37829268905.22442
2020-04-12 00:00:00 UTC,6907.730675200639,126051198107.8325,29785135867.2175
2020-04-13 00:00:00 UTC,6865.120044762625,126655463658.31229,34649266324.34716
2020-04-14 00:00:00 UTC,6857.630132373007,125651103790.21223,37970384577.43776
2020-04-15 00:00:00 UTC,6628.929826607417,125713883015.64565,33830104768.20144
2020-04-16 00:00:00 UTC,7059.933663113697,121499498109.80827,30430559734.71244
2020-04-17 00:00:00 UTC,7034.291436286744,129402884477.95892,45751956358.88661
2020-04-18 00:00:00 UTC,7238.067334744732,128961704237.38852,31715629467.522064
2020-04-19 00:00:00 UTC,7127.105862634508,132775323305.43571,32332201150.11205
2020-04-20 00:00:00 UTC,6851.600359680219,130680700686.31036,29725098481.413467
2020-04-21 00:00:00 UTC,6843.027652784959,125724610427.89977,35253416755.03142
2020-04-22 00:00:00 UTC,7105.684057934483,125473149029.1152,30072715962.50809
2020-04-23 00:00:00 UTC,7392.487398801739,130398643209.39326,32058345730.91413
2020-04-24 00:00:00 UTC,7498.291812370223,135414822709.73112,41320889955.603195
2020-04-25 00:00:00 UTC,7538.7326857819235,137493716065.4006,33227717162.982365
2020-04-26 00:00:00 UTC,7702.301102265968,138298135122.85803,31607925776.120365
2020-04-27 00:00:00 UTC,7775.903825560705,140977260141.33173,34018067824.759094
2020-04-28 00:00:00 UTC,7750.20947135282,142649802462.8293,35112254191.69952
2020-04-29 00:00:00 UTC,8736.568764728003,142370212777.1421,32822906043.957394
2020-04-30 00:00:00 UTC,8640.023944017272,160483573440.17792,60400546450.023224
2020-05-01 00:00:00 UTC,8824.780445259432,158042623264.3916,66101989850.73703
2020-05-02 00:00:00 UTC,8962.043293589113,161989355178.82224,44734126149.22858
2020-05-03 00:00:00 UTC,8896.17356051668,164603123455.99927,39148496329.92756
2020-05-04 00:00:00 UTC,8880.290216596404,163253349991.20886,45771229089.0177
2020-05-05 00:00:00 UTC,9003.571868696343,163041700126.25394,44704197711.89294
2020-05-06 00:00:00 UTC,9099.498028931865,165335617639.04947,43440501167.49184
2020-05-07 00:00:00 UTC,9922.863971128556,167950864937.1468,48420316504.91373
2020-05-08 00:00:00 UTC,9816.476846459836,182927847431.44943,61487600513.36465
2020-05-09 00:00:00 UTC,9555.958012034978,180421762956.3486,50930750692.93023
2020-05-10 00:00:00 UTC,8752.679539174675,175752574354.63544,46604724894.86312
2020-05-11 00:00:00 UTC,8601.939124266702,160814678353.7077,61705207437.68784
2020-05-12 00:00:00 UTC,8788.466749414652,158113540964.46692,57711730058.38354
2020-05-13 00:00:00 UTC,9289.8358054975,161474125336.405,39515455755.72524
2020-05-14 00:00:00 UTC,9796.494527024528,170593350055.82486,43131804360.67562
2020-05-15 00:00:00 UTC,9309.29535940684,179398095871.3398,52076585310.72393
2020-05-16 00:00:00 UTC,9338.5230535492,170983863891.47488,44866846516.37974
2020-05-17 00:00:00 UTC,9666.32719340344,172309401206.74423,33202750100.941128
2020-05-18 00:00:00 UTC,9714.57593715154,177224284369.1316,35650032953.969925
2020-05-19 00:00:00 UTC,9760.198937162191,178446153576.46417,38749755260.10738
2020-05-20 00:00:00 UTC,9526.50759300584,179127815802.66245,37077538114.72087
2020-05-21 00:00:00 UTC,9059.962506871729,175227227252.9058,34829170074.82492
2020-05-22 00:00:00 UTC,9153.336643327631,166569335290.8396,35965016693.72406
2020-05-23 00:00:00 UTC,9170.361063506129,168177855860.97937,29868806808.874863
2020-05-24 00:00:00 UTC,8731.848525870651,168614573110.75775,26159735072.083897
2020-05-25 00:00:00 UTC,8883.691769863415,161407638875.36517,29437505507.203728
2020-05-26 00:00:00 UTC,8839.130663273247,163333743988.58344,29130957734.103832
2020-05-27 00:00:00 UTC,9174.118563996424,162547226896.53772,26860828302.61543
2020-05-28 00:00:00 UTC,9546.031829381758,168615778509.82266,28916177009.890633
2020-05-29 00:00:00 UTC,9427.017327512052,175534414971.32306,31771159357.07755
2020-05-30 00:00:00 UTC,9677.947036438934,173355014878.4796,28879934300.96051
2020-05-31 00:00:00 UTC,9453.177748595534,177978616382.68933,30256184853.03839
2020-06-01 00:00:00 UTC,10167.93069332851,174105710752.04755,27352311471.400276
2020-06-02 00:00:00 UTC,9515.243858655718,186932702065.96875,33702539853.509113
2020-06-03 00:00:00 UTC,9645.227869360308,175463166971.51956,36841150778.6441
2020-06-04 00:00:00 UTC,9776.548509639004,177416480472.83005,25222025158.95508
2020-06-05 00:00:00 UTC,9636.965527050055,180127696281.57962,25178403205.48062
2020-06-06 00:00:00 UTC,9662.85870900224,177373937377.29663,23447982002.19483
2020-06-07 00:00:00 UTC,9742.756573901792,177901732349.93213,19374357195.06036
2020-06-08 00:00:00 UTC,9773.295663583993,179167717944.46164,23884558778.045387
2020-06-09 00:00:00 UTC,9767.14416380804,179810911053.20026,21155642776.910248
2020-06-10 00:00:00 UTC,9885.958645254002,179709840753.7975,22910586785.257977
2020-06-11 00:00:00 UTC,9317.698254641606,181705166673.57465,24395380527.67668
2020-06-12 00:00:00 UTC,9469.60481471112,171615707160.27472,31191058034.872826
2020-06-13 00:00:00 UTC,9470.8271075343,174266571295.67957,23598146194.87788
2020-06-14 00:00:00 UTC,9334.197295023692,174275005803.05463,19533712838.05752
2020-06-15 00:00:00 UTC,9426.908887752152,172116372679.33923,19129308570.8996
2020-06-16 00:00:00 UTC,9523.07451108748,173598215783.88248,29657214981.545544
2020-06-17 00:00:00 UTC,9460.750838615786,175335375059.60278,26460717219.62075
2020-06-18 00:00:00 UTC,9394.752594911097,174149773901.40897,23304696333.50197
2020-06-19 00:00:00 UTC,9321.94352391611,173034439845.62103,20585080401.12302
2020-06-20 00:00:00 UTC,9360.744469857003,171610156612.63608,23767561615.647167
2020-06-21 00:00:00 UTC,9298.531041718395,172323213442.3655,19775576737.726753
2020-06-22 00:00:00 UTC,9678.714808481982,171192409474.1401,18993154301.33693
2020-06-23 00:00:00 UTC,9624.244696269336,178396583188.4736,22364382511.568333
2020-06-24 00:00:00 UTC,9290.676279816162,177210370658.87402,17699773327.6072
2020-06-25 00:00:00 UTC,9258.252117184313,171028279701.5032,23211262277.653957
2020-06-26 00:00:00 UTC,9150.774872350888,170495281892.45944,23488295391.393288
2020-06-27 00:00:00 UTC,9029.793044341955,168807143703.19455,22408861512.464462
2020-06-28 00:00:00 UTC,9133.238678973075,166004979429.79742,21897635166.537663
2020-06-29 00:00:00 UTC,9185.757737826936,168334049772.4726,19332898522.843266
2020-06-30 00:00:00 UTC,9139.508463466109,169175896894.16483,20151353240.14517
2020-07-01 00:00:00 UTC,9230.784837414722,168372102086.96786,19664081596.37183
2020-07-02 00:00:00 UTC,9086.492349108998,170031996602.76715,20003515284.00711
2020-07-03 00:00:00 UTC,9061.528847071806,167529230889.35635,18201269837.727787
2020-07-04 00:00:00 UTC,9137.06883758589,167116284671.21997,17400646781.63897
2020-07-05 00:00:00 UTC,9086.755673473152,168258822207.29507,16564851427.898691
2020-07-06 00:00:00 UTC,9336.67656585067,167429736492.90482,17329756505.863033
2020-07-07 00:00:00 UTC,9256.84535649608,172136257752.3712,21967905301.70029
2020-07-08 00:00:00 UTC,9431.596313670882,170510411872.0138,18919591360.37229
2020-07-09 00:00:00 UTC,9232.78854450316,173809293389.63837,19560507212.668987
2020-07-10 00:00:00 UTC,9285.546718234,170198606143.6283,19392074934.83263
2020-07-11 00:00:00 UTC,9234.64549083176,171074785381.81696,17499295465.838276
2020-07-12 00:00:00 UTC,9305.58399599834,170191069703.26535,16200463903.399029
2020-07-13 00:00:00 UTC,9241.596336015877,171364106456.32056,17204414283.821083
2020-07-14 00:00:00 UTC,9250.33226482422,170342489904.89505,18777132242.901455
2020-07-15 00:00:00 UTC,9199.281178759386,170451532161.73575,19087432075.224194
2020-07-16 00:00:00 UTC,9134.073816296,169580192892.90897,17134616752.495644
2020-07-17 00:00:00 UTC,9155.174228936758,168384422089.4056,19139088247.03899
2020-07-18 00:00:00 UTC,9171.156489510937,168789350364.40414,16482779483.62538
2020-07-19 00:00:00 UTC,9203.95027589726,169031588403.36658,15635516475.441525
2020-07-20 00:00:00 UTC,9160.036130498293,169692625141.8043,15805507377.124872
2020-07-21 00:00:00 UTC,9386.301504780678,168897802002.91336,17476823135.85075
2020-07-22 00:00:00 UTC,9517.83929578478,173036757675.6725,20039415975.81076
2020-07-23 00:00:00 UTC,9593.93362530674,175495934887.60873,19958939412.27869
2020-07-24 00:00:00 UTC,9541.317083232258,176913344234.3178,27176255075.111713
2020-07-25 00:00:00 UTC,9696.21520712928,175930468194.44968,35654032570.21085
2020-07-26 00:00:00 UTC,9927.219520348555,178740874539.49573,36752598704.708176
2020-07-27 00:00:00 UTC,11043.4986212258,183064851468.00015,19570624669.98228
2020-07-28 00:00:00 UTC,10907.620777321454,202191797991.40768,58316428941.688835
2020-07-29 00:00:00 UTC,11100.323141738669,201144184191.06567,27612485204.32718
2020-07-30 00:00:00 UTC,11095.665491962383,204634990109.6486,23693121789.89786
2020-07-31 00:00:00 UTC,11344.971715739626,204682218443.8462,22233122668.00056
2020-08-01 00:00:00 UTC,11803.59347230334,208933774575.1489,20015324064.173286
2020-08-02 00:00:00 UTC,11069.446317521928,217762642806.3492,26070830633.5848
2020-08-03 00:00:00 UTC,11252.174784601932,204195420676.6082,27618810593.15998
2020-08-04 00:00:00 UTC,11194.901433965742,207218525401.74573,20546089428.215534
2020-08-05 00:00:00 UTC,11747.235449208802,206583502227.5565,20478685970.380253
2020-08-06 00:00:00 UTC,11766.207936156934,216249264843.7021,22405650246.974377
2020-08-07 00:00:00 UTC,11597.33856576682,217126835684.2767,21800073730.168938
2020-08-08 00:00:00 UTC,11761.838040679082,214021634894.62305,21653459132.07005
2020-08-09 00:00:00 UTC,11689.716667029086,216526346494.08017,17425042165.437016
2020-08-10 00:00:00 UTC,11884.577256613631,215621627427.59085,41505798792.04668
2020-08-11 00:00:00 UTC,11397.755319894806,219354747691.00266,24192586918.69974
2020-08-12 00:00:00 UTC,11565.935113229249,210380405968.91632,24469041749.31345
2020-08-13 00:00:00 UTC,11817.164038803396,213770877597.90497,22789535631.64709
2020-08-14 00:00:00 UTC,11777.391322489924,217185020504.78033,24755770184.138535
2020-08-15 00:00:00 UTC,11851.632820028546,216916952670.3025,21650925951.996807
2020-08-16 00:00:00 UTC,11910.903444599324,219049736823.3334,21240370441.21216
2020-08-17 00:00:00 UTC,12263.636675610813,219750735622.69547,19198689558.370716
2020-08-18 00:00:00 UTC,11952.92523221652,226432255651.11545,25445567610.1906
2020-08-19 00:00:00 UTC,11773.167077808102,220980135332.21396,24662431730.87627
2020-08-20 00:00:00 UTC,11858.185178950807,216660276172.5052,23412018851.33878
2020-08-21 00:00:00 UTC,11518.830307628255,219044968220.8875,20268999941.19219
2020-08-22 00:00:00 UTC,11675.640993488889,212741134582.21167,23385581452.781063
2020-08-23 00:00:00 UTC,11645.819289044051,215641597239.98148,20148768726.539207
2020-08-24 00:00:00 UTC,11756.171864250891,215127541317.461,18514424253.258972
2020-08-25 00:00:00 UTC,11319.68964092622,217164817913.87903,20004082991.507736
2020-08-26 00:00:00 UTC,11457.8133351142,209658632328.37,23345245044.869236
2020-08-27 00:00:00 UTC,11327.952486461489,211778947737.22385,21173131121.067715
2020-08-28 00:00:00 UTC,11538.377044869829,208747591910.15524,21654692175.84901
2020-08-29 00:00:00 UTC,11463.65832621772,212799723684.94672,19260223599.341373
2020-08-30 00:00:00 UTC,11710.437805261405,212114842611.5429,18431870219.488472
2020-08-31 00:00:00 UTC,11648.521684778603,216179629567.1804,19961973162.702377
2020-09-01 00:00:00 UTC,11899.304049298527,215249862888.73657,21122225102.718735
2020-09-02 00:00:00 UTC,11389.876227737865,219866034967.1717,25214371661.102875
2020-09-03 00:00:00 UTC,10193.133771365436,210463408602.27768,25816845370.33223
2020-09-04 00:00:00 UTC,10481.284598291051,188438095255.46017,49448594605.85229
2020-09-05 00:00:00 UTC,10182.20440196893,193820782886.42975,27391314387.41473
2020-09-06 00:00:00 UTC,10257.283723004142,188092098308.3525,56470999684.39229
2020-09-07 00:00:00 UTC,10360.485473574428,189621410257.03525,39504066325.572525
2020-09-08 00:00:00 UTC,10134.463666083357,191501904758.68695,26561356366.582176
2020-09-09 00:00:00 UTC,10219.519947596742,186825391248.7263,47822774019.69551
2020-09-10 00:00:00 UTC,10344.883862436807,188919740630.5274,21332028598.93842
2020-09-11 00:00:00 UTC,10384.852288922826,191180566587.0585,77576362860.31946
2020-09-12 00:00:00 UTC,10439.173564291628,191978657972.17047,20820813140.085896
2020-09-13 00:00:00 UTC,10322.34896666098,192997988416.4807,19931471419.309307
2020-09-14 00:00:00 UTC,10670.978546488166,190965240261.00787,20204114480.91557
2020-09-15 00:00:00 UTC,10790.806392196158,197301986210.42657,23886156559.3702
2020-09-16 00:00:00 UTC,10941.42446928747,199044338127.62628,23818094787.89254
2020-09-17 00:00:00 UTC,10946.938183337674,202524001250.4926,24406930997.979923
2020-09-18 00:00:00 UTC,10931.063890639523,202376611750.6293,23461367114.44642
2020-09-19 00:00:00 UTC,11084.09536177831,202087302449.87445,20642758053.20899
2020-09-20 00:00:00 UTC,10919.539169722517,204994315602.9869,18313408572.491737
2020-09-21 00:00:00 UTC,10431.866240379177,202032519471.26855,19978098248.14278
2020-09-22 00:00:00 UTC,10533.146335462116,192952158502.14175,23780650663.86522
2020-09-23 00:00:00 UTC,10232.2378721586,194731087415.28983,19768561083.41304
2020-09-24 00:00:00 UTC,10732.260791312385,189120580778.46335,19963882190.71864
2020-09-25 00:00:00 UTC,10684.785554215608,198429672403.23013,21295500653.48108
2020-09-26 00:00:00 UTC,10728.60205691123,197616950282.06653,19062441475.04883
2020-09-27 00:00:00 UTC,10834.894626687092,198637122417.5568,16835809672.19758
2020-09-28 00:00:00 UTC,10701.57228377904,199178642905.32388,17819544430.116253
2020-09-29 00:00:00 UTC,10839.062599873158,198038808094.0957,19939387770.941833
2020-09-30 00:00:00 UTC,10811.774569942936,200532996047.58585,18277722585.099396
2020-10-01 00:00:00 UTC,10614.046618879758,199310441688.83572,18617680471.49787
2020-10-02 00:00:00 UTC,10570.134014155918,196617081790.5188,20777938897.25087
2020-10-03 00:00:00 UTC,10528.64837686556,195660035179.73257,21194369542.677784
2020-10-04 00:00:00 UTC,10667.674225092893,195188285650.34625,15999187926.546137
2020-10-05 00:00:00 UTC,10786.36407130534,197494664453.7935,16112676071.254513
2020-10-06 00:00:00 UTC,10594.114472233618,199662963545.39697,17885410363.664574
2020-10-07 00:00:00 UTC,10672.160694729731,196314284797.01337,19314830690.66556
2020-10-08 00:00:00 UTC,10918.682334788247,197549826645.8967,17254183332.914303
2020-10-09 00:00:00 UTC,11056.685205255382,201971720264.5539,19839822142.34129
2020-10-10 00:00:00 UTC,11296.802061459766,204758159339.38345,19242071185.324192
2020-10-11 00:00:00 UTC,11366.47552682844,209125326848.5061,19510889695.03549
2020-10-12 00:00:00 UTC,11533.683777138722,210619290946.59305,16270156787.85842
2020-10-13 00:00:00 UTC,11429.390567156974,213726225963.20517,20933434208.23682
2020-10-14 00:00:00 UTC,11430.41321191049,211570123602.99783,19541791937.933174
2020-10-15 00:00:00 UTC,11499.16001348385,211756280001.1405,20427867923.497967
2020-10-16 00:00:00 UTC,11317.885794045238,212878404236.874,20471135950.329964
2020-10-17 00:00:00 UTC,11364.043985612918,209572890129.3051,20459696264.866154
2020-10-18 00:00:00 UTC,11509.087178555612,210493983182.99173,15617339789.724983
2020-10-19 00:00:00 UTC,11750.919120227149,213135900029.4811,15632089242.610712
2020-10-20 00:00:00 UTC,11913.865061394485,217670243911.77832,17968488883.13011
2020-10-21 00:00:00 UTC,12807.196865670345,220702254278.77023,21441272550.65287
2020-10-22 00:00:00 UTC,12961.58543736286,237219525539.47812,29305915218.604816
2020-10-23 00:00:00 UTC,12929.763502177584,240067468193.5826,25209656745.109375
2020-10-24 00:00:00 UTC,13104.695260997809,239525485098.27744,21405744030.267265
2020-10-25 00:00:00 UTC,13022.851986140304,242778724513.73312,19303425825.34811
2020-10-26 00:00:00 UTC,13062.81334119187,241261112257.94287,18988892018.137493
2020-10-27 00:00:00 UTC,13631.646917737678,242049145772.49048,21514423884.152855
2020-10-28 00:00:00 UTC,13275.880005326306,253004886697.3608,23881020823.537025
2020-10-29 00:00:00 UTC,13448.37590525623,245985431224.88297,26627460486.000473
2020-10-30 00:00:00 UTC,13549.535568441295,249070104706.9101,22770674630.47421
2020-10-31 00:00:00 UTC,13740.610508392056,250845436637.92023,23474577942.964382
2020-11-01 00:00:00 UTC,13750.976905335236,255329261020.6163,22586861897.203533
2020-11-02 00:00:00 UTC,13538.65210491784,254260250527.50497,19808485723.98264
2020-11-03 00:00:00 UTC,14013.126233194746,251266177558.48047,22576621431.31049
2020-11-04 00:00:00 UTC,14131.531977525668,259277183164.55063,22641314706.992645
2020-11-05 00:00:00 UTC,15570.112494553072,261949536026.3634,25831241318.007263
2020-11-06 00:00:00 UTC,15557.096746145317,289200125129.0666,36437038792.78466
2020-11-07 00:00:00 UTC,14815.748684509506,288365365189.45465,34494805397.23321
2020-11-08 00:00:00 UTC,15478.615500667956,274687727889.983,30365458863.879223
2020-11-09 00:00:00 UTC,15308.359559936607,287116472704.3936,23997284893.385326
2020-11-10 00:00:00 UTC,15305.095749165508,284292217075.7686,29305189419.6742
2020-11-11 00:00:00 UTC,15680.216707459736,283242342238.5137,21958994679.825836
2020-11-12 00:00:00 UTC,16275.640623851965,290809635953.8238,23905817706.222557
2020-11-13 00:00:00 UTC,16324.193205128407,301529322417.4614,28005135743.545433
2020-11-14 00:00:00 UTC,16069.743704351617,302672502422.09,24729594698.476017
2020-11-15 00:00:00 UTC,15966.881017262023,297997701525.42126,22032771267.174335
2020-11-16 00:00:00 UTC,16707.9842578848,296104662135.1667,19148555716.2013
2020-11-17 00:00:00 UTC,17654.608059494265,309857769717.0289,24596633473.65038
2020-11-18 00:00:00 UTC,17807.146296720217,327429299332.3481,31618097084.473408
2020-11-19 00:00:00 UTC,17822.996752811316,330276478909.5442,40037521725.23984
2020-11-20 00:00:00 UTC,18657.733867520183,330526082018.5286,30466735827.363422
2020-11-21 00:00:00 UTC,18649.909628115125,345552251091.15924,28006397971.52274
2020-11-22 00:00:00 UTC,18420.94838400691,345963395464.84467,31702886998.152973
2020-11-23 00:00:00 UTC,18311.66002470755,341736223945.9042,33068752978.92367
2020-11-24 00:00:00 UTC,19114.890032050596,340635146714.39825,33158899073.528183
2020-11-25 00:00:00 UTC,18732.21961895929,354209935573.8031,49487703390.2858
2020-11-26 00:00:00 UTC,17183.050385390514,347952742142.9492,32025407259.01495
2020-11-27 00:00:00 UTC,17149.121415975525,317999016791.45123,48381080125.65939
2020-11-28 00:00:00 UTC,17725.464061845618,318057301370.37897,30687152007.30974
2020-11-29 00:00:00 UTC,18192.645660559352,328812520405.74207,24489602982.095768
2020-11-30 00:00:00 UTC,19615.040451253783,337198337284.3259,23947181259.453945
2020-12-01 00:00:00 UTC,18838.817298433816,363927715778.6875,36263726210.35426
2020-12-02 00:00:00 UTC,19225.053522889648,349901389415.56354,38548291991.98962
2020-12-03 00:00:00 UTC,19417.975145064454,356517705143.29443,28932651973.445732
2020-12-04 00:00:00 UTC,18697.27308528779,360746068895.063,24299729102.12993
2020-12-05 00:00:00 UTC,19157.017168865357,348245829178.79706,26496324970.267765
2020-12-06 00:00:00 UTC,19356.894171805576,355395816392.36237,23457060480.311108
2020-12-07 00:00:00 UTC,19182.83738393035,358762118305.1145,21846972294.374523
2020-12-08 00:00:00 UTC,18321.286889060164,356398389741.2758,21850648313.415268
2020-12-09 00:00:00 UTC,18561.10437430974,340435142947.90857,26823052218.171177
2020-12-10 00:00:00 UTC,18279.584793843307,344693077429.9694,29785049450.34175
2020-12-11 00:00:00 UTC,18053.182667262212,339083161386.6959,24116344671.77432
2020-12-12 00:00:00 UTC,18798.415069508595,335310805699.2893,26030614030.58391
2020-12-13 00:00:00 UTC,19147.46346956537,349235537025.78625,22264044988.874275
2020-12-14 00:00:00 UTC,19262.12245026942,355642790361.31714,23508162547.369743
2020-12-15 00:00:00 UTC,19431.793436732583,357681110300.36426,21456540606.56914
2020-12-16 00:00:00 UTC,21344.526728563054,360899778785.0944,24171885446.945255
2020-12-17 00:00:00 UTC,22800.163627811733,395932128795.3808,39173671893.818054
2020-12-18 00:00:00 UTC,23114.490103376356,423587689809.2768,60600512953.2733
2020-12-19 00:00:00 UTC,23789.1761435611,429459534590.4159,36963844130.60083
2020-12-20 00:00:00 UTC,23472.65857646942,443289431125.4617,35155998160.362885
2020-12-21 00:00:00 UTC,22752.64283941972,436893169132.7113,32875055431.10227
2020-12-22 00:00:00 UTC,23842.054827463664,424329939581.7774,38316995065.31776
2020-12-23 00:00:00 UTC,23263.346742223035,442535666789.5173,38891361308.7186
2020-12-24 00:00:00 UTC,23764.596432364975,433051601800.69293,42260717973.126434
2020-12-25 00:00:00 UTC,24698.91900415429,441471027981.0602,36809463263.637344
2020-12-26 00:00:00 UTC,26484.29847502288,458416319552.32434,36627933465.151306
2020-12-27 00:00:00 UTC,26270.87856964465,491978602969.93176,42032580891.48092
2020-12-28 00:00:00 UTC,27093.086357739285,493427450341.26013,56436582121.145355
2020-12-29 00:00:00 UTC,27437.908635042753,504095073329.78186,40945887569.651245
2020-12-30 00:00:00 UTC,28920.127564110862,509680257177.0481,38047775218.76876
2020-12-31 00:00:00 UTC,29026.00013336843,535967306917.8413,44307488495.596695
2021-01-01 00:00:00 UTC,29335.38969391444,539438036435.6701,43577489786.1258
2021-01-02 00:00:00 UTC,32246.808498300634,545593282215.2498,34046243929.307148
2021-01-03 00:00:00 UTC,33176.84615448019,597887713053.5825,57402157899.37498
2021-01-04 00:00:00 UTC,31538.370315125034,613616917625.6967,179792737716.81155
2021-01-05 00:00:00 UTC,34041.99911333684,586326278692.6438,74484537241.19572
2021-01-06 00:00:00 UTC,36894.19500828184,633651671519.3958,67332784512.48156
2021-01-07 00:00:00 UTC,39538.920290128626,685973288164.4491,71043026017.51802
2021-01-08 00:00:00 UTC,40852.293801761174,735339707368.3339,78549631795.66035
2021-01-09 00:00:00 UTC,40291.65538192759,758971014787.3597,82864348077.09784
2021-01-10 00:00:00 UTC,38451.62126180339,749347201462.6359,56009630448.96469
2021-01-11 00:00:00 UTC,35607.99789095332,714078952009.0243,73459780008.72742
2021-01-12 00:00:00 UTC,34064.282245083305,663380898829.0051,111564381499.1961
2021-01-13 00:00:00 UTC,37414.36187855581,633551774963.0177,69099475437.28398
2021-01-14 00:00:00 UTC,39092.774233966615,696668634091.3435,64899561283.904144
2021-01-15 00:00:00 UTC,36886.93918440595,729751433670.0881,57275717195.20761
2021-01-16 00:00:00 UTC,36117.288026015885,684304915288.2261,63569969077.87089
2021-01-17 00:00:00 UTC,35749.883338415166,673816981129.024,54778830906.29439
2021-01-18 00:00:00 UTC,36746.90390098827,665301023798.7896,51100141458.117424
2021-01-19 00:00:00 UTC,35977.58039437022,680828650346.8567,46898828838.46924
2021-01-20 00:00:00 UTC,35605.612262860035,671734819189.1033,51621470011.61992
2021-01-21 00:00:00 UTC,30801.66710588615,663473985696.8936,59510579851.31612
2021-01-22 00:00:00 UTC,32867.185681619696,575205510268.1292,69150584446.97723
2021-01-23 00:00:00 UTC,32066.158191542512,613271077002.4795,69007205716.43973
2021-01-24 00:00:00 UTC,32262.605710419884,596744391345.3533,43560201917.72988
2021-01-25 00:00:00 UTC,32223.076317123476,600595408892.1986,42856610602.69414
2021-01-26 00:00:00 UTC,32531.27687142564,602517850752.0305,50130992707.7745
2021-01-27 00:00:00 UTC,30537.06489727121,606399681770.4609,48469907834.13539
2021-01-28 00:00:00 UTC,33308.180902464774,566661443732.4073,51602084984.79246
2021-01-29 00:00:00 UTC,34278.874005003694,616625386428.2396,51336978014.64027
2021-01-30 00:00:00 UTC,34076.69652975173,635688668063.594,97491007479.42082
2021-01-31 00:00:00 UTC,33040.14248166375,636624676861.2642,52649789433.9354
2021-02-01 00:00:00 UTC,33423.24271066071,615531359142.2377,42418911518.45778
2021-02-02 00:00:00 UTC,35477.931896359456,621908231690.1377,49204476809.78883
2021-02-03 00:00:00 UTC,37725.26455362201,660664104637.4851,50615213404.065346
2021-02-04 00:00:00 UTC,36899.578942617925,698097274829.5757,50056179988.37823
2021-02-05 00:00:00 UTC,38191.864376963465,686453802173.3838,54485174502.42817
2021-02-06 00:00:00 UTC,39281.63175353108,706320162928.6615,47674804309.8964
2021-02-07 00:00:00 UTC,38778.70233276228,732453192636.7231,57072788032.44282
2021-02-08 00:00:00 UTC,46502.590897882525,723434796637.7434,53719336677.907845
2021-02-09 00:00:00 UTC,46510.736783442466,862413737410.9171,87451141910.70018
2021-02-10 00:00:00 UTC,44809.87149772057,867280555017.1847,76998746725.24602
2021-02-11 00:00:00 UTC,47926.76709368075,835324271941.3954,69749152609.75844
2021-02-12 00:00:00 UTC,47399.2182041312,890629045243.5952,66231364012.76448
2021-02-13 00:00:00 UTC,47007.26367365752,882908792429.7172,61931030919.271805
2021-02-14 00:00:00 UTC,48565.32288945199,874425017687.0778,55360405866.93521
2021-02-15 00:00:00 UTC,47901.618875748405,905515462576.995,57595659869.67467
2021-02-16 00:00:00 UTC,49211.42404582113,892345220938.2782,61095497703.86253
2021-02-17 00:00:00 UTC,52272.66827768133,917339726314.6964,64016813058.78462
2021-02-18 00:00:00 UTC,51706.494971772256,971516568847.578,68557122061.25562
2021-02-19 00:00:00 UTC,56084.11372377253,963911356673.4604,58342354242.51794
2021-02-20 00:00:00 UTC,56312.03704885268,1044189900351.5892,71495274362.55484
2021-02-21 00:00:00 UTC,57640.88905665459,1050555931433.1448,77282442044.94211
2021-02-22 00:00:00 UTC,54304.14245768419,1075380337357.9144,59905312300.05611
2021-02-23 00:00:00 UTC,48960.02133155268,1012011618712.4054,101273175527.52847
2021-02-24 00:00:00 UTC,49925.73871964238,907459888302.138,117253228768.45438
2021-02-25 00:00:00 UTC,46952.04448683457,929081504353.552,73074940829.94629
2021-02-26 00:00:00 UTC,46530.653225833266,875883932252.4404,60308776504.6116
2021-02-27 00:00:00 UTC,46108.122662611735,867701943898.4918,74131829240.02045
2021-02-28 00:00:00 UTC,45089.162051171246,869649724200.5775,50370514739.5497
2021-03-01 00:00:00 UTC,49833.87703959957,838307614585.1935,59840956483.91349
2021-03-02 00:00:00 UTC,48550.026478604326,928146793676.4288,61917717390.36845
2021-03-03 00:00:00 UTC,50410.715819514255,904791926083.0792,53175417507.790695
2021-03-04 00:00:00 UTC,48556.565276624264,942969910364.1804,59023954219.21571
2021-03-05 00:00:00 UTC,49051.33513533033,908517236707.5374,60500595033.642815
2021-03-06 00:00:00 UTC,48972.756382603264,914601678974.353,56298115711.31334
2021-03-07 00:00:00 UTC,51174.18484842677,914052499532.1204,41428705678.00139
2021-03-08 00:00:00 UTC,52406.5960217397,955500713305.9844,46052413207.653625
2021-03-09 00:00:00 UTC,54872.34559095509,976401298580.1716,53652639627.5341
2021-03-10 00:00:00 UTC,55822.478659629895,1022496487846.3271,57550095196.19977
2021-03-11 00:00:00 UTC,57924.42321789544,1044805904677.554,62986583588.50936
2021-03-12 00:00:00 UTC,57228.19735530599,1077836070933.286,64557800714.411156
2021-03-13 00:00:00 UTC,61199.55658901807,1069776383193.8628,59806733588.693886
2021-03-14 00:00:00 UTC,59195.39988565917,1145191373521.5942,63816753924.77825
2021-03-15 00:00:00 UTC,55856.64915126205,1111684638819.0725,48071938731.44986
2021-03-16 00:00:00 UTC,57141.14208041605,1042081985302.4164,70611079922.93135
2021-03-17 00:00:00 UTC,59269.23466458064,1060221966894.7418,63213160784.02533
2021-03-18 00:00:00 UTC,57893.99435925844,1101028543248.462,63647269890.97583
2021-03-19 00:00:00 UTC,58240.27641524631,1080263868127.1072,59452001230.17061
2021-03-20 00:00:00 UTC,58253.73485010703,1086741150606.8164,51880789504.37715
2021-03-21 00:00:00 UTC,57354.739920163214,1088118163096.097,54406618886.54744
2021-03-22 00:00:00 UTC,54241.39010505875,1074356788297.177,55040960324.45798
2021-03-23 00:00:00 UTC,54487.41025925029,1014631040543.5388,61889665390.495186
2021-03-24 00:00:00 UTC,52526.86659704657,1018692155025.974,60199754681.66312
2021-03-25 00:00:00 UTC,51439.85778969759,982797427007.2563,73029051195.05199
2021-03-26 00:00:00 UTC,55256.561606454,961365137733.4668,63420934553.458694
2021-03-27 00:00:00 UTC,55754.075819698795,1027209990794.894,55574259041.412994
2021-03-28 00:00:00 UTC,55856.53765470235,1042184275332.6416,47248737878.02399
2021-03-29 00:00:00 UTC,57608.532073496455,1042758085589.1572,49971308993.12914
2021-03-30 00:00:00 UTC,58757.176264885406,1075942162536.995,58169876729.533646
2021-03-31 00:00:00 UTC,58772.18128166619,1095293012032.8431,52355789924.462975
2021-04-01 00:00:00 UTC,58754.207281500414,1098127310946.8978,56284050048.79175
2021-04-02 00:00:00 UTC,58996.719404430856,1097205213383.5514,54291235964.065445
2021-04-03 00:00:00 UTC,57097.2748336876,1103133931136.5508,51158707015.83631
2021-04-04 00:00:00 UTC,58243.91593950528,1067101827372.9528,53188354121.41482
2021-04-05 00:00:00 UTC,58833.18695753848,1087344280109.6896,46160191391.32835
2021-04-06 00:00:00 UTC,58013.39701271109,1098687703986.922,55060547644.94518
2021-04-07 00:00:00 UTC,55990.20694005866,1084341670320.8142,61238654742.70642
2021-04-08 00:00:00 UTC,58091.354245205126,1046565778602.268,67362649542.0241
2021-04-09 00:00:00 UTC,58136.267623707194,1084512356426.8844,48590426209.26591
2021-04-10 00:00:00 UTC,59787.312335644245,1086197949141.3916,45330721125.457054
2021-04-11 00:00:00 UTC,60024.616222363875,1115982181381.216,60402342643.331474
2021-04-12 00:00:00 UTC,59896.1663501267,1121303313410.2654,46834809127.52879
2021-04-13 00:00:00 UTC,63643.82211507147,1118532902101.5269,55997725884.677475
2021-04-14 00:00:00 UTC,63207.03625486499,1187737045885.1743,72130857528.81613
2021-04-15 00:00:00 UTC,63207.55307317802,1173412921929.8884,81889706892.35321
2021-04-16 00:00:00 UTC,61441.479447519494,1180963158411.079,60511415944.27867
2021-04-17 00:00:00 UTC,60096.092319232026,1148563198209.2622,86322457635.49152
2021-04-18 00:00:00 UTC,56270.03373218639,1125592412523.221,63689107005.622734
2021-04-19 00:00:00 UTC,55482.734516114695,1053618163309.5768,101932618750.15771
2021-04-20 00:00:00 UTC,56526.75133807713,1043148020633.034,65826794712.289
2021-04-21 00:00:00 UTC,54087.57621034974,1056331286271.7732,70057327501.65088
2021-04-22 00:00:00 UTC,51878.331276653786,1012699264345.6595,56015227697.77378
2021-04-23 00:00:00 UTC,51261.986959613205,971174701492.849,77576281676.32956
2021-04-24 00:00:00 UTC,50068.48131859786,956744203682.2198,91223857769.70074
2021-04-25 00:00:00 UTC,49068.548943184185,937014999515.3856,49157548463.27166
2021-04-26 00:00:00 UTC,54017.55074869694,915533819859.1392,46293995705.21338
2021-04-27 00:00:00 UTC,55092.74253387861,1009656800192.4452,60381948172.49795
2021-04-28 00:00:00 UTC,54953.33205984696,1027964359501.154,49529190557.13544
2021-04-29 00:00:00 UTC,53553.57757627244,1024625833392.2412,49410865037.31002
2021-04-30 00:00:00 UTC,57769.820705027305,1001973605935.3958,46724209153.97988
2021-05-01 00:00:00 UTC,57807.243818333845,1081137973707.1268,55650047402.75818
2021-05-02 00:00:00 UTC,56610.53602506346,1080897634123.2936,43091068952.751076
2021-05-03 00:00:00 UTC,57152.912830872694,1058298774294.3405,38726120625.05272
2021-05-04 00:00:00 UTC,53329.052653214945,1069571255195.5188,54016897184.55808
2021-05-05 00:00:00 UTC,57409.921204390055,999775008412.3738,70841866645.77008
2021-05-06 00:00:00 UTC,56438.783691929835,1074027655729.2252,70560687425.99426
2021-05-07 00:00:00 UTC,57342.39665652115,1056801053574.5112,87167327586.95406
2021-05-08 00:00:00 UTC,58849.94518377989,1072831991777.4056,67998844029.8646
2021-05-09 00:00:00 UTC,58420.472399594495,1099271802311.4956,66847824975.49669
2021-05-10 00:00:00 UTC,55935.35291420837,1088903483393.3052,69218623298.43753
2021-05-11 00:00:00 UTC,56712.70760168208,1045714370754.1616,76619293908.74458
2021-05-12 00:00:00 UTC,49288.79061067008,1064993057463.8884,65791048940.97517
2021-05-13 00:00:00 UTC,49989.15615294821,935512493150.826,75233549585.75224
2021-05-14 00:00:00 UTC,49916.6989947275,934964766185.9642,103654726939.75407
2021-05-15 00:00:00 UTC,46682.08954359085,933893674714.1202,56647892527.009995
2021-05-16 00:00:00 UTC,46569.08186283854,875321252276.1078,64122567495.54499
2021-05-17 00:00:00 UTC,43586.906778357275,871695620615.745,70563014073.82176
2021-05-18 00:00:00 UTC,43194.99529011875,819256623328.7307,83519740715.35583
2021-05-19 00:00:00 UTC,37083.31940507512,806375284283.507,65152674136.885666
2021-05-20 00:00:00 UTC,40721.60104449718,697785056487.6051,140532014176.11826
2021-05-21 00:00:00 UTC,37422.32237753026,760542456596.2965,95436691618.91844
2021-05-22 00:00:00 UTC,37264.35214884451,698762712553.7339,88837591158.09319
2021-05-23 00:00:00 UTC,34892.633299037465,702143968883.5249,61934301047.36289
2021-05-24 00:00:00 UTC,38810.164534694355,654558962027.5841,83955915725.71956
2021-05-25 00:00:00 UTC,38381.679920667426,723143072419.7241,72772830102.29071
2021-05-26 00:00:00 UTC,39466.64279314168,715248689989.8947,49971821254.18016
2021-05-27 00:00:00 UTC,38549.24435322016,737668726732.3829,47105915298.22688
2021-05-28 00:00:00 UTC,35744.4577350088,720735800984.2526,40753173034.792305
2021-05-29 00:00:00 UTC,34684.12867617536,668521654364.6696,49765474779.63316
2021-05-30 00:00:00 UTC,35738.463542080375,651039910485.3606,42345874464.86455
2021-05-31 00:00:00 UTC,37289.21359483254,668664301773.5417,30660532566.215385
2021-06-01 00:00:00 UTC,36687.784470292165,699138611681.2975,37937116201.484024
2021-06-02 00:00:00 UTC,37602.1146924262,686805261463.8499,33550713406.008087
2021-06-03 00:00:00 UTC,39348.32439186977,704606384298.4889,31174058928.76541
2021-06-04 00:00:00 UTC,36840.68281922954,733150718114.4554,34377138759.81813
2021-06-05 00:00:00 UTC,35600.44558720194,691747462828.3618,39174226675.77928
2021-06-06 00:00:00 UTC,35840.58655457856,667379381515.2618,34062669844.42412
2021-06-07 00:00:00 UTC,33618.58050089742,671131079523.7289,27613647114.66674
2021-06-08 00:00:00 UTC,33482.748737225906,626527049947.8439,33577332116.849712
2021-06-09 00:00:00 UTC,37456.096017572425,627263100864.5176,46479876856.40602
2021-06-10 00:00:00 UTC,36691.50937207919,701611941276.9109,54452754884.32777
2021-06-11 00:00:00 UTC,37296.72135307757,687100045837.7917,41783019840.35682
2021-06-12 00:00:00 UTC,35679.372884679164,698528023663.5321,36300708521.29269
2021-06-13 00:00:00 UTC,39169.332492499976,668148892256.3638,35607807579.508965
2021-06-14 00:00:00 UTC,40660.85506347831,733402631079.1185,38201067214.41077
2021-06-15 00:00:00 UTC,40188.23390498775,761104314502.2867,45785374440.867065
2021-06-16 00:00:00 UTC,38341.25424833,756522207420.3483,36420191314.60512
2021-06-17 00:00:00 UTC,38185.8518426317,718016373177.285,36540850552.73566
2021-06-18 00:00:00 UTC,35773.76501811242,715652442155.1261,36281365661.231674
2021-06-19 00:00:00 UTC,35681.02611983412,670331454206.8282,35094656897.27559
2021-06-20 00:00:00 UTC,35779.09687456576,666761049780.657,28887424265.693096
2021-06-21 00:00:00 UTC,31504.830768876494,670634370556.6146,35544895834.992386
2021-06-22 00:00:00 UTC,32494.870844176727,594288996122.2972,51677898593.009346
2021-06-23 00:00:00 UTC,33713.038088926,606580031922.7239,57444461944.68375
2021-06-24 00:00:00 UTC,34698.7153727004,631634847766.2311,39667329023.55535
2021-06-25 00:00:00 UTC,31666.29788420102,650109892318.3094,31872421143.221733
2021-06-26 00:00:00 UTC,32287.02699188441,598703019611.4526,38379374993.03953
2021-06-27 00:00:00 UTC,34624.69013425728,600235334320.8247,37185228681.38611
2021-06-28 00:00:00 UTC,34578.04752197631,648994562096.6472,34342925508.332314
2021-06-29 00:00:00 UTC,35859.16522568393,647741224116.9337,32279136776.463688
2021-06-30 00:00:00 UTC,35062.77795817071,674231340724.4149,35027294331.68216
2021-07-01 00:00:00 UTC,33655.70045004469,659302031833.539,30875526074.243008
2021-07-02 00:00:00 UTC,33988.476251303015,629863895571.7473,29099868970.77796
2021-07-03 00:00:00 UTC,34788.71456063152,636458827566.1393,25026661896.078194
2021-07-04 00:00:00 UTC,35260.58464476915,652227606980.3502,22998457588.749924
2021-07-05 00:00:00 UTC,33906.62831880534,663571591568.1959,22705455332.226677
2021-07-06 00:00:00 UTC,34197.818306808476,635706979675.1593,25873493620.10379
2021-07-07 00:00:00 UTC,33903.96662699578,640405812761.686,26146418044.75719
2021-07-08 00:00:00 UTC,32809.044902531874,636246944189.2604,23677276995.802498
2021-07-09 00:00:00 UTC,33925.33054724893,614898115067.4464,28590842248.80894
2021-07-10 00:00:00 UTC,33667.12278855632,637000370375.4657,24244614785.433414
2021-07-11 00:00:00 UTC,34295.402707625595,631444209043.6158,20541401992.63307
2021-07-12 00:00:00 UTC,33260.852775127205,643147430755.7771,17797054347.304615
2021-07-13 00:00:00 UTC,32728.91957929776,623350567666.981,21765772997.36258
2021-07-14 00:00:00 UTC,32897.3784925685,613850916808.512,19925277336.028496
2021-07-15 00:00:00 UTC,31866.764546904513,616691143979.958,21779113873.243053
2021-07-16 00:00:00 UTC,31404.36550884456,595230652092.4417,21648162831.99365
2021-07-17 00:00:00 UTC,31606.281329494417,588495008675.5178,22555579805.441265
2021-07-18 00:00:00 UTC,31900.09921265437,592581931071.2119,17940165195.39101
2021-07-19 00:00:00 UTC,30892.306018588104,598721930346.2585,17714546779.463085
2021-07-20 00:00:00 UTC,29916.705053538768,580252472382.7122,20028405417.14714
2021-07-21 00:00:00 UTC,32313.670421157323,561725481330.7388,22953114158.140087
2021-07-22 00:00:00 UTC,32385.972609683973,605357009416.7555,29051525757.651047
2021-07-23 00:00:00 UTC,33518.753513625445,607686924749.0408,19706223990.411034
2021-07-24 00:00:00 UTC,34296.872673341044,628625764480.4508,23086219263.514866
2021-07-25 00:00:00 UTC,35527.01136703237,643596629541.2421,22050085526.907513
2021-07-26 00:00:00 UTC,37226.65332404864,664681184168.7764,21143071556.156136
2021-07-27 00:00:00 UTC,39209.39762351057,698654120074.028,53475930015.58891
2021-07-28 00:00:00 UTC,40050.36416684782,735887837718.721,36517433387.99977
2021-07-29 00:00:00 UTC,39985.16832882606,751371299910.5153,41323967486.11617
2021-07-30 00:00:00 UTC,41980.93724447334,750407963580.4731,28721113106.67885
2021-07-31 00:00:00 UTC,41699.53664059153,788052510148.649,35603352465.57871
2021-08-01 00:00:00 UTC,39985.182122826904,784039345926.1898,28204690643.14438
2021-08-02 00:00:00 UTC,39116.56513924466,750667180866.9154,28615358252.488953
2021-08-03 00:00:00 UTC,38175.781922696595,737440183775.5553,27880118896.109695
2021-08-04 00:00:00 UTC,39751.70004594764,717292408948.2461,28311344761.044315
2021-08-05 00:00:00 UTC,40808.80039202917,746595774059.0266,27496040700.383743
2021-08-06 00:00:00 UTC,42813.24773681491,766126899557.5784,38513389186.40571
2021-08-07 00:00:00 UTC,44644.72962714603,803843944158.6367,40796918965.65996
2021-08-08 00:00:00 UTC,43780.32299923497,838457486987.6113,42755897305.91204
2021-08-09 00:00:00 UTC,46287.90245265649,821704814136.0109,39461431363.67645
2021-08-10 00:00:00 UTC,45628.13626124723,861862844505.6104,42617117809.34097
2021-08-11 00:00:00 UTC,45578.40313899868,857050660835.6877,35641608575.27279
2021-08-12 00:00:00 UTC,44539.590296321345,857498623550.2197,35795722610.07649
2021-08-13 00:00:00 UTC,47760.11208889878,835787133153.4894,36083641741.76657
2021-08-14 00:00:00 UTC,47132.76680413784,895084141168.7996,34381934071.80706
2021-08-15 00:00:00 UTC,47088.28788634776,886593539912.8141,33275836866.348267
2021-08-16 00:00:00 UTC,45999.28365235233,883474582105.5525,32871133746.520027
2021-08-17 00:00:00 UTC,44654.58829369759,866391335029.3693,34207318299.627106
2021-08-18 00:00:00 UTC,44790.94580767177,836777066605.9799,34545873416.45184
2021-08-19 00:00:00 UTC,46807.87305203025,843816919020.9221,34525415274.956825
2021-08-20 00:00:00 UTC,49261.00435379957,867650725472.864,38428674320.52913
2021-08-21 00:00:00 UTC,48867.87657880423,924737106175.756,36329348539.636
2021-08-22 00:00:00 UTC,49314.733026531416,919196932695.3036,42063193814.68778
2021-08-23 00:00:00 UTC,49427.83452659058,925630106451.4792,27106847688.637653
2021-08-24 00:00:00 UTC,47804.61764289795,930729196214.2946,35713502089.95538
2021-08-25 00:00:00 UTC,48989.51208406698,898559495524.7313,38354470597.78011
2021-08-26 00:00:00 UTC,47137.317056105014,920860374974.955,33551720655.06604
2021-08-27 00:00:00 UTC,49088.40239718455,887832142450.1957,33548882780.116447
2021-08-28 00:00:00 UTC,48945.738591066816,922836536414.1588,34617532773.77411
2021-08-29 00:00:00 UTC,48813.55115974471,920017911098.7556,28326049647.117622
2021-08-30 00:00:00 UTC,47081.448087691664,919515378468.8468,26174160360.580444
2021-08-31 00:00:00 UTC,47269.612188523904,885729258052.6316,32276959017.8251
2021-09-01 00:00:00 UTC,48871.361141817695,890014982634.8986,34770541608.581856
2021-09-02 00:00:00 UTC,49341.3234346063,918058330851.4828,39087803598.726166
2021-09-03 00:00:00 UTC,50027.64294362923,927883117250.5656,39387086111.23395
2021-09-04 00:00:00 UTC,49965.17323293518,940559068915.9304,43019523065.93706
2021-09-05 00:00:00 UTC,51677.24525478698,939908793221.7164,36953204581.031555
2021-09-06 00:00:00 UTC,52724.978902498806,971832340333.1152,31559702323.206352
2021-09-07 00:00:00 UTC,47034.777222174336,991967712266.3448,37445327273.15247
2021-09-08 00:00:00 UTC,46186.55341640519,883964328569.3682,64066017729.462074
2021-09-09 00:00:00 UTC,46514.6448955016,866885887154.3109,48235297016.39592
2021-09-10 00:00:00 UTC,44929.750556916755,875104657443.5701,38486785577.057106
2021-09-11 00:00:00 UTC,45267.63169433066,844169271433.0717,38148778479.42063
2021-09-12 00:00:00 UTC,46189.77115532923,851518529274.8302,34198247994.282433
2021-09-13 00:00:00 UTC,44996.631392992385,869122611514.091,27539790664.08815
2021-09-14 00:00:00 UTC,47157.63931678602,848425792499.1925,39832561230.32331
2021-09-15 00:00:00 UTC,48206.57812947195,887013056668.0055,38624705228.40106
2021-09-16 00:00:00 UTC,47846.03643187921,906727769791.0696,30065291174.132626
2021-09-17 00:00:00 UTC,47466.29833807861,900990520811.9348,31518712533.724625
2021-09-18 00:00:00 UTC,48348.7180425815,893451138620.2218,28389790515.31155
2021-09-19 00:00:00 UTC,47248.45424526637,909447999681.8136,28155760033.1311
2021-09-20 00:00:00 UTC,43016.73831875625,891560241243.0585,26391604958.004444
2021-09-21 00:00:00 UTC,40554.38379228072,809991873784.0526,41378846690.15456
2021-09-22 00:00:00 UTC,43602.01638812259,762133055632.6614,46175506203.05505
2021-09-23 00:00:00 UTC,44992.1023576584,820460824050.9529,36445446728.909615
2021-09-24 00:00:00 UTC,42865.02476466266,846908782227.4725,33502873182.20926
2021-09-25 00:00:00 UTC,42823.63251348533,809772498812.6799,43108048456.55256
2021-09-26 00:00:00 UTC,43282.30444918047,808279417023.3408,30890712731.731144
2021-09-27 00:00:00 UTC,42082.83630776424,815648633261.1583,30336696230.156246
2021-09-28 00:00:00 UTC,41002.93401404471,794889951096.439,30377933479.987907
2021-09-29 00:00:00 UTC,41647.147350168314,772094230814.1613,29764269981.63276
2021-09-30 00:00:00 UTC,43886.736268775094,784210287180.219,30099643080.04506
2021-10-01 00:00:00 UTC,48267.16409524565,825912777712.3896,30837718910.771152
2021-10-02 00:00:00 UTC,47862.63317597535,907951808302.7268,42284854126.254074
2021-10-03 00:00:00 UTC,48259.08236661136,901784970577.78,29834752196.250862
2021-10-04 00:00:00 UTC,49261.93233907456,909257257275.2102,25932338501.258823
2021-10-05 00:00:00 UTC,51618.14135115003,927812140868.0522,32719595290.64838
2021-10-06 00:00:00 UTC,55409.83638002536,972443830188.1798,35578591630.12358
2021-10-07 00:00:00 UTC,53807.37282813595,1043970275544.5244,48470651415.40023
2021-10-08 00:00:00 UTC,54054.17387516834,1015246512238.866,35676755544.40796
2021-10-09 00:00:00 UTC,54964.50516431579,1017762755284.784,33907614871.32263
2021-10-10 00:00:00 UTC,54755.33872049275,1038524699061.4408,31888542872.342304
2021-10-11 00:00:00 UTC,57552.51080179167,1030788036761.6326,39084303122.77622
2021-10-12 00:00:00 UTC,56278.202123164694,1084736227837.6608,41902236629.65536
2021-10-13 00:00:00 UTC,57542.88604203485,1060467183095.6316,40008387227.166855
2021-10-14 00:00:00 UTC,57446.04373077944,1084287391750.6156,41247801649.02178
2021-10-15 00:00:00 UTC,61763.542707657245,1082695399376.3296,35936398016.85869
2021-10-16 00:00:00 UTC,61126.569839145115,1164782155730.3254,53593205111.81364
2021-10-17 00:00:00 UTC,61544.74519028909,1151972569331.5884,35358223628.755775
2021-10-18 00:00:00 UTC,62013.35699948383,1160650121141.9934,29571030584.182365
2021-10-19 00:00:00 UTC,64482.46190504256,1169350084798.2798,38739369516.06629
2021-10-20 00:00:00 UTC,66282.10362318376,1217582580302.557,42536519499.91928
2021-10-21 00:00:00 UTC,62178.64108486043,1250376460615.7495,42701411502.6552
2021-10-22 00:00:00 UTC,61001.2763299747,1178926819140.818,48379709731.69993
2021-10-23 00:00:00 UTC,61641.33644248855,1149960985638.7932,40763366118.497925
2021-10-24 00:00:00 UTC,61119.93510737243,1160778741277.2876,29108870238.398174
2021-10-25 00:00:00 UTC,63346.13642359869,1153315262663.0586,29215432183.62818
2021-10-26 00:00:00 UTC,60686.51705776272,1192131994832.5864,31625607590.468506
2021-10-27 00:00:00 UTC,58593.750636419136,1144264730480.3645,34261166994.55125
2021-10-28 00:00:00 UTC,60848.01261102011,1105754837660.925,43922739692.88502
2021-10-29 00:00:00 UTC,62376.059765422186,1145912030969.1882,52291601035.792496
2021-10-30 00:00:00 UTC,62013.43721134426,1178047465292.3655,39687121759.49919
2021-10-31 00:00:00 UTC,61367.725643759026,1166210039998.3315,31950792049.479877
2021-11-01 00:00:00 UTC,61041.978090123754,1157494971646.066,32444578307.707577
2021-11-02 00:00:00 UTC,63283.05522357457,1152831210803.7048,35761548410.07529
2021-11-03 00:00:00 UTC,63025.089675660354,1186951581189.4705,37347567791.01049
2021-11-04 00:00:00 UTC,61585.725989000144,1187048124213.9268,36507122403.15565
2021-11-05 00:00:00 UTC,61276.76391259965,1157101738112.7314,33045136462.50769
2021-11-06 00:00:00 UTC,61682.551073522554,1154530569293.3604,31169985772.592422
2021-11-07 00:00:00 UTC,63432.566870410454,1162489871875.4807,31401759115.837048
2021-11-08 00:00:00 UTC,67538.87721266753,1191631271447.797,25117272339.37414
2021-11-09 00:00:00 UTC,67087.02087836534,1278797895528.3608,105407358058.39491
2021-11-10 00:00:00 UTC,65063.01834081674,1268116896159.246,41091486603.115395
2021-11-11 00:00:00 UTC,64947.21819057796,1228118726249.5933,48622148653.85085
2021-11-12 00:00:00 UTC,64424.95100947576,1228606858156.692,35408277413.48735
2021-11-13 00:00:00 UTC,64654.4414289871,1215930166022.9006,36965562574.6613
2021-11-14 00:00:00 UTC,65858.07596188624,1220299721850.586,29530593106.36487
2021-11-15 00:00:00 UTC,63857.76645602342,1239021452560.904,26237606190.579582
2021-11-16 00:00:00 UTC,60398.82606891139,1206711952537.9358,32062365001.81477
2021-11-17 00:00:00 UTC,60613.39049373961,1141910823555.9597,48886513629.15821
2021-11-18 00:00:00 UTC,57298.296264748,1143970486310.6255,39302344967.79443
2021-11-19 00:00:00 UTC,58499.93591892777,1075758915731.0364,42068494230.29753
2021-11-20 00:00:00 UTC,60003.79297183159,1103594176399.317,37888714815.03419
2021-11-21 00:00:00 UTC,59147.74906042633,1134300362589.2896,29547017139.27386
2021-11-22 00:00:00 UTC,56299.92262278497,1120610791475.7502,25772598368.295822
2021-11-23 00:00:00 UTC,57706.70685149255,1064619437494.1868,34030864360.443695
2021-11-24 00:00:00 UTC,57196.30153874335,1090380950871.23,36347555949.336136
2021-11-25 00:00:00 UTC,58904.81767049388,1080039673037.4924,31701108318.32965
2021-11-26 00:00:00 UTC,53816.01469816056,1112182356756.767,32709776287.555832
2021-11-27 00:00:00 UTC,54706.458576843426,1016487054819.716,41346830680.57004
2021-11-28 00:00:00 UTC,57235.04950708623,1031711361507.9784,28370879886.62563
2021-11-29 00:00:00 UTC,57759.580915871185,1080980050980.763,27121622084.21903
2021-11-30 00:00:00 UTC,56916.575052390894,1092574224475.6908,30317921511.68041
2021-12-01 00:00:00 UTC,57158.88853254516,1076804436724.3243,35594769461.32271
2021-12-02 00:00:00 UTC,56565.2080149634,1079838995016.5872,49404930139.556175
2021-12-03 00:00:00 UTC,53784.25337503392,1067406204922.5636,36105224808.477585
2021-12-04 00:00:00 UTC,49348.75264367214,1016040747069.7008,39646450204.12406
2021-12-05 00:00:00 UTC,49370.45960435026,928738487156.9332,57943344294.469864
2021-12-06 00:00:00 UTC,50555.466981064295,930802103983.5208,33074043610.93381
2021-12-07 00:00:00 UTC,50619.4204529538,953396710269.5476,36240701311.9845
2021-12-08 00:00:00 UTC,50479.77798084592,956961313925.818,29881744385.25825
2021-12-09 00:00:00 UTC,47746.62457384658,954800139986.473,25906442832.852585
2021-12-10 00:00:00 UTC,47300.39736252528,904878061656.8508,27173043148.232822
2021-12-11 00:00:00 UTC,49251.93055866373,893919955029.865,29560306378.123196
2021-12-12 00:00:00 UTC,50057.19318882323,930603779263.9766,24602043502.658077
2021-12-13 00:00:00 UTC,46678.54935892693,945932497231.4796,19543411821.95791
2021-12-14 00:00:00 UTC,48306.04111459079,882570058436.5184,29165267822.959763
2021-12-15 00:00:00 UTC,48933.07074628331,915015634616.989,30026136840.90007
2021-12-16 00:00:00 UTC,47719.471420262875,925006387197.2256,33794888085.98862
2021-12-17 00:00:00 UTC,46258.08374775426,901558072618.6224,24733746594.17887
2021-12-18 00:00:00 UTC,46903.55942644672,875783175210.4042,30510748370.358536
2021-12-19 00:00:00 UTC,46769.94610131785,887944269264.0427,23191315479.97964
2021-12-20 00:00:00 UTC,47122.771394169125,884905649263.6449,23009991770.398827
2021-12-21 00:00:00 UTC,49058.23886266777,890808857615.3627,29291836851.629993
2021-12-22 00:00:00 UTC,48777.640399857475,929203956014.2224,25793043747.76937
2021-12-23 00:00:00 UTC,50927.61393294162,921888029984.8672,21883395892.727695
2021-12-24 00:00:00 UTC,50923.530230260054,961808788745.2732,26401123470.191097
2021-12-25 00:00:00 UTC,50478.270127814576,962312381228.0948,22552045587.541237
2021-12-26 00:00:00 UTC,50868.792929154675,958099737762.7762,17254208361.28195
2021-12-27 00:00:00 UTC,50731.66914700035,961723851972.3853,19492070858.52905
2021-12-28 00:00:00 UTC,47654.167754518,960280703699.892,22814387119.805244
2021-12-29 00:00:00 UTC,46574.822812744154,902655839568.4548,29453072206.475292
2021-12-30 00:00:00 UTC,47204.90001687057,879792670455.8223,26178714326.37715
2021-12-31 00:00:00 UTC,46380.709479034296,892648631305.5416,23572775289.99537
2022-01-01 00:00:00 UTC,47806.773176156086,876192941903.0961,25734940821.03215
2022-01-02 00:00:00 UTC,47371.10779061876,904551946917.3206,18890533379.535934
2022-01-03 00:00:00 UTC,46538.32782028214,897536090320.9355,33696882243.660557
2022-01-04 00:00:00 UTC,45872.98059415544,880330191985.1965,21900840702.98916
2022-01-05 00:00:00 UTC,43526.03699363513,876242689666.1957,24858256049.21512
2022-01-06 00:00:00 UTC,43200.97847602382,825849292944.6134,31586099643.22114
2022-01-07 00:00:00 UTC,41531.513058747514,817948447416.8506,26160731712.23233
2022-01-08 00:00:00 UTC,41670.292400503306,787735561341.1113,79750348370.05199
2022-01-09 00:00:00 UTC,41888.48386143332,788557154056.7145,23294172676.694084
2022-01-10 00:00:00 UTC,41890.545239659165,792722801684.081,18037514278.56486
2022-01-11 00:00:00 UTC,42811.149099488095,792407724467.5966,27997609677.62791
2022-01-12 00:00:00 UTC,43946.34497247883,809621515508.4065,22835698320.201057
2022-01-13 00:00:00 UTC,42563.42724772739,832460077955.3481,29933322889.782906
2022-01-14 00:00:00 UTC,43191.97077835075,806510860231.8285,43876071999.82458
2022-01-15 00:00:00 UTC,43173.14113478345,816129314317.4397,20201551928.93443
2022-01-16 00:00:00 UTC,43137.954593115566,817626430681.6595,14617261444.505283
2022-01-17 00:00:00 UTC,42311.13096812778,816325578941.135,14444976473.093756
2022-01-18 00:00:00 UTC,42400.77552454818,800724562781.339,17659149373.753525
2022-01-19 00:00:00 UTC,41752.21300444471,802734170455.7899,18820050177.13406
2022-01-20 00:00:00 UTC,40667.16631409715,790507925308.7825,19635646275.51542
2022-01-21 00:00:00 UTC,36385.341362730935,770916540806.6547,20983084142.084793
2022-01-22 00:00:00 UTC,35218.920913892136,692855029162.9379,38188560179.43008
2022-01-23 00:00:00 UTC,36264.71433009963,666220701468.4846,35477445372.99942
2022-01-24 00:00:00 UTC,36675.04559636651,687575973800.0704,22813316573.92218
2022-01-25 00:00:00 UTC,36954.61833509465,696465421899.37,36278831894.12376
2022-01-26 00:00:00 UTC,36886.15672024122,700571452648.8236,45817857191.86148
2022-01-27 00:00:00 UTC,37367.36458641815,698660251647.1793,26766049953.80687
2022-01-28 00:00:00 UTC,37782.444605708,706085295339.18,21603712398.339336
2022-01-29 00:00:00 UTC,38254.28243316684,717026944842.8334,19101418103.820953
2022-01-30 00:00:00 UTC,37994.86231169448,724847101570.0658,14132454636.451723
2022-01-31 00:00:00 UTC,38429.632121351264,719570142321.8397,11850715505.779696
2022-02-01 00:00:00 UTC,38801.34254479085,729700466269.608,17621834856.131523
2022-02-02 00:00:00 UTC,37051.5613638587,735730118266.6914,17111722025.650042
2022-02-03 00:00:00 UTC,37282.29962099617,701067531665.0795,16814225872.283222
2022-02-04 00:00:00 UTC,41616.79815634069,703003347951.7092,16210608367.773905
2022-02-05 00:00:00 UTC,41518.32114469506,788786195654.8938,25321863120.06907
2022-02-06 00:00:00 UTC,42413.117471323254,786295053042.2418,16473806142.07687
2022-02-07 00:00:00 UTC,43978.452461428016,804942041477.0581,13206902659.796513
2022-02-08 00:00:00 UTC,44166.38408074152,832181282957.8252,24141860190.968243
2022-02-09 00:00:00 UTC,44390.09437849022,837406846076.2306,29082592908.760914
2022-02-10 00:00:00 UTC,43476.56413118657,841226116476.1986,19798378349.32942
2022-02-11 00:00:00 UTC,42436.80707893192,826942197610.3904,27788846233.43824
2022-02-12 00:00:00 UTC,42267.77002333223,804358562390.3943,22937029973.995445
2022-02-13 00:00:00 UTC,42171.7398473092,800997421976.167,15524104238.039097
2022-02-14 00:00:00 UTC,42626.20005460053,800908069104.5785,12185577285.25878
2022-02-15 00:00:00 UTC,44526.56892529875,808280617642.0496,18123549551.10205
2022-02-16 00:00:00 UTC,43953.74800430618,844260940578.3271,19635419712.12061
2022-02-17 00:00:00 UTC,40558.2585325724,834761159092.6779,16826890217.318815
2022-02-18 00:00:00 UTC,40056.03763865945,769415366524.2325,22059111237.994865
2022-02-19 00:00:00 UTC,40187.95201238169,759881874201.3011,19666540384.488976
2022-02-20 00:00:00 UTC,38511.73629377492,761948916159.3738,11508731083.355846
2022-02-21 00:00:00 UTC,37161.75973667179,730381814665.4404,15999581861.824331
2022-02-22 00:00:00 UTC,38301.54932787008,703722951866.624,25341125832.58059
2022-02-23 00:00:00 UTC,37318.094619193784,727094284067.6588,22127908495.06613
2022-02-24 00:00:00 UTC,38361.34138240466,708829287814.1068,18486379437.395203
2022-02-25 00:00:00 UTC,39256.27713173648,727657714638.0917,40440513477.55185
2022-02-26 00:00:00 UTC,39178.51460442859,745763194704.1796,22529825286.082935
2022-02-27 00:00:00 UTC,37788.41695288266,741083625917.93,14623587724.269794
2022-02-28 00:00:00 UTC,43285.82079854789,717619764688.0872,19415387807.8987
2022-03-01 00:00:00 UTC,44416.80608221456,820180697677.1139,29876833443.424076
2022-03-02 00:00:00 UTC,43975.46707012052,842674223653.98,27837786731.93368
2022-03-03 00:00:00 UTC,42487.97023252599,834437956671.6672,25215482634.20429
2022-03-04 00:00:00 UTC,39205.55964610354,806232429992.8666,22113158019.57317
2022-03-05 00:00:00 UTC,39465.92350920515,743810477766.2219,25010695303.040897
2022-03-06 00:00:00 UTC,38469.82808396354,748197160856.1006,14796072189.235748
2022-03-07 00:00:00 UTC,38031.5334305572,729501899968.2964,17015085803.96586
2022-03-08 00:00:00 UTC,38736.17038724565,722576867073.0568,24216956608.910923
2022-03-09 00:00:00 UTC,41912.93529092935,735137210834.6896,22505514411.903973
2022-03-10 00:00:00 UTC,39437.05655566293,796849504897.2562,28847943224.623062
2022-03-11 00:00:00 UTC,38750.702587530395,749102466629.4906,27719993542.668316
2022-03-12 00:00:00 UTC,38813.852233893376,735930304984.625,23569785239.532528
2022-03-13 00:00:00 UTC,37866.51987287414,738456528057.6692,12422580328.628618
2022-03-14 00:00:00 UTC,39698.84346280999,718806374261.0459,14456602667.561766
2022-03-15 00:00:00 UTC,39309.47427672894,753066728422.9209,21185332128.81593
2022-03-16 00:00:00 UTC,41128.907243614536,746692962743.5848,20777452593.01622
2022-03-17 00:00:00 UTC,40942.96115664257,779761001844.4108,34717230634.86785
2022-03-18 00:00:00 UTC,41827.83825559971,778474325709.8895,18853240176.054043
2022-03-19 00:00:00 UTC,42223.22055771128,794378970588.3145,30191987937.863262
2022-03-20 00:00:00 UTC,41249.33316098489,801267910322.1143,16407852371.62749
2022-03-21 00:00:00 UTC,41008.53028651586,784054464871.6631,16865170845.26753
2022-03-22 00:00:00 UTC,42369.9465541391,778904189914.9711,21210468420.484623
2022-03-23 00:00:00 UTC,42844.97161415224,803937099701.4115,28687053402.0573
2022-03-24 00:00:00 UTC,43938.76277163975,813948104071.6648,21967929052.62363
2022-03-25 00:00:00 UTC,44297.75318470385,834474409406.1606,26227894077.1662
2022-03-26 00:00:00 UTC,44482.96195700146,842031938721.7855,25857678069.347157
2022-03-27 00:00:00 UTC,46723.33260866086,844826026831.2148,13661822070.826937
2022-03-28 00:00:00 UTC,47060.54789121755,887283025181.1342,22604566090.385654
2022-03-29 00:00:00 UTC,47450.73750991452,892747620147.7012,30156958749.53568
2022-03-30 00:00:00 UTC,47031.13685828629,901768546175.7184,26038288270.819992
2022-03-31 00:00:00 UTC,45527.561308164615,894133026656.9716,24371830398.868977
2022-04-01 00:00:00 UTC,46228.89700032369,865010142444.9791,27506839725.363613
2022-04-02 00:00:00 UTC,45846.679611457475,879144224206.3806,32904547036.479446
2022-04-03 00:00:00 UTC,46361.027865460506,871050305858.7916,24490259600.105015
2022-04-04 00:00:00 UTC,46609.66126268792,882346640419.069,21468043827.75967
2022-04-05 00:00:00 UTC,45561.09897250951,886056209769.0359,27856922938.64591
2022-04-06 00:00:00 UTC,43237.35532355133,867247321783.443,25286684931.94866
2022-04-07 00:00:00 UTC,43488.161928473586,820983263462.4961,34002430717.131405
2022-04-08 00:00:00 UTC,42307.16836847853,827032889944.6309,22710990779.556053
2022-04-09 00:00:00 UTC,42806.94493386594,804272478980.6077,23690396946.123997
2022-04-10 00:00:00 UTC,42249.49012994372,813449828892.1295,13928999335.937738
2022-04-11 00:00:00 UTC,39552.83022503967,803574629064.9272,14832274312.780523
2022-04-12 00:00:00 UTC,40101.0511241918,752040698264.7866,30142799237.99912
2022-04-13 00:00:00 UTC,41231.70767827394,764314681923.3135,27716054247.830173
2022-04-14 00:00:00 UTC,39994.42153457291,783560801481.9719,25457060217.91867
2022-04-15 00:00:00 UTC,40592.302495187774,759703443634.6515,22717962164.183594
2022-04-16 00:00:00 UTC,40443.36362197435,771666602547.5923,21917306894.503696
2022-04-17 00:00:00 UTC,39717.18128129569,769110365740.3575,15754007492.24029
2022-04-18 00:00:00 UTC,40832.822308728115,755627152747.4514,16623604395.638714
2022-04-19 00:00:00 UTC,41468.10339128262,776463403746.4385,30379874901.05365
2022-04-20 00:00:00 UTC,41384.059467671854,789141783336.2104,22694796924.244133
2022-04-21 00:00:00 UTC,40431.945309060306,786991405317.5155,24969401075.08678
2022-04-22 00:00:00 UTC,39757.35142573217,770787243369.5001,32106411858.58169
2022-04-23 00:00:00 UTC,39498.56145059524,756144456297.8489,45943334837.331856
2022-04-24 00:00:00 UTC,39469.04986198146,751621879755.6492,14999708316.631096
2022-04-25 00:00:00 UTC,40458.13158475881,750752125042.0597,16779218472.96452
2022-04-26 00:00:00 UTC,38134.21545068938,769607201942.3365,32822746913.97465
2022-04-27 00:00:00 UTC,39223.93281127287,725434540422.046,31057785297.54436
2022-04-28 00:00:00 UTC,39741.766645809636,746206374472.0516,27817317702.309837
2022-04-29 00:00:00 UTC,38650.55013809267,756090806420.8264,31484499882.601425
2022-04-30 00:00:00 UTC,37820.61176529208,735366333191.1046,27741098093.148106
2022-05-01 00:00:00 UTC,38537.65476669535,719611115951.2947,20945675146.33698
2022-05-02 00:00:00 UTC,38561.56539902362,733294957352.5364,24856240719.84427
2022-05-03 00:00:00 UTC,37758.496107734,733787526677.6703,29826454816.871857
2022-05-04 00:00:00 UTC,39699.02404125388,718542028695.8999,23069843852.25884
2022-05-05 00:00:00 UTC,36612.22954880304,755506409869.6406,31755609266.19514
2022-05-06 00:00:00 UTC,36075.60763739326,696796630326.9097,37415095678.74267
2022-05-07 00:00:00 UTC,35557.835777517306,686616217480.2147,32160897450.27488
2022-05-08 00:00:00 UTC,34070.31219757961,676794049748.9828,19180646757.3472
2022-05-09 00:00:00 UTC,31168.68372843058,648514321641.9902,30849745697.8615
2022-05-10 00:00:00 UTC,31026.93386836242,594543232898.1554,57538891622.59946
2022-05-11 00:00:00 UTC,29132.323422572597,590644412746.6844,54100648216.63099
2022-05-12 00:00:00 UTC,29126.11597686014,554599848458.1919,66154295652.10309
2022-05-13 00:00:00 UTC,29362.739816447625,554510277496.4575,61324171012.193954
2022-05-14 00:00:00 UTC,30185.81836710193,559319300980.164,70900575152.26173
2022-05-15 00:00:00 UTC,31319.30911113,574740426760.9084,25725645359.927486
2022-05-16 00:00:00 UTC,29923.606993639707,596346266888.6597,22945763681.37454
2022-05-17 00:00:00 UTC,30502.19328027689,569801943005.2971,28417653736.133007
2022-05-18 00:00:00 UTC,28772.200501112577,580846952682.3038,24964241164.706303
2022-05-19 00:00:00 UTC,30289.310877173142,547927169401.20306,26192007432.970497
2022-05-20 00:00:00 UTC,29256.813374416255,576842297276.8319,28837793646.232292
2022-05-21 00:00:00 UTC,29491.5079477606,557201657280.7389,25978916956.710575
2022-05-22 00:00:00 UTC,30351.0504171381,561696351558.8424,13560730988.56896
2022-05-23 00:00:00 UTC,29396.051933786715,578090387085.146,17199930154.801
2022-05-24 00:00:00 UTC,29646.881245805853,559214411299.2483,26447924987.8875
2022-05-25 00:00:00 UTC,29573.172230465712,564885248021.9939,23462969599.754696
2022-05-26 00:00:00 UTC,29348.7905268212,563577022957.9133,23115830131.043163
2022-05-27 00:00:00 UTC,28645.69654042385,559066076343.6685,32048622749.32363
2022-05-28 00:00:00 UTC,29082.06347786096,545752899521.8662,31435207260.91886
2022-05-29 00:00:00 UTC,29497.2459064025,554192891458.0492,15142316084.793978
2022-05-30 00:00:00 UTC,31737.423154595424,561922492289.711,14412311557.685925
2022-05-31 00:00:00 UTC,31813.83060205969,604792265468.6198,34941822952.65723
2022-06-01 00:00:00 UTC,29822.0722900913,606834602082.8086,29696256800.785892
2022-06-02 00:00:00 UTC,30447.351129163697,568064236681.0408,35481659621.62866
2022-06-03 00:00:00 UTC,29704.438927548003,580863150152.0535,23948571191.787216
2022-06-04 00:00:00 UTC,29857.84041897065,566275595800.1772,21706850552.80442
2022-06-05 00:00:00 UTC,29919.485906229747,569298649853.1064,12896724394.387947
2022-06-06 00:00:00 UTC,31343.074767346057,570209935092.4275,13370641081.37379
2022-06-07 00:00:00 UTC,31233.354220257985,597966736176.5532,27638128536.24038
2022-06-08 00:00:00 UTC,30233.66224479314,595624566154.61,36150208149.15344
2022-06-09 00:00:00 UTC,30097.079848962847,576238781341.3682,27007900979.80705
2022-06-10 00:00:00 UTC,29099.974925109607,573819802894.6453,18847006743.426422
2022-06-11 00:00:00 UTC,28432.48893176717,554765734069.0048,25726029571.819035
2022-06-12 00:00:00 UTC,26627.53090505035,540955713169.4659,22641181733.41387
2022-06-13 00:00:00 UTC,22501.17061864402,508530465880.62177,29688613602.74814
2022-06-14 00:00:00 UTC,22223.152110755706,429492202561.014,64715746713.2269
2022-06-15 00:00:00 UTC,22583.879030763244,423742864104.7608,46923598865.97288
2022-06-16 00:00:00 UTC,20377.98594068011,429887916884.8431,51727087046.91495
2022-06-17 00:00:00 UTC,20470.301151719366,389181727345.57733,27044149039.563187
2022-06-18 00:00:00 UTC,19032.396102101586,390332667597.4295,24156099508.889885
2022-06-19 00:00:00 UTC,20552.806027801493,362974635534.6416,38883182631.177864
2022-06-20 00:00:00 UTC,20619.589478457503,390555374756.5322,32524249855.293724
2022-06-21 00:00:00 UTC,20697.50473330783,393364884786.26904,28021418123.41131
2022-06-22 00:00:00 UTC,19976.542223659497,394893832094.8669,25113458090.292
2022-06-23 00:00:00 UTC,21099.02208003571,381186683100.736,24689295377.08558
2022-06-24 00:00:00 UTC,21275.341587702176,402495826231.42053,23594118813.778378
2022-06-25 00:00:00 UTC,21505.67177889575,405878812385.6641,21793765947.252567
2022-06-26 00:00:00 UTC,21054.74495316504,410499482649.0472,16066117910.071346
2022-06-27 00:00:00 UTC,20759.20918655217,401645800330.4072,15268570549.88598
2022-06-28 00:00:00 UTC,20270.548294340697,395914576106.05786,17670594572.39954
2022-06-29 00:00:00 UTC,20122.42784360005,386854624809.91455,18005582362.8076
2022-06-30 00:00:00 UTC,19627.969394829484,383950371159.0807,20768645769.66262
2022-07-01 00:00:00 UTC,19314.610292807803,373953758836.34393,23157060969.41688
2022-07-02 00:00:00 UTC,19261.54747723227,368835579991.3493,28255234224.84239
2022-07-03 00:00:00 UTC,19317.447553116508,367777373578.24567,14533663293.947723
2022-07-04 00:00:00 UTC,20249.978218848988,368822744639.7684,14004615597.56619
2022-07-05 00:00:00 UTC,20188.12638182805,386570214549.8367,18647946684.21789
2022-07-06 00:00:00 UTC,20568.066861912925,385468300668.9779,23574684278.898308
2022-07-07 00:00:00 UTC,21641.030110638116,392490688064.81177,21673888744.68945
2022-07-08 00:00:00 UTC,21767.370195790587,413145778446.6208,21850451229.463596
2022-07-09 00:00:00 UTC,21600.46747280324,416587899708.2432,46544278973.89875
2022-07-10 00:00:00 UTC,20867.403980278927,412580529486.2216,26402716721.305992
2022-07-11 00:00:00 UTC,19961.62590051541,398370865945.2373,24829951629.708443
2022-07-12 00:00:00 UTC,19367.806432774458,382000290322.39886,21339990933.72019
2022-07-13 00:00:00 UTC,20271.472189848435,370191767290.5106,22119539235.387184
2022-07-14 00:00:00 UTC,20594.75461740139,386160340241.41754,28520387192.966946
2022-07-15 00:00:00 UTC,20843.673000207167,393008000560.4057,28789839157.61057
2022-07-16 00:00:00 UTC,21175.609875299702,398091064972.8365,46719297205.41239
2022-07-17 00:00:00 UTC,20802.939872166535,404537813348.7149,42006070422.07139
2022-07-18 00:00:00 UTC,22441.05263511972,397260345645.4866,29511157913.20591
2022-07-19 00:00:00 UTC,23359.16438536411,428595017857.9716,58934776784.81118
2022-07-20 00:00:00 UTC,23216.59021740721,446323767974.0568,56908032407.19895
2022-07-21 00:00:00 UTC,23141.980593130527,442901604101.7669,40695396499.63695
2022-07-22 00:00:00 UTC,22700.098211815028,442183546503.5079,62863339753.34106
2022-07-23 00:00:00 UTC,22484.261536698406,433485926857.3929,40058898264.3932
2022-07-24 00:00:00 UTC,22606.217112357943,429447689513.3548,42342523195.051674
2022-07-25 00:00:00 UTC,21318.777866603763,433819662321.5266,33072859868.92154
2022-07-26 00:00:00 UTC,21222.71193282076,407480099599.8142,42662237870.59065
2022-07-27 00:00:00 UTC,22946.384734238374,405692421501.5272,53752480507.103
2022-07-28 00:00:00 UTC,23848.954755768547,438399422920.208,54677337828.68194
2022-07-29 00:00:00 UTC,23857.805954386982,455647437533.77545,55364145713.92883
2022-07-30 00:00:00 UTC,23644.223348753476,459609388579.5554,41102474655.64323
2022-07-31 00:00:00 UTC,23344.85586704442,451860685080.2756,61888339313.31334
2022-08-01 00:00:00 UTC,23304.1571928234,446146475940.1428,31761995844.87629
2022-08-02 00:00:00 UTC,23052.9464327384,445958949620.3002,44274191548.75321
2022-08-03 00:00:00 UTC,22853.390929760713,440954684720.7478,35014881200.97892
2022-08-04 00:00:00 UTC,22670.805467242913,437095463801.3786,41219729641.844666
2022-08-05 00:00:00 UTC,23270.98862808214,433242455940.6124,23663397891.55892
2022-08-06 00:00:00 UTC,22980.879850992656,444897800648.8708,27148966539.640293
2022-08-07 00:00:00 UTC,23205.139743930256,439121215561.7622,14404819473.62872
2022-08-08 00:00:00 UTC,23849.15263154357,442979379284.1196,14293535041.946505
2022-08-09 00:00:00 UTC,23119.49045139759,455200953861.89777,27806433790.43632
2022-08-10 00:00:00 UTC,23956.114928297186,443382534834.6949,29801866584.725822
2022-08-11 00:00:00 UTC,23950.900748828608,457270455537.3291,32374160720.405823
2022-08-12 00:00:00 UTC,24402.440340721063,458070674127.7904,33737661108.485847
2022-08-13 00:00:00 UTC,24439.40503794657,466705384529.57526,25070756638.69683
2022-08-14 00:00:00 UTC,24365.972444388517,466963422920.4014,22293418161.51829
2022-08-15 00:00:00 UTC,24146.458344333016,464896345363.0234,21417287252.59092
2022-08-16 00:00:00 UTC,23898.443544721264,461721358678.9366,33626093664.837063
2022-08-17 00:00:00 UTC,23372.8500590442,457200720080.4158,25101812178.295815
2022-08-18 00:00:00 UTC,23246.261314495776,447015816173.3428,29692212256.222404
2022-08-19 00:00:00 UTC,20848.94903274075,444589675847.1305,19948502853.23049
2022-08-20 00:00:00 UTC,21156.597468284595,400810425580.64777,35296652475.33285
2022-08-21 00:00:00 UTC,21546.121627374363,404909774372.98395,23603479955.19559
2022-08-22 00:00:00 UTC,21404.154481489863,413578924865.8514,20470764590.385845
2022-08-23 00:00:00 UTC,21553.278406491056,409441398133.9976,28947185919.55815
2022-08-24 00:00:00 UTC,21393.11181642864,412338357271.39594,29280192757.571655
2022-08-25 00:00:00 UTC,21599.292994121268,409503007623.0169,26836250429.197887
2022-08-26 00:00:00 UTC,20267.18642258463,413843488595.5175,26840495659.93961
2022-08-27 00:00:00 UTC,20053.73429992764,387215087166.7839,34948345347.16364
2022-08-28 00:00:00 UTC,19652.463931202627,383790676113.79205,24089081904.252254
2022-08-29 00:00:00 UTC,20321.744272430384,376180531070.6233,19939787559.294006
2022-08-30 00:00:00 UTC,19810.92814167189,389119405471.2333,28553154346.450752
2022-08-31 00:00:00 UTC,20021.14385357082,379555151404.602,30362399307.57884
2022-09-01 00:00:00 UTC,20141.16741175336,383348414528.78253,27765438933.99558
2022-09-02 00:00:00 UTC,19963.42714522854,385027707310.6654,25605923525.96429
2022-09-03 00:00:00 UTC,19826.53972513521,381788074511.76855,24801948626.865284
2022-09-04 00:00:00 UTC,19991.922291728963,379490874935.9368,20107521140.37868
2022-09-05 00:00:00 UTC,19774.581447860117,382704582802.244,21579249599.36924
2022-09-06 00:00:00 UTC,18845.69035387956,378685143698.17633,23530666884.747307
2022-09-07 00:00:00 UTC,19356.291420887766,360728681950.2035,40207625313.33068
2022-09-08 00:00:00 UTC,19315.36528635933,369254613789.1006,30248220424.956886
2022-09-09 00:00:00 UTC,21373.0518826196,369723445425.44885,28909464666.529465
2022-09-10 00:00:00 UTC,21714.872031165643,408976281844.7646,42647074659.395035
2022-09-11 00:00:00 UTC,21741.569832995458,415626868120.23346,33168952128.12736
2022-09-12 00:00:00 UTC,22338.565597628796,416073628622.0949,31242900525.81936
2022-09-13 00:00:00 UTC,20177.75073928847,427473787888.3761,43993283855.335365
2022-09-14 00:00:00 UTC,20238.823171784203,386529657258.8565,46273682406.335686
2022-09-15 00:00:00 UTC,19706.118843195443,387486232249.80023,35933278347.96945
2022-09-16 00:00:00 UTC,19763.99436728184,377719382182.44714,33720923385.515717
2022-09-17 00:00:00 UTC,20129.877778640617,378591588022.3428,29996962033.849106
2022-09-18 00:00:00 UTC,19440.93216955394,385486747327.04944,23374295676.41719
2022-09-19 00:00:00 UTC,19546.409143501933,372598380208.27094,29427607655.49609
2022-09-20 00:00:00 UTC,18874.85455696598,374524246937.4287,39607334383.37324
2022-09-21 00:00:00 UTC,18527.8018682542,361980678159.1343,33878194662.506077
2022-09-22 00:00:00 UTC,19447.840839850032,355194467885.9514,41063769879.806206
2022-09-23 00:00:00 UTC,19309.223005327487,372075639498.16974,37600013941.1492
2022-09-24 00:00:00 UTC,18936.69527506283,370913140447.5163,36194352079.47091
2022-09-25 00:00:00 UTC,18787.31367920075,363168779956.3335,24580564791.09688
2022-09-26 00:00:00 UTC,19200.805979225697,360256894978.40894,21546296652.79815
2022-09-27 00:00:00 UTC,19114.89607795911,368111842318.8181,41911720633.78906
2022-09-28 00:00:00 UTC,19443.686788008305,366159915005.1544,52317760391.82979
2022-09-29 00:00:00 UTC,19563.77669702481,372892084645.0075,47478752435.6376
2022-09-30 00:00:00 UTC,19467.92810217155,374830625219.6003,37559068691.27814
2022-10-01 00:00:00 UTC,19316.65564348453,373222100680.7475,37630676086.69201
2022-10-02 00:00:00 UTC,19077.035291770622,370204708063.3375,15914932522.058037
2022-10-03 00:00:00 UTC,19619.670547099005,366195863790.6755,17911614695.389603
2022-10-04 00:00:00 UTC,20343.849301882183,375990445897.42126,25945701778.515804
2022-10-05 00:00:00 UTC,20156.826634139034,390177741507.47705,30910537900.878506
2022-10-06 00:00:00 UTC,19952.43018136962,386368899196.38165,29245923443.0661
2022-10-07 00:00:00 UTC,19494.511538738472,382535636441.09314,31247836020.179146
2022-10-08 00:00:00 UTC,19419.398372249936,373652478690.2413,23985262605.504944
2022-10-09 00:00:00 UTC,19448.935067015376,372391945609.07526,13011575799.62132
2022-10-10 00:00:00 UTC,19137.01395720364,372264710552.3351,14516979457.74902
2022-10-11 00:00:00 UTC,19060.702787263657,367073959484.86346,23744467820.93165
2022-10-12 00:00:00 UTC,19152.894115946925,365118514776.26794,25093402512.452385
2022-10-13 00:00:00 UTC,19381.598425459917,367301644901.367,22334221772.72943
2022-10-14 00:00:00 UTC,19194.643188187696,371647189087.4759,36974369563.50056
2022-10-15 00:00:00 UTC,19077.79244168286,368161346648.5524,34660702061.25626
2022-10-16 00:00:00 UTC,19274.21494495987,365826566311.2991,13069224373.647142
2022-10-17 00:00:00 UTC,19563.59309706202,369703400493.5069,15677363658.265917
2022-10-18 00:00:00 UTC,19330.455739126475,375162975050.1155,23648554043.41556
2022-10-19 00:00:00 UTC,19130.743408844693,371196833238.99286,25921688585.60349
2022-10-20 00:00:00 UTC,19068.872653807117,367047771297.5727,23077757264.479824
2022-10-21 00:00:00 UTC,19171.04657559574,365098952754.63934,25859916447.58613
2022-10-22 00:00:00 UTC,19207.755987924407,367999082249.1525,30271201662.093822
2022-10-23 00:00:00 UTC,19560.981805900537,368484939423.55475,13142834421.430555
2022-10-24 00:00:00 UTC,19321.009031433612,375275665391.7816,19954134198.102657
2022-10-25 00:00:00 UTC,20096.25540017602,370622833880.7626,28587015002.808685
2022-10-26 00:00:00 UTC,20780.88990318696,385476931983.84595,40042003389.790504
2022-10-27 00:00:00 UTC,20281.814190920257,398674628646.93066,50680930191.33899
2022-10-28 00:00:00 UTC,20585.140948621447,389238872375.6226,41696028745.25851
2022-10-29 00:00:00 UTC,20818.104942412258,395201306734.5831,36264736996.32506
2022-10-30 00:00:00 UTC,20623.802887241596,399221525617.2233,32701896983.535976
2022-10-31 00:00:00 UTC,20493.32309907052,395548335410.141,24698215731.440487
2022-11-01 00:00:00 UTC,20489.14602130655,393311097043.5727,37269725212.246666
2022-11-02 00:00:00 UTC,20161.31958969446,393218202887.5868,32238166677.18386
2022-11-03 00:00:00 UTC,20206.122487022458,387015867490.0914,44466433514.40994
2022-11-04 00:00:00 UTC,21147.35438395201,387756249891.6283,36171763872.29456
2022-11-05 00:00:00 UTC,21279.72935760217,405987599945.2726,428514208502.58136
2022-11-06 00:00:00 UTC,20921.822265010724,408892506459.0742,326768520998.8421
2022-11-07 00:00:00 UTC,20600.322770476647,401869336200.07385,304083504872.5315
2022-11-08 00:00:00 UTC,18579.393972863152,395168506455.3059,402321587411.22845
2022-11-09 00:00:00 UTC,15920.790098583166,356871594631.61395,91548661190.87306
2022-11-10 00:00:00 UTC,17602.78987369115,301963847693.52637,75551583083.24297
2022-11-11 00:00:00 UTC,17088.940776041574,336597208099.6668,64990125056.81175
2022-11-12 00:00:00 UTC,16794.65243155318,325921112619.09045,44946257331.659096
2022-11-13 00:00:00 UTC,16335.291623906294,322330608513.1628,21690940014.79461
2022-11-14 00:00:00 UTC,16632.609964064566,313897234440.0711,20398778975.547684
2022-11-15 00:00:00 UTC,16901.93898535729,320598982524.9025,37474331352.8695
2022-11-16 00:00:00 UTC,16677.8661782702,324608360619.00433,28646845354.05768
2022-11-17 00:00:00 UTC,16711.9194210435,320458759310.9897,27081921090.01887
2022-11-18 00:00:00 UTC,16705.261030242353,321287480849.7667,21983223583.877457
2022-11-19 00:00:00 UTC,16711.873000389467,320876918352.4405,20974029490.12592
2022-11-20 00:00:00 UTC,16298.4115121867,321151208473.7581,11565744638.625702
2022-11-21 00:00:00 UTC,15794.327604914475,313370674122.3842,15614337133.045631
2022-11-22 00:00:00 UTC,16225.09189957465,303834128504.1595,31187812281.528103
2022-11-23 00:00:00 UTC,16633.46357404885,311463297390.4882,25149102637.477947
2022-11-24 00:00:00 UTC,16605.799294851015,319494112507.07404,26945481401.795635
2022-11-25 00:00:00 UTC,16521.12986806161,318949911014.53784,20931150431.001747
2022-11-26 00:00:00 UTC,16465.292555082957,317919884011.3825,18959535573.160248
2022-11-27 00:00:00 UTC,16456.691738354228,316206865319.883,18135971925.497807
2022-11-28 00:00:00 UTC,16222.49921096898,316188635451.24384,16548435142.174025
2022-11-29 00:00:00 UTC,16446.879607031446,311810991501.448,24547289835.040485
2022-11-30 00:00:00 UTC,17224.408029509174,316170903326.0224,24652354978.70648
2022-12-01 00:00:00 UTC,16978.823812802617,330984178350.06903,30617595384.391354
2022-12-02 00:00:00 UTC,17146.572922646876,326294405826.07306,23327435211.866817
2022-12-03 00:00:00 UTC,16914.488798275037,328178365692.1309,21123185097.565784
2022-12-04 00:00:00 UTC,17133.314036600437,325212575895.4578,16780491536.10752
2022-12-05 00:00:00 UTC,16973.11921772874,329397403092.5575,18164065956.737175
2022-12-06 00:00:00 UTC,17076.34241255966,326635737516.3175,23190567163.140896
2022-12-07 00:00:00 UTC,16849.191359681357,328394837709.7177,20941340957.125984
2022-12-08 00:00:00 UTC,17226.037048690152,324178677956.7833,21103480696.89305
2022-12-09 00:00:00 UTC,17138.345164070735,331389860355.59094,22817531374.937477
2022-12-10 00:00:00 UTC,17121.2582214872,329756788298.6587,23005525572.77227
2022-12-11 00:00:00 UTC,17030.470309938653,329331527833.5074,14238986677.935308
2022-12-12 00:00:00 UTC,17213.990234735935,328522908417.3669,15822615636.320845
2022-12-13 00:00:00 UTC,17777.458744424264,331046024616.5333,21543474433.82352
2022-12-14 00:00:00 UTC,17819.97886583969,342102502914.68976,29104998379.27401
2022-12-15 00:00:00 UTC,17339.041306526968,342750810003.9755,27339306533.89037
2022-12-16 00:00:00 UTC,16650.249618566282,333854506370.7365,22771635359.74297
2022-12-17 00:00:00 UTC,16783.53340219785,320279922548.589,22424457127.73767
2022-12-18 00:00:00 UTC,16752.112260504884,322866274888.9875,14911583689.301275
2022-12-19 00:00:00 UTC,16454.222445893378,322051135709.32764,11010886167.768318
2022-12-20 00:00:00 UTC,16916.07097405973,316270478163.65466,17786774597.116814
2022-12-21 00:00:00 UTC,16822.639889639624,325120443529.51874,24920330814.22739
2022-12-22 00:00:00 UTC,16830.385066529358,323127932459.19025,16078006998.237144
2022-12-23 00:00:00 UTC,16793.801879233644,323519254392.6745,17853137873.380558
2022-12-24 00:00:00 UTC,16844.144321085107,323080615813.6348,16683104362.338623
2022-12-25 00:00:00 UTC,16842.72026144195,324145192903.6847,10129067319.560629
2022-12-26 00:00:00 UTC,16895.753539841488,324084665922.25714,12569852460.39406
2022-12-27 00:00:00 UTC,16699.692138154038,325036912914.6697,12712154421.572912
2022-12-28 00:00:00 UTC,16541.377134976698,321351469136.8621,17338854732.542076
2022-12-29 00:00:00 UTC,16646.17046569817,318288869204.81464,19119352414.447266
2022-12-30 00:00:00 UTC,16609.13431538681,320297298175.87695,15812145244.19984
2022-12-31 00:00:00 UTC,16542.456148037014,319722045805.09534,17497608669.16003
2023-01-01 00:00:00 UTC,16619.067534998238,318407574277.7691,11979309065.331757
2023-01-02 00:00:00 UTC,16671.675240126042,319832024054.6308,9818171060.534548
2023-01-03 00:00:00 UTC,16676.360309578547,320961770091.77295,13020145918.25624
2023-01-04 00:00:00 UTC,16859.82009595518,321045970032.28674,15332313488.482231
2023-01-05 00:00:00 UTC,16831.55500399307,324498979857.2144,20714856166.782578
2023-01-06 00:00:00 UTC,16957.15963712732,324138957221.0557,14909153467.880114
2023-01-07 00:00:00 UTC,16952.24756088372,326502828462.3803,18887242666.452827
2023-01-08 00:00:00 UTC,17144.931773011496,326371741274.41095,9582260789.239237
2023-01-09 00:00:00 UTC,17191.95219121857,328757005948.6286,12385079762.05709
2023-01-10 00:00:00 UTC,17440.383890840567,331096437647.5712,25185626745.51323
2023-01-11 00:00:00 UTC,17987.02093396897,335743942932.3494,21736821684.1694
2023-01-12 00:00:00 UTC,18865.2550060707,346572948677.15906,25446872431.35762
2023-01-13 00:00:00 UTC,19935.69890318845,363381125082.7658,47484496774.40798
2023-01-14 00:00:00 UTC,20922.63683936556,384156998355.94135,39355530105.771515
2023-01-15 00:00:00 UTC,20906.04014186953,405209898132.0056,49189831218.39651
2023-01-16 00:00:00 UTC,21167.444996055972,402717627625.6652,23163320446.61362
2023-01-17 00:00:00 UTC,21133.22855477795,407760358639.0028,34818423677.02064
2023-01-18 00:00:00 UTC,20721.040207375805,407405144842.9396,33313332752.42498
2023-01-19 00:00:00 UTC,21089.76082019566,399180968864.8611,40552708952.640335
2023-01-20 00:00:00 UTC,22653.53615242467,406258441952.3726,29054730950.59383
2023-01-21 00:00:00 UTC,22768.416907591723,437434718832.67413,41080078133.37139
2023-01-22 00:00:00 UTC,22689.77156985951,438578588179.0604,43774674279.17448
2023-01-23 00:00:00 UTC,22911.567340470097,437993799376.21344,34293811423.823036
2023-01-24 00:00:00 UTC,22630.02981007774,441522353156.2093,36966896732.5862
2023-01-25 00:00:00 UTC,23073.579085541896,435679436196.35767,35723848061.093025
2023-01-26 00:00:00 UTC,23037.80289259157,446715261348.7517,42885263061.46079
2023-01-27 00:00:00 UTC,23084.50814774056,444005849172.13904,37043838681.62054
2023-01-28 00:00:00 UTC,23008.07879887463,444908840163.6514,35957074812.79381
2023-01-29 00:00:00 UTC,23755.23140156847,443702765526.11646,19564951192.73144
2023-01-30 00:00:00 UTC,22846.01822234448,458368002025.743,38365828876.74275
2023-01-31 00:00:00 UTC,23145.869997520047,439295730927.16473,38566244102.003876
2023-02-01 00:00:00 UTC,23757.10793381664,445978974038.4519,32521755574.531445
2023-02-02 00:00:00 UTC,23519.65515623756,457383099382.75,37520481526.03859
2023-02-03 00:00:00 UTC,23438.134390544532,453565018922.5452,44954538488.623474
2023-02-04 00:00:00 UTC,23339.608293629484,452312595756.25696,40977823296.23311
2023-02-05 00:00:00 UTC,22947.52379272862,450197147854.798,18043754470.251404
2023-02-06 00:00:00 UTC,22803.082791400557,442933975658.56586,26862050152.582767
2023-02-07 00:00:00 UTC,23259.39942465226,439410227585.1615,33906351830.81019
2023-02-08 00:00:00 UTC,22959.23836024052,449391195299.20337,38234558831.58106
2023-02-09 00:00:00 UTC,21809.95394073028,442518382691.6549,34258320696.698257
2023-02-10 00:00:00 UTC,21643.699159129977,420790678627.7739,51173702826.57085
2023-02-11 00:00:00 UTC,21889.579130643924,417560172690.46387,42081467119.93117
2023-02-12 00:00:00 UTC,21825.339043535176,422107650473.77954,20796431320.572983
2023-02-13 00:00:00 UTC,21791.65589293195,420509671820.4276,26114670171.013206
2023-02-14 00:00:00 UTC,22167.687875150434,420675434789.84094,36923668351.03933
2023-02-15 00:00:00 UTC,24323.33303496403,428649056117.7321,45167744855.37238
2023-02-16 00:00:00 UTC,23608.108306938713,469318977347.881,44347987578.663
2023-02-17 00:00:00 UTC,24623.69500075191,455476238484.7296,48455060157.44762
2023-02-18 00:00:00 UTC,24635.850030004312,475194230168.09973,53222608541.251076
2023-02-19 00:00:00 UTC,24302.397112654988,475355796817.8918,24817726795.613377
2023-02-20 00:00:00 UTC,24791.174738128513,468600718609.948,33691420335.94488
2023-02-21 00:00:00 UTC,24416.459432825697,478236525469.6496,38905044809.204025
2023-02-22 00:00:00 UTC,24167.108023072993,471174635659.1146,41816493232.05213
2023-02-23 00:00:00 UTC,23964.264874456356,465998918250.2451,40225914262.63651
2023-02-24 00:00:00 UTC,23175.868434835524,462425399818.973,42276833206.7418
2023-02-25 00:00:00 UTC,23167.20486429252,447536641424.68427,35432000239.4283
2023-02-26 00:00:00 UTC,23547.399631112075,447234047090.4189,23133414002.19619
2023-02-27 00:00:00 UTC,23482.697255316987,454620022727.1475,24300265455.671284
2023-02-28 00:00:00 UTC,23147.38019424818,453351329375.03986,28804087262.248817
2023-03-01 00:00:00 UTC,23622.39561940076,446480411985.93823,25526236130.00141
2023-03-02 00:00:00 UTC,23469.231618829668,456079805783.48773,32125784050.98422
2023-03-03 00:00:00 UTC,22362.45766625331,453098857183.146,27467409546.82412
2023-03-04 00:00:00 UTC,22380.758671430824,431727585101.1504,34258724060.047752
2023-03-05 00:00:00 UTC,22432.85634630719,431512169463.02423,13314159175.109554
2023-03-06 00:00:00 UTC,22414.06021826144,433081135066.3954,16096840995.792397
2023-03-07 00:00:00 UTC,22201.80915363493,432758824798.3097,20969418850.2014
2023-03-08 00:00:00 UTC,21731.21771538755,428696823156.0666,27767987222.455135
2023-03-09 00:00:00 UTC,20368.318163263935,419495341339.6621,28453168639.01419
2023-03-10 00:00:00 UTC,20161.423237145915,392841773384.4403,40149291478.83389
2023-03-11 00:00:00 UTC,20482.367827999165,390202255053.33545,51582308186.82201
2023-03-12 00:00:00 UTC,22191.561368919774,395359325342.0735,37825073222.81431
2023-03-13 00:00:00 UTC,24201.907154188935,428649136966.5854,36829995917.03252
2023-03-14 00:00:00 UTC,24781.975663217545,467983133711.924,66456129077.30832
2023-03-15 00:00:00 UTC,24417.01377252936,478560387267.9515,70661520758.11441
2023-03-16 00:00:00 UTC,25166.029424758133,471879389600.03394,63079637404.48964
2023-03-17 00:00:00 UTC,27454.092345483394,486375597562.7987,60533697807.17555
2023-03-18 00:00:00 UTC,27124.652906181986,530038219067.3334,64638763139.19911
2023-03-19 00:00:00 UTC,28133.48527609605,523262280970.14777,46442794621.4851
2023-03-20 00:00:00 UTC,27960.961697157865,546680822196.2155,46449892326.48987
2023-03-21 00:00:00 UTC,28294.102225322193,538935400013.3555,55322209282.955086
2023-03-22 00:00:00 UTC,27436.047509135176,545917428270.10583,34457570110.44463
2023-03-23 00:00:00 UTC,28454.455650438067,530285040330.23944,35727706073.67939
2023-03-24 00:00:00 UTC,27651.32595121404,549578396178.6341,20381902354.70583
2023-03-25 00:00:00 UTC,27667.708954042584,533634255119.3758,21928062459.900997
2023-03-26 00:00:00 UTC,28020.14901302969,534960802333.31067,14848987600.780851
2023-03-27 00:00:00 UTC,27174.52955442269,542675619058.77966,14491112331.31036
2023-03-28 00:00:00 UTC,27280.287880818036,525328185696.0664,18424773512.673744
2023-03-29 00:00:00 UTC,28360.984914162316,527648711197.29944,17237551621.562912
2023-03-30 00:00:00 UTC,28054.42756141125,548808373530.0567,20975401191.101566
2023-03-31 00:00:00 UTC,28512.59557632949,542369769760.288,22655389156.06503
2023-04-01 00:00:00 UTC,28505.772444238617,551707238559.8757,19070123899.707325
2023-04-02 00:00:00 UTC,28242.70792495667,550949831049.3949,10134545824.3315
2023-04-03 00:00:00 UTC,27824.383353337573,545181408318.2205,11707743814.784391
2023-04-04 00:00:00 UTC,28209.375544975148,539350908801.9282,19295903832.092552
2023-04-05 00:00:00 UTC,28185.509968749175,544313567953.4008,14786176861.78716
2023-04-06 00:00:00 UTC,28043.64017758609,545409754928.52686,16469117807.222591
2023-04-07 00:00:00 UTC,27934.295806358354,542601176317.4441,13101305593.09813
2023-04-08 00:00:00 UTC,27973.80959186733,540287667202.79395,10105173408.409773
2023-04-09 00:00:00 UTC,28330.673547147333,540846239580.7957,8840298881.816034
2023-04-10 00:00:00 UTC,29678.59232979574,548717621432.247,11464177616.016563
2023-04-11 00:00:00 UTC,30245.60236934511,574059578670.3654,17480772583.1431
2023-04-12 00:00:00 UTC,29908.171796949693,585359301945.2595,18306648420.5683
2023-04-13 00:00:00 UTC,30428.945861709435,578564876747.5344,18402357902.226994
2023-04-14 00:00:00 UTC,30479.11793746514,587939018759.4221,16472305958.30506
2023-04-15 00:00:00 UTC,30330.407881246836,589930928394.8381,20976053614.055347
2023-04-16 00:00:00 UTC,30313.551434690653,586969785778.0928,11165724903.936243
2023-04-17 00:00:00 UTC,29457.10639578992,586523187702.9573,11208274307.427551
2023-04-18 00:00:00 UTC,30404.373378164106,569544523219.1117,16831330539.726171
2023-04-19 00:00:00 UTC,28855.520636195044,587730212230.9563,18435748083.695393
2023-04-20 00:00:00 UTC,28236.4723310163,558796473890.5958,24252407189.0504
2023-04-21 00:00:00 UTC,27285.467595285652,546141074655.3764,21621446594.117825
2023-04-22 00:00:00 UTC,27831.30655847881,528357279464.0127,20404958562.52945
2023-04-23 00:00:00 UTC,27591.23839718366,539247580799.34735,11679843060.53767
2023-04-24 00:00:00 UTC,27511.626867435625,533963321986.4338,11411474357.467651
2023-04-25 00:00:00 UTC,28291.81833850007,532480341441.6267,16382113395.329802
2023-04-26 00:00:00 UTC,28454.225229376465,547604616885.5036,17017999075.928017
2023-04-27 00:00:00 UTC,29487.59227790039,551602536525.2189,30610163054.841385
2023-04-28 00:00:00 UTC,29335.62342045591,570820625607.0754,26227534840.614056
2023-04-29 00:00:00 UTC,29268.971059359857,567916590048.3499,18717561003.407333
2023-04-30 00:00:00 UTC,29272.132696791,566230798255.4519,9798469460.9754
2023-05-01 00:00:00 UTC,28106.969058934203,568513467268.4124,14830616419.758224
2023-05-02 00:00:00 UTC,28700.842740700275,544218557620.3133,19960113941.90515
2023-05-03 00:00:00 UTC,29005.236744875023,554886795897.9369,17765968001.91134
2023-05-04 00:00:00 UTC,28855.84922975481,561312171794.5802,13903818399.21231
2023-05-05 00:00:00 UTC,29524.364811532167,558634329303.2208,13411999329.723623
2023-05-06 00:00:00 UTC,28894.88072585616,571520224182.8824,16674121663.089546
2023-05-07 00:00:00 UTC,28615.509699001817,559078681902.6073,15288957215.08088
2023-05-08 00:00:00 UTC,27691.215705118662,554373015261.6681,10068255839.707008
2023-05-09 00:00:00 UTC,27651.942050027224,536032086472.038,21237667819.946617
2023-05-10 00:00:00 UTC,27620.6771425361,535590432952.3462,14885371462.615925
2023-05-11 00:00:00 UTC,26992.04397833548,534937464538.75824,13026485347.210636
2023-05-12 00:00:00 UTC,26795.214825574047,523414877659.3074,14720855581.471684
2023-05-13 00:00:00 UTC,26782.92151461129,519123710036.6101,19646433210.49949
2023-05-14 00:00:00 UTC,26933.27703128155,518899033588.8754,5890638629.000988
2023-05-15 00:00:00 UTC,27170.3448672949,521319019334.69617,8623989166.102604
2023-05-16 00:00:00 UTC,27037.19097301926,526469892487.0365,15070895880.600306
2023-05-17 00:00:00 UTC,27393.573260200716,523965691858.8659,9113463710.600851
2023-05-18 00:00:00 UTC,26846.865422760293,530762551513.4872,13161907442.881762
2023-05-19 00:00:00 UTC,26876.357527541415,520544913836.41,13029961655.51988
2023-05-20 00:00:00 UTC,27101.218998789896,521153640362.9618,11486611803.480068
2023-05-21 00:00:00 UTC,26749.267880820855,525040003344.1629,6416164398.2750025
2023-05-22 00:00:00 UTC,26862.594876879677,519171380714.0945,8459920660.176644
2023-05-23 00:00:00 UTC,27221.80881877772,520821915713.9187,10979278518.621506
2023-05-24 00:00:00 UTC,26324.96961147503,527528695688.7587,9670548072.862646
2023-05-25 00:00:00 UTC,26475.536117325235,510987979871.2201,17411572027.350353
2023-05-26 00:00:00 UTC,26718.91162373341,513295724355.69904,12986419672.307665
2023-05-27 00:00:00 UTC,26850.92444809084,517973731437.9403,13001727090.412426
2023-05-28 00:00:00 UTC,28096.11354746495,520461980942.25433,7865428247.810907
2023-05-29 00:00:00 UTC,27737.469007861506,544879177078.8053,13216145709.953156
2023-05-30 00:00:00 UTC,27708.49700606959,538430950369.49817,13221922388.90362
2023-05-31 00:00:00 UTC,27236.08738245737,537414074116.4985,12825505083.079498
2023-06-01 00:00:00 UTC,26811.559464894937,528464394082.93866,14029088770.574455
2023-06-02 00:00:00 UTC,27251.805818057925,520271910707.11273,12087599215.593798
2023-06-03 00:00:00 UTC,27079.00472052627,528508990069.2122,15265251943.098656
2023-06-04 00:00:00 UTC,27126.0416982418,525119700840.0568,7565112963.14684
2023-06-05 00:00:00 UTC,25742.921891642647,527031845113.7012,9420027627.061256
2023-06-06 00:00:00 UTC,27228.391775608885,500593893699.2183,20790530623.37801
2023-06-07 00:00:00 UTC,26348.858196146328,528181649141.41016,20903833569.674854
2023-06-08 00:00:00 UTC,26500.279193703347,510968484117.37994,15909553205.924858
2023-06-09 00:00:00 UTC,26478.596738497967,514085295865.7702,10926608369.598244
2023-06-10 00:00:00 UTC,25853.834252608704,513226142603.1213,10574983422.31861
2023-06-11 00:00:00 UTC,25924.291659013103,501653860264.2029,20480072064.83048
2023-06-12 00:00:00 UTC,25911.70382405194,502996385511.6749,10440489953.390884
2023-06-13 00:00:00 UTC,25939.955848809248,502562686069.16986,11361872908.75297
2023-06-14 00:00:00 UTC,25112.983105258503,503070389596.7971,13969186266.34507
2023-06-15 00:00:00 UTC,25577.520358693433,487262840554.6715,12900525050.671385
2023-06-16 00:00:00 UTC,26327.89607451862,495788386559.1016,15380568050.823145
2023-06-17 00:00:00 UTC,26508.4654238698,510906153487.6051,15385009762.167772
2023-06-18 00:00:00 UTC,26340.29138559704,514331114457.8236,10053682899.509895
2023-06-19 00:00:00 UTC,26786.875673184437,511384956032.88007,6769049537.55989
2023-06-20 00:00:00 UTC,28334.456254875357,519667661979.1768,4685995054.409261
2023-06-21 00:00:00 UTC,30070.22115244543,549330089183.52325,20535900568.46884
2023-06-22 00:00:00 UTC,29938.50999296843,583649033666.1616,23946752083.41258
2023-06-23 00:00:00 UTC,30673.720170247903,581473706978.9268,14038474726.56532
2023-06-24 00:00:00 UTC,30547.064459218986,594588611688.3142,24293296657.889927
2023-06-25 00:00:00 UTC,30469.35912115559,592912110031.5245,11884778740.57944
2023-06-26 00:00:00 UTC,30271.591538219905,591387700082.1104,10958839106.262943
2023-06-27 00:00:00 UTC,30677.02681166844,587134340343.6245,11959396217.1592
2023-06-28 00:00:00 UTC,30086.20603421251,595427193050.2291,15129315981.626232
2023-06-29 00:00:00 UTC,30466.409730604915,584187696961.3756,12423839965.78004
2023-06-30 00:00:00 UTC,30463.231192933592,591688337868.8445,8521926876.712685
2023-07-01 00:00:00 UTC,30587.57091510616,591722375245.7673,23648712314.253677
2023-07-02 00:00:00 UTC,30623.20232692989,593900467526.3112,5882764802.188104
2023-07-03 00:00:00 UTC,31159.10794608609,593627203721.8534,9609836120.575016
2023-07-04 00:00:00 UTC,30763.60033389611,604507839820.0979,13230887313.158346
2023-07-05 00:00:00 UTC,30506.080637417268,598449423994.1252,11639409159.962729
2023-07-06 00:00:00 UTC,29945.056422016376,592386606697.3153,11864152982.66097
2023-07-07 00:00:00 UTC,30350.63307296572,583429029204.2451,17332526966.635593
2023-07-08 00:00:00 UTC,30297.92529444195,588811434763.8912,13690936291.783958
2023-07-09 00:00:00 UTC,30153.854816321364,588514232227.8442,5290687920.54965
2023-07-10 00:00:00 UTC,30405.3989826654,585744087654.7642,6829375904.229324
2023-07-11 00:00:00 UTC,30620.206544747656,590311894648.7518,14466626807.39559
2023-07-12 00:00:00 UTC,30407.736697278426,594749192359.1351,9648456300.866571
2023-07-13 00:00:00 UTC,31459.818438424256,590629381260.7114,14155200236.99179
2023-07-14 00:00:00 UTC,30316.426496130774,610725509598.8464,21999582467.510384
2023-07-15 00:00:00 UTC,30306.32554136835,588107447250.1327,18841359264.397427
2023-07-16 00:00:00 UTC,30245.216380077967,588642134563.5204,7602703454.343465
2023-07-17 00:00:00 UTC,30151.728192489405,586391434733.7153,2877412195.792324
2023-07-18 00:00:00 UTC,29855.347539870865,585500720965.1113,10103605849.368824
2023-07-19 00:00:00 UTC,29925.82613565289,579708613537.5165,7945456284.577958
2023-07-20 00:00:00 UTC,29793.90479705627,581327322356.8716,9826167460.536177
2023-07-21 00:00:00 UTC,29903.569056243803,579308712612.258,12362542655.428686
2023-07-22 00:00:00 UTC,29809.631664674864,581397880391.4172,10186232896.63366
2023-07-23 00:00:00 UTC,30084.595010245062,577068525402.119,7420664201.7012205
2023-07-24 00:00:00 UTC,29176.64614733246,584601272914.367,8622945143.927261
2023-07-25 00:00:00 UTC,29227.64377927069,567186818895.766,11543693895.161922
2023-07-26 00:00:00 UTC,29351.650850075195,568019115128.7598,8688745428.756823
2023-07-27 00:00:00 UTC,29201.2363568216,570531781624.6747,13101471896.24174
2023-07-28 00:00:00 UTC,29313.356592198037,567698841511.5875,7520955664.491805
2023-07-29 00:00:00 UTC,29356.883218507763,569952119667.3986,7315639122.129689
2023-07-30 00:00:00 UTC,29279.81642192857,570804910032.5747,4629324170.218198
2023-07-31 00:00:00 UTC,29225.78903990318,569135711632.8535,7443260979.306575
2023-08-01 00:00:00 UTC,29694.16407843016,568283407756.391,11273863677.624868
2023-08-02 00:00:00 UTC,29153.01856112717,572408929757.971,19154915781.36892
2023-08-03 00:00:00 UTC,29172.607611740656,567074709353.651,13844049879.60592
2023-08-04 00:00:00 UTC,29080.301697276253,567940644790.4882,8267915250.153359
2023-08-05 00:00:00 UTC,29049.76109638218,565073127339.627,7831082210.153193
2023-08-06 00:00:00 UTC,29043.26478509531,564970113457.8998,3213294193.5285583
2023-08-07 00:00:00 UTC,29175.801098371052,564947914083.0184,2608677805.423939
2023-08-08 00:00:00 UTC,29764.465224263193,567529179865.8152,10754335062.03476
2023-08-09 00:00:00 UTC,29561.673034941305,579214283623.8071,17828775881.821945
2023-08-10 00:00:00 UTC,29428.912068038167,575457401391.5443,15039336875.090956
2023-08-11 00:00:00 UTC,29400.873071087903,572414205818.4142,9959139629.5584
2023-08-12 00:00:00 UTC,29414.278682418662,571976559045.8302,10228204282.924162
2023-08-13 00:00:00 UTC,29279.223305676776,572257798803.9086,1266536255.6442103
2023-08-14 00:00:00 UTC,29403.73869453492,569687130446.7833,5828860507.8073435
2023-08-15 00:00:00 UTC,29164.115145973017,572242735188.2397,13318561528.738209
2023-08-16 00:00:00 UTC,28704.201699088244,567498309102.7323,6506325208.660895
2023-08-17 00:00:00 UTC,26646.454475827253,559982624303.4923,12138734910.531197
2023-08-18 00:00:00 UTC,26047.85226532431,516026928368.83746,27003286805.810074
2023-08-19 00:00:00 UTC,26088.758795685608,506815826635.9217,23981387996.188248
2023-08-20 00:00:00 UTC,26193.31020615665,508087686822.70435,10655704755.017391
2023-08-21 00:00:00 UTC,26127.65337379605,509078930366.0949,8756846460.356163
2023-08-22 00:00:00 UTC,26029.100103068835,508491920831.3545,13014591499.01172
2023-08-23 00:00:00 UTC,26425.54459030144,506356213378.17975,12896840271.32112
2023-08-24 00:00:00 UTC,26137.987984091673,514955818082.43463,17129985597.316092
2023-08-25 00:00:00 UTC,26042.956138555575,508827872292.46875,6321469255.237236
2023-08-26 00:00:00 UTC,26002.12329553261,507007928705.4434,9541761592.352566
2023-08-27 00:00:00 UTC,26086.060521107764,506086069151.6848,4894546217.011681
2023-08-28 00:00:00 UTC,26109.6931553882,507839655637.2911,3970205067.63923
2023-08-29 00:00:00 UTC,27717.477388957628,508350651765.9018,8414417808.179855
2023-08-30 00:00:00 UTC,27303.35348313254,539045091002.1688,15255523962.575048
2023-08-31 00:00:00 UTC,25938.196454409765,531729400483.3156,10336213647.495342
2023-09-01 00:00:00 UTC,25796.08550122849,505403246528.0237,19548682785.142494
2023-09-02 00:00:00 UTC,25868.1038063374,502380142473.2159,17646653864.197304
2023-09-03 00:00:00 UTC,25969.312852360366,503679892454.50775,8448180171.809455
2023-09-04 00:00:00 UTC,25805.19067289017,505513039060.6845,7179220937.961839
2023-09-05 00:00:00 UTC,25770.129054916044,502598331451.6676,10048657095.707264
2023-09-06 00:00:00 UTC,25748.660105409686,501979376928.41833,7476000271.8774605
2023-09-07 00:00:00 UTC,26214.65456674884,501615002105.18665,7945267104.649816
2023-09-08 00:00:00 UTC,25900.49244928864,509837705629.17126,10657242125.745968
2023-09-09 00:00:00 UTC,25889.67163888094,504654137672.19824,9885831495.24502
2023-09-10 00:00:00 UTC,25834.8856281802,504373920218.6837,1019886354.8130162
2023-09-11 00:00:00 UTC,25162.601352207035,503489661583.33154,3169137373.84707
2023-09-12 00:00:00 UTC,25850.322299629544,489502952545.6269,14668774944.328852
2023-09-13 00:00:00 UTC,26222.01330398647,503997883573.3815,19485145066.69009
2023-09-14 00:00:00 UTC,26530.897214715693,510909474484.6564,12145164489.429407
2023-09-15 00:00:00 UTC,26610.403126161626,516823786025.9003,13651624804.966911
2023-09-16 00:00:00 UTC,26554.0427701375,518872387637.1001,10434050753.611362
2023-09-17 00:00:00 UTC,26537.876470400064,517396850180.9239,6910897942.424862
2023-09-18 00:00:00 UTC,26769.29266940047,516614128895.5437,5273518215.23056
2023-09-19 00:00:00 UTC,27213.18465907596,521492474201.17865,16404034961.087755
2023-09-20 00:00:00 UTC,27125.336979322332,530357673731.022,14244915527.20819
2023-09-21 00:00:00 UTC,26565.475441258874,529168513966.1614,11183196442.576384
2023-09-22 00:00:00 UTC,26587.523129040663,517743774814.63885,12773896181.773643
2023-09-23 00:00:00 UTC,26571.460877478657,517966503888.734,9922449688.3346
2023-09-24 00:00:00 UTC,26257.58376993293,517968304453.2547,2328905269.927893
2023-09-25 00:00:00 UTC,26296.92231737691,511901270302.64154,7885109783.762632
2023-09-26 00:00:00 UTC,26213.57267214563,512103393581.80255,10752461272.464678
2023-09-27 00:00:00 UTC,26353.682474001907,511054250889.6227,9208288121.785955
2023-09-28 00:00:00 UTC,27021.324518160807,513713645983.85016,13058399017.832731
2023-09-29 00:00:00 UTC,26906.569373410155,526917684460.40546,16768691981.73446
2023-09-30 00:00:00 UTC,26966.11831093055,524946724658.764,11341087804.346874
2023-10-01 00:00:00 UTC,27988.477706951664,525936342995.4552,5686616519.394005
2023-10-02 00:00:00 UTC,27501.150713709347,545302108027.2094,10431758471.717974
2023-10-03 00:00:00 UTC,27426.281146181223,538323470357.8827,22765787164.40901
2023-10-04 00:00:00 UTC,27781.932739663564,535605771922.47974,8543112285.895606
2023-10-05 00:00:00 UTC,27408.43128097732,541954661181.1118,12675686087.440016
2023-10-06 00:00:00 UTC,27954.656785948384,534851643044.50543,11927490335.912636
2023-10-07 00:00:00 UTC,27969.984033852976,545290196483.2517,13029051876.720064
2023-10-08 00:00:00 UTC,27938.848004520787,545619681437.3984,3955505435.0927863
2023-10-09 00:00:00 UTC,27585.207619630677,544989660641.62256,7289117450.442921
2023-10-10 00:00:00 UTC,27390.206659229752,538282690587.88,11860626448.913986
2023-10-11 00:00:00 UTC,26878.332841551837,535200388379.76337,9518450964.523985
2023-10-12 00:00:00 UTC,26758.98817608596,523656381533.04626,15417643797.984455
2023-10-13 00:00:00 UTC,26860.56354897653,521588289411.3444,10893530731.878416
2023-10-14 00:00:00 UTC,26860.430812765077,523969192532.19794,16346558243.780235
2023-10-15 00:00:00 UTC,27154.133383606844,523979202939.078,3811368953.042729
2023-10-16 00:00:00 UTC,28517.57606414321,529643463244.3381,4755295757.490626
2023-10-17 00:00:00 UTC,28414.415869347704,556509390416.8435,29918684173.804348
2023-10-18 00:00:00 UTC,28327.047848741466,555003134086.2079,6918406339.162034
2023-10-19 00:00:00 UTC,28723.075559578298,553311088369.7102,13239905056.742598
2023-10-20 00:00:00 UTC,29676.887591929422,559364043794.7655,13585821156.354076
2023-10-21 00:00:00 UTC,29919.611274286992,579536788709.3126,19419009549.04386
2023-10-22 00:00:00 UTC,29989.930395108644,583719549318.5221,12632815257.53352
2023-10-23 00:00:00 UTC,33071.25925508437,583399133857.2509,11245359954.336515
2023-10-24 00:00:00 UTC,33907.79915674448,641535355789.0791,33694806691.116142
2023-10-25 00:00:00 UTC,34498.18414928194,660676033939.1393,44253720360.84465
2023-10-26 00:00:00 UTC,34150.138240396234,673948847498.8158,25507486305.26249
2023-10-27 00:00:00 UTC,33907.53049600333,667168459552.521,16414520352.505854
2023-10-28 00:00:00 UTC,34082.09038001376,662119938018.2968,11550410898.998362
2023-10-29 00:00:00 UTC,34524.94714831651,665892923223.9833,9433543888.219828
2023-10-30 00:00:00 UTC,34494.37986890222,674293769229.6088,9903035849.330517
2023-10-31 00:00:00 UTC,34669.43209261539,673508057017.6387,15191689894.792265
2023-11-01 00:00:00 UTC,35422.70185528213,676319525450.0793,10331864459.346348
2023-11-02 00:00:00 UTC,34936.67905192524,692543794894.7606,23550379174.061493
2023-11-03 00:00:00 UTC,34724.500214039486,682350708437.2775,16048533839.735426
2023-11-04 00:00:00 UTC,35077.87470723552,677974451476.0634,17906438383.638794
2023-11-05 00:00:00 UTC,35039.32195496215,685385094861.7168,8545789712.935828
2023-11-06 00:00:00 UTC,35057.926097083764,684435042202.517,12676908205.478249
2023-11-07 00:00:00 UTC,35439.84937787805,684571819448.4391,12610612492.827196
2023-11-08 00:00:00 UTC,35647.75103125014,691660755958.351,14612556891.498272
2023-11-09 00:00:00 UTC,36698.23062040517,699187515031.6934,17666834113.512394
2023-11-10 00:00:00 UTC,37319.28656768725,716984229706.8081,38120020241.1973
2023-11-11 00:00:00 UTC,37151.519657093326,730760729870.4996,20300926249.286575
2023-11-12 00:00:00 UTC,37067.898948202375,726061993050.2471,12152625791.289911
2023-11-13 00:00:00 UTC,36499.433772269185,725016899532.0363,10655406407.530584
2023-11-14 00:00:00 UTC,35540.761924780076,714263437353.6985,13568842386.228891
2023-11-15 00:00:00 UTC,37904.396696244905,694845286838.959,23774618737.45219
2023-11-16 00:00:00 UTC,36163.46689036523,739215831747.2646,27615787144.73316
2023-11-17 00:00:00 UTC,36618.603212685804,707721483716.2158,25959888747.297276
2023-11-18 00:00:00 UTC,36588.255832804745,714651953916.8749,22761068583.289684
2023-11-19 00:00:00 UTC,37387.841022847,715117663450.342,9343320288.911585
2023-11-20 00:00:00 UTC,37478.86044198192,732521837352.2426,12711947071.34458
2023-11-21 00:00:00 UTC,35788.42227320968,732673492672.5168,19303235355.912716
2023-11-22 00:00:00 UTC,37426.65590302469,702705880301.6978,8837730398.184687
2023-11-23 00:00:00 UTC,37302.4322794756,732259726682.3702,22584689391.284008
2023-11-24 00:00:00 UTC,37731.18472065992,728816537112.472,18018803970.97836
2023-11-25 00:00:00 UTC,37800.28217309619,737736328477.0481,23105805509.210903
2023-11-26 00:00:00 UTC,37472.07058430656,739536714717.2401,6051616334.260289
2023-11-27 00:00:00 UTC,37247.46415979758,733009359164.6943,12954817744.070593
2023-11-28 00:00:00 UTC,37843.46006125882,728361840713.4803,12202388000.621298
2023-11-29 00:00:00 UTC,37863.95464755693,738816928726.5587,22447645694.13763
2023-11-30 00:00:00 UTC,37720.459168015586,740224220268.6008,20947506401.06788
2023-12-01 00:00:00 UTC,38695.78001477336,737659515838.6104,16414324444.430876
2023-12-02 00:00:00 UTC,39472.06103119399,756249390093.0282,21598850075.74888
2023-12-03 00:00:00 UTC,39999.14277837668,771834682369.2777,14315082541.554022
2023-12-04 00:00:00 UTC,41985.05643054763,782845232813.069,15379773308.982014
2023-12-05 00:00:00 UTC,44081.67472224019,820527379429.3416,37917982283.32182
2023-12-06 00:00:00 UTC,43757.23601763999,862536919373.3772,37724596897.950264
2023-12-07 00:00:00 UTC,43285.61612315136,857037901744.5414,26239999351.485615
2023-12-08 00:00:00 UTC,44158.48119026304,848245522795.3333,27386458895.05898
2023-12-09 00:00:00 UTC,43714.93535399452,863242780337.311,24939843491.930298
2023-12-10 00:00:00 UTC,43786.26786474005,855611272269.695,15324696355.120222
2023-12-11 00:00:00 UTC,41262.42774346128,856712660962.4271,12510556720.408722
2023-12-12 00:00:00 UTC,41459.49057038286,807296390350.6152,39683212250.62556
2023-12-13 00:00:00 UTC,42885.34413554673,812055172695.532,24900810023.299984
2023-12-14 00:00:00 UTC,43032.27206078472,840112594142.6609,26091583905.45606
2023-12-15 00:00:00 UTC,41889.934067028706,841400560142.884,21626813031.784233
2023-12-16 00:00:00 UTC,42248.13167922827,821883086852.3783,18918046117.131535
2023-12-17 00:00:00 UTC,41354.63410456643,826875159475.9583,5602068053.443449
2023-12-18 00:00:00 UTC,42608.74325242312,810534011290.7083,14358593409.785755
2023-12-19 00:00:00 UTC,42276.37291548006,834757901244.3383,26472922926.646927
2023-12-20 00:00:00 UTC,43659.922052764814,827483345952.5029,21207785357.22926
2023-12-21 00:00:00 UTC,43874.786538469045,854173854159.8182,28842406998.273228
2023-12-22 00:00:00 UTC,43988.5236920688,858312140014.9476,22068375387.868668
2023-12-23 00:00:00 UTC,43730.115933618945,861822676200.4246,20687705684.27792
2023-12-24 00:00:00 UTC,42999.49058879732,856850313226.057,12731288229.48733
2023-12-25 00:00:00 UTC,43587.03086910432,845029028630.4425,18093768133.607975
2023-12-26 00:00:00 UTC,42503.07408429984,854524607072.9797,14023097775.972574
2023-12-27 00:00:00 UTC,43456.35381465728,832471600531.6842,27860684935.88507
2023-12-28 00:00:00 UTC,42591.46443254801,849194163327.4839,18303237593.379368
2023-12-29 00:00:00 UTC,42092.13289587096,836073458797.803,19192008258.155228
2023-12-30 00:00:00 UTC,42196.98163538902,822933961870.5416,25136288801.04906
2023-12-31 00:00:00 UTC,42261.04061756689,826609156660.5117,9872016787.778051
2024-01-01 00:00:00 UTC,44148.36896342266,827596236151.1959,14305769170.949772
2024-01-02 00:00:00 UTC,44952.42520571999,863804922701.8125,14627632712.986883
2024-01-03 00:00:00 UTC,42862.560008630906,878395004792.8407,35573879095.2398
2024-01-04 00:00:00 UTC,44174.1294506493,838208392904.1771,43464492110.95701
2024-01-05 00:00:00 UTC,44164.92863664127,866352960236.8643,26557742220.565723
2024-01-06 00:00:00 UTC,44002.065494838535,863690851062.0247,26953985373.9528
2024-01-07 00:00:00 UTC,43952.992480757515,862076894631.6514,11908411922.231794
2024-01-08 00:00:00 UTC,46967.382518119644,856926317087.4954,15314740333.07749
2024-01-09 00:00:00 UTC,46141.0273060772,920264432064.6256,40498011165.01473
2024-01-10 00:00:00 UTC,46566.47671012522,902166917320.3264,41435276454.65762
2024-01-11 00:00:00 UTC,46368.73796928371,914589165821.166,52612427927.138626
2024-01-12 00:00:00 UTC,42870.75275305223,909846384596.2128,46394555223.66268
2024-01-13 00:00:00 UTC,42823.43595971499,838383512176.7352,43031318678.97607
2024-01-14 00:00:00 UTC,41746.898855154795,839763945592.0206,20004361996.753735
2024-01-15 00:00:00 UTC,42506.28052872754,819259554965.7941,17162883812.18049
2024-01-16 00:00:00 UTC,43135.81444844422,833394801284.1128,22688994532.811703
2024-01-17 00:00:00 UTC,42752.74932167083,845770850849.578,24812613769.06174
2024-01-18 00:00:00 UTC,41260.43935439521,838008098127.9258,20903681325.99598
2024-01-19 00:00:00 UTC,41623.9304380649,808807328244.2229,20974869785.84891
2024-01-20 00:00:00 UTC,41661.36809923109,815948772324.4216,26136017000.86294
2024-01-21 00:00:00 UTC,41545.54842553668,817217622403.9753,10676072388.90365
2024-01-22 00:00:00 UTC,39518.63699902934,814709364023.4832,8677178379.397676
2024-01-23 00:00:00 UTC,39852.04787124166,775020895102.2928,31641677475.20516
2024-01-24 00:00:00 UTC,40061.72369250418,779133357029.7626,29595730242.188946
2024-01-25 00:00:00 UTC,39917.164425029805,786928905377.1826,22484132810.815502
2024-01-26 00:00:00 UTC,41863.0068760416,783180536824.566,15134848188.600595
2024-01-27 00:00:00 UTC,42137.13610806936,820989861818.084,15127560767.263351
2024-01-28 00:00:00 UTC,42037.09421752136,826133844468.2462,10635329257.278488
2024-01-29 00:00:00 UTC,43285.81166738812,824240091063.3245,13373892194.529476
2024-01-30 00:00:00 UTC,42950.147696810294,849198976216.4734,20719685276.474026
2024-01-31 00:00:00 UTC,42572.11954415061,839294111912.5715,24734656259.6031
2024-02-01 00:00:00 UTC,43084.33736433622,835421372330.6442,18176568154.072704
2024-02-02 00:00:00 UTC,43172.84771167777,844924276477.844,22358690020.598537
2024-02-03 00:00:00 UTC,42990.752025666065,846561992602.431,18081202076.675407
2024-02-04 00:00:00 UTC,42575.09883974912,842668526994.8004,8329070575.60276
2024-02-05 00:00:00 UTC,42650.90492714675,835416357159.2295,11192394413.142328
2024-02-06 00:00:00 UTC,43077.87001901176,836630860392.2917,18561137006.610157
2024-02-07 00:00:00 UTC,44317.87047199724,845393687725.6221,13375372439.016102
2024-02-08 00:00:00 UTC,45305.60747479472,868672050077.7697,21861246804.962692
2024-02-09 00:00:00 UTC,47150.94268312061,890468166608.419,27709548588.895535
2024-02-10 00:00:00 UTC,47769.886157312096,925541926938.6152,42157462813.320496
2024-02-11 00:00:00 UTC,48295.94142975283,938210772985.4427,12019177854.67438
2024-02-12 00:00:00 UTC,49962.40900520193,945579645769.01,20421541895.746456
2024-02-13 00:00:00 UTC,49757.61320912974,981463410832.9636,37635479756.86431
2024-02-14 00:00:00 UTC,51821.253801577375,974585308372.1276,37408162720.92293
2024-02-15 00:00:00 UTC,51941.428809915866,1017596576729.7906,31754259666.263668
2024-02-16 00:00:00 UTC,52176.17727764189,1020725811639.5323,39916181907.73089
2024-02-17 00:00:00 UTC,51657.37972422054,1024019280535.48,28952987823.314636
2024-02-18 00:00:00 UTC,52117.12472983652,1015778284418.9252,18247052012.648075
2024-02-19 00:00:00 UTC,51783.882324492006,1023586119011.2284,17277124901.265873
2024-02-20 00:00:00 UTC,52229.69965942573,1016146442771.5668,19460302770.91285
2024-02-21 00:00:00 UTC,51862.71974372446,1026107175308.9355,35459411775.519035
2024-02-22 00:00:00 UTC,51295.39929028312,1018869881156.3212,28422896998.085495
2024-02-23 00:00:00 UTC,50732.35466474496,1007286252628.3954,26569421594.525974
2024-02-24 00:00:00 UTC,51558.03799943154,999139504635.63,22846535846.16727
2024-02-25 00:00:00 UTC,51725.35393162457,1012485917140.1924,14089126934.187937
2024-02-26 00:00:00 UTC,54528.19970410325,1016549456019.3264,15611072965.862782
2024-02-27 00:00:00 UTC,57050.44750176621,1070612146861.3228,35612604859.316025
2024-02-28 00:00:00 UTC,62518.58004146406,1118963733317.3013,51857220754.155106
2024-02-29 00:00:00 UTC,61200.70004129649,1225273849241.6978,86896465049.57669
2024-03-01 00:00:00 UTC,62417.56852075608,1206725326872.1362,67515353973.84128
2024-03-02 00:00:00 UTC,62024.69932885238,1226012707277.906,42007811992.90731
2024-03-03 00:00:00 UTC,63169.33242091877,1219383305483.4983,25226865330.815544
2024-03-04 00:00:00 UTC,68339.65118036848,1236312176673.4497,23293404328.19223
2024-03-05 00:00:00 UTC,63789.27548185748,1333913436699.1726,60460393722.37435
2024-03-06 00:00:00 UTC,66090.47344267186,1264870242318.5977,106966440195.49712
2024-03-07 00:00:00 UTC,66948.5735487261,1297845751759.601,72615632114.90292
2024-03-08 00:00:00 UTC,68315.06989176704,1317508010581.0813,48862707087.37743
2024-03-09 00:00:00 UTC,68484.17019476912,1340971395884.519,63033855478.96917
2024-03-10 00:00:00 UTC,69046.48946041707,1346027264110.4956,20217618954.46811
2024-03-11 00:00:00 UTC,72108.73018193734,1357390358031.5388,28637439605.12829
2024-03-12 00:00:00 UTC,71444.00014895634,1417772589113.952,68023567716.74275
2024-03-13 00:00:00 UTC,73090.53245311414,1404052272299.3923,64139720513.03112
2024-03-14 00:00:00 UTC,71385.36632196435,1436631290571.5388,54505929987.17034
2024-03-15 00:00:00 UTC,69440.62221024453,1403843488135.24,63139158648.67042
2024-03-16 00:00:00 UTC,65322.7906263142,1367669237527.8738,81981099093.012
2024-03-17 00:00:00 UTC,68425.48445399902,1282404282863.459,41740933104.09878
2024-03-18 00:00:00 UTC,67600.21182515424,1344994502677.7131,47331828150.817154
2024-03-19 00:00:00 UTC,61866.15465392147,1328951964071.3047,52462755248.08128
2024-03-20 00:00:00 UTC,67854.8658639103,1223867418062.399,80631350863.7344
2024-03-21 00:00:00 UTC,65492.00943312639,1334232955912.3333,69329281863.49274
2024-03-22 00:00:00 UTC,63659.276944686935,1287348061971.4202,42242016006.93186
2024-03-23 00:00:00 UTC,64018.12392379447,1247366367469.2778,42815200084.22506
2024-03-24 00:00:00 UTC,67232.25629525477,1264722355270.5166,25879562834.401688
2024-03-25 00:00:00 UTC,69946.15807812347,1322032764574.9224,28251029838.512917
2024-03-26 00:00:00 UTC,69978.6168864645,1371797489739.3416,39837485108.85546
2024-03-27 00:00:00 UTC,69401.78100930071,1375728580463.2524,36171665199.42922
2024-03-28 00:00:00 UTC,70744.42441692349,1360261687784.1018,41525456272.88393
2024-03-29 00:00:00 UTC,69906.3601516673,1391262802780.736,28242610201.3684
2024-03-30 00:00:00 UTC,69622.30923369367,1374914306800.4636,25562411468.992584
2024-03-31 00:00:00 UTC,71343.81571994153,1370247487960.0945,16779251909.287651
2024-04-01 00:00:00 UTC,69674.29537598845,1403316802852.713,19969456370.264595
2024-04-02 00:00:00 UTC,65449.66650522573,1373784286061.3486,38534580435.55385
2024-04-03 00:00:00 UTC,65977.52963468556,1288360536576.547,45200477671.50586
2024-04-04 00:00:00 UTC,68456.45835072444,1301670235623.7266,35203949176.354836
2024-04-05 00:00:00 UTC,67861.88023168244,1348455954443.3696,37664301011.79575
2024-04-06 00:00:00 UTC,68896.13303928319,1337452583876.3916,35572432335.31241
2024-04-07 00:00:00 UTC,69375.21817468692,1358548956714.714,19159471902.430885
2024-04-08 00:00:00 UTC,71629.12882951798,1365051074131.501,17316301296.192955
2024-04-09 00:00:00 UTC,69111.92366890248,1410324678268.6392,37018371968.01358
2024-04-10 00:00:00 UTC,70602.35356975943,1361830648708.6648,35542353601.04799
2024-04-11 00:00:00 UTC,70000.4104991704,1387722485989.3584,38410968866.72716
2024-04-12 00:00:00 UTC,67196.57703276115,1379324055321.196,30302051535.24903
2024-04-13 00:00:00 UTC,63957.11241143474,1321648247460.1611,43554051179.806526
2024-04-14 00:00:00 UTC,65680.45176385739,1270009515097.3306,52222508395.80731
2024-04-15 00:00:00 UTC,63409.24311425688,1293286386553.3967,49664661449.75928
2024-04-16 00:00:00 UTC,63813.80057977799,1247928896840.997,44123326613.568115
2024-04-17 00:00:00 UTC,61271.93484646608,1256159476728.3918,43220699031.09467
2024-04-18 00:00:00 UTC,63517.289856392184,1207185042484.4346,41149462376.7835
2024-04-19 00:00:00 UTC,63840.68860508889,1249565911947.3347,35940228003.33078
2024-04-20 00:00:00 UTC,64975.76008691977,1263308149913.607,52203683249.091255
2024-04-21 00:00:00 UTC,64918.78670332484,1277940837359.7852,23446895374.528572
2024-04-22 00:00:00 UTC,66840.15252625803,1279763566407.3762,18635622597.459595
2024-04-23 00:00:00 UTC,66428.98997797654,1317058642854.2856,27516760931.761497
2024-04-24 00:00:00 UTC,64246.883372882185,1307786234811.6885,19696754897.87063
2024-04-25 00:00:00 UTC,64496.087918058234,1265541377860.928,24056798426.36512
2024-04-26 00:00:00 UTC,63751.76615028954,1269387456067.624,25075834382.42569
2024-04-27 00:00:00 UTC,63394.9930544734,1255269225677.3352,24070286542.543793
2024-04-28 00:00:00 UTC,63132.96539132659,1249495302303.4912,19312082038.38308
2024-04-29 00:00:00 UTC,63827.108114893235,1240724751365.882,16746684029.530266
2024-04-30 00:00:00 UTC,60570.49956727372,1257159131219.0603,27065106303.83139
2024-05-01 00:00:00 UTC,58305.94431880541,1192805536002.73,39763747491.25328
2024-05-02 00:00:00 UTC,59101.80359815795,1151677489315.1536,44978119194.0762
2024-05-03 00:00:00 UTC,62888.508891304526,1163907657541.889,28260772289.334305
2024-05-04 00:00:00 UTC,63916.7594807191,1239817041554.716,34515955206.47194
2024-05-05 00:00:00 UTC,64028.18398859791,1257549583083.3145,20325861811.992256
2024-05-06 00:00:00 UTC,63159.413770342624,1259667234461.2874,13598746997.175035
2024-05-07 00:00:00 UTC,62332.73335938291,1243523994797.133,28801851950.680904
2024-05-08 00:00:00 UTC,61188.17109279349,1227608198831.901,20230577436.47607
2024-05-09 00:00:00 UTC,63065.330986404886,1205144595650.3855,19397952574.524048
2024-05-10 00:00:00 UTC,60789.56750626353,1240910691253.6274,25707174002.267296
2024-05-11 00:00:00 UTC,60794.62996994819,1199393711200.297,28999542280.675724
2024-05-12 00:00:00 UTC,61483.57956859696,1197102943502.234,13200390256.174112
2024-05-13 00:00:00 UTC,62904.91827180202,1211277523448.5786,13315283854.62738
2024-05-14 00:00:00 UTC,61539.70958354517,1238994152713.125,28091304381.136364
2024-05-15 00:00:00 UTC,66228.77337614012,1212998352772.157,21964686859.57051
2024-05-16 00:00:00 UTC,65216.30696266143,1307048849176.4167,37755794663.42133
2024-05-17 00:00:00 UTC,67059.07045646293,1286278919684.0835,29793194811.461517
2024-05-18 00:00:00 UTC,66939.60369066468,1319238394090.13,25427688120.85916
2024-05-19 00:00:00 UTC,66272.64249561088,1318702843108.3467,12177524208.987509
2024-05-20 00:00:00 UTC,71464.31453626914,1304727108597.6987,17233185970.84259
2024-05-21 00:00:00 UTC,70138.768577065,1407306861717.166,40368488304.50592
2024-05-22 00:00:00 UTC,69124.75647819617,1382275470797.567,39880026602.92619
2024-05-23 00:00:00 UTC,67938.303706981,1362228629448.754,31083675314.06668
2024-05-24 00:00:00 UTC,68516.81503743347,1336347300306.381,39810959908.175064
2024-05-25 00:00:00 UTC,69304.56556049746,1350764328536.3708,28181028495.725834
2024-05-26 00:00:00 UTC,68506.20701414609,1363997851294.8164,18486025848.50395
2024-05-27 00:00:00 UTC,69400.79281064222,1350110258902.619,9474417497.326555
2024-05-28 00:00:00 UTC,68301.70025697579,1366931305389.0393,20579431612.494034
2024-05-29 00:00:00 UTC,67567.01198488162,1345865127768.933,31319655485.57885
2024-05-30 00:00:00 UTC,68363.45934478674,1331734029835.3335,20868283313.639233
2024-05-31 00:00:00 UTC,67481.20120872308,1346147846430.124,24965246314.139412
2024-06-01 00:00:00 UTC,67728.58692062202,1331606411822.8157,21415701094.114964
2024-06-02 00:00:00 UTC,67749.92965318475,1334458741605.942,10649816821.242195
2024-06-03 00:00:00 UTC,68809.78520249174,1335930570689.7126,11315254530.68109
2024-06-04 00:00:00 UTC,70542.10192339358,1355484820107.0864,25735381259.850346
2024-06-05 00:00:00 UTC,71054.14439841534,1390853496950.4385,31807659919.933346
2024-06-06 00:00:00 UTC,70773.74598776827,1400297735227.1963,32449132584.340324
2024-06-07 00:00:00 UTC,69338.82147508736,1394881646977.521,23542405680.725166
2024-06-08 00:00:00 UTC,69305.38413230315,1366366925856.506,29574462431.988583
2024-06-09 00:00:00 UTC,69648.71813933719,1366067987736.7075,12847962289.456978
2024-06-10 00:00:00 UTC,69520.05675455675,1372808159448.9534,10459656950.50083
2024-06-11 00:00:00 UTC,67288.76639403235,1369378888543.5315,19755471122.513855
2024-06-12 00:00:00 UTC,68250.38321594121,1327665028180.276,38525286725.16076
2024-06-13 00:00:00 UTC,66745.98686951792,1345316951008.3423,30880073389.454483
2024-06-14 00:00:00 UTC,66011.99586557745,1317161415434.6978,29506603884.006653
2024-06-15 00:00:00 UTC,66187.58290904516,1301949410096.3496,22456397709.401836
2024-06-16 00:00:00 UTC,66641.99217178098,1304370314917.9756,11107057140.911947
2024-06-17 00:00:00 UTC,66468.50010784055,1313849391756.9756,12698287939.453571
2024-06-18 00:00:00 UTC,65158.9826571564,1309329377372.7744,30049658959.765858
2024-06-19 00:00:00 UTC,64961.6067876583,1282295865979.065,41391180622.30078
2024-06-20 00:00:00 UTC,64809.214057093726,1278699763341.0725,18985779553.29328
2024-06-21 00:00:00 UTC,64120.57017381589,1279317116821.3782,26067786145.28478
2024-06-22 00:00:00 UTC,64260.022910575986,1263258746635.2896,26979183789.39827
2024-06-23 00:00:00 UTC,63161.23055923483,1266336092890.8738,9186908534.045507
2024-06-24 00:00:00 UTC,60255.90067814506,1248188877658.2324,10862539077.854052
2024-06-25 00:00:00 UTC,61816.78432593399,1188964670369.4043,42172238343.91452
2024-06-26 00:00:00 UTC,60819.91768960139,1217935012739.8113,27526244279.234383
2024-06-27 00:00:00 UTC,61553.90169147243,1198205485427.564,23138062260.786896
2024-06-28 00:00:00 UTC,60324.449703270104,1213931985719.8025,19289648299.401855
2024-06-29 00:00:00 UTC,60890.08807082841,1189569860170.9426,24375116491.63445
2024-06-30 00:00:00 UTC,62670.81478230517,1199792912680.844,12232706658.8262
2024-07-01 00:00:00 UTC,62869.32381140888,1236676710888.4822,17682662330.101723
2024-07-02 00:00:00 UTC,62058.800931750775,1238799172479.871,26128099006.333748
2024-07-03 00:00:00 UTC,60156.34118583208,1222901857941.0586,19820003256.177967
2024-07-04 00:00:00 UTC,57084.22712906311,1186937170314.9272,30588655878.329945
2024-07-05 00:00:00 UTC,56629.385370653035,1122328815593.5117,43692380816.24255
2024-07-06 00:00:00 UTC,58336.39320841542,1118490666778.4585,60093024057.19495
2024-07-07 00:00:00 UTC,55842.946729439514,1147176330416.144,19881710912.92408
2024-07-08 00:00:00 UTC,56705.64459145382,1100452083927.7026,20402366811.030296
2024-07-09 00:00:00 UTC,58024.67810475922,1118360891710.498,38864091890.00054
2024-07-10 00:00:00 UTC,57635.09607864175,1144192069084.4563,28449155212.757774
2024-07-11 00:00:00 UTC,57338.42217109978,1139350681822.5857,22167360675.906857
2024-07-12 00:00:00 UTC,57902.40775671052,1130780140890.3772,29445698668.41561
2024-07-13 00:00:00 UTC,59243.90724033287,1141567375406.1943,23171844279.36154
2024-07-14 00:00:00 UTC,60668.20922592738,1168371787725.7102,14012758672.969776
2024-07-15 00:00:00 UTC,64834.10766322737,1198219055697.0378,22586838646.48264
2024-07-16 00:00:00 UTC,65008.17983026139,1277806993830.5176,36791320637.08583
2024-07-17 00:00:00 UTC,64101.49229397971,1284653025077.5898,43511912749.811646
2024-07-18 00:00:00 UTC,63975.96715356269,1266016458007.3477,33430369739.12787
2024-07-19 00:00:00 UTC,66710.12601846845,1262011182714.7068,24035686607.754498
2024-07-20 00:00:00 UTC,67138.25847746289,1316054831107.557,36021058717.7859
2024-07-21 00:00:00 UTC,68167.78452534138,1324535655330.9402,19028592694.402905
2024-07-22 00:00:00 UTC,67550.43133131701,1344451896690.8882,20685853575.840492
2024-07-23 00:00:00 UTC,65908.07756582682,1332915328564.4531,36007036324.73682
2024-07-24 00:00:00 UTC,65365.07863092234,1300520077879.3262,34284854079.86466
2024-07-25 00:00:00 UTC,65805.89002976875,1290195909846.7925,28845331349.73399
2024-07-26 00:00:00 UTC,67935.0661349502,1298260301850.1667,35180683574.26263
2024-07-27 00:00:00 UTC,67777.47127416707,1340325045445.137,30947391318.504375
2024-07-28 00:00:00 UTC,68261.03933242228,1338966338949.5046,36691479782.83309
2024-07-29 00:00:00 UTC,66811.56400305143,1347175058315.8137,16790951261.172903
2024-07-30 00:00:00 UTC,66191.9479518304,1318645557449.702,37659805778.66613
2024-07-31 00:00:00 UTC,64586.881195558366,1306776882957.672,30598476075.12755
2024-08-01 00:00:00 UTC,65349.99696579965,1275708815522.274,31803920133.810707
2024-08-02 00:00:00 UTC,61462.846215832105,1290572020848.2756,40222093771.71797
2024-08-03 00:00:00 UTC,60657.774367448495,1212817842971.572,43460238365.88068
2024-08-04 00:00:00 UTC,58163.74245899074,1197233584365.4695,31936274181.123688
2024-08-05 00:00:00 UTC,54052.37447235508,1146705869608.8208,33718280157.4056
2024-08-06 00:00:00 UTC,56131.108126276755,1065565974780.6036,110493279964.55489
2024-08-07 00:00:00 UTC,55082.66704810539,1105750411196.214,52831120033.34411
2024-08-08 00:00:00 UTC,61570.232013274144,1087257691987.4434,43711989391.76127
2024-08-09 00:00:00 UTC,60846.9659076042,1218012595668.5293,49020342549.83109
2024-08-10 00:00:00 UTC,60951.13041450608,1201676427483.6106,34547766248.02327
2024-08-11 00:00:00 UTC,58698.10283281988,1202903117550.066,15441220149.774605
2024-08-12 00:00:00 UTC,59347.113508194714,1160364431158.8933,21270782926.501823
2024-08-13 00:00:00 UTC,60611.1178437017,1171551438636.2212,39158628636.98212
2024-08-14 00:00:00 UTC,58731.68219814473,1196671219225.765,31710460602.323177
2024-08-15 00:00:00 UTC,57505.91933419895,1158992875609.62,31276074530.34342
2024-08-16 00:00:00 UTC,58873.36729585598,1137105925563.2969,37607916706.48013
2024-08-17 00:00:00 UTC,59509.68405509211,1162214139551.2727,29870370087.721115
2024-08-18 00:00:00 UTC,58432.42381182296,1174262532501.7754,13033651835.65567
2024-08-19 00:00:00 UTC,59451.17184913531,1153565606840.0325,17461095270.346966
2024-08-20 00:00:00 UTC,59028.525214992216,1175371394218.7554,23526386296.67351
2024-08-21 00:00:00 UTC,61175.58335425852,1164937516803.6104,29360541462.954517
2024-08-22 00:00:00 UTC,60378.78694903042,1207888357865.5454,25897435039.255093
2024-08-23 00:00:00 UTC,64098.873515096304,1192011423113.0703,27723065641.719
2024-08-24 00:00:00 UTC,64187.06046280384,1265502050441.533,43244890798.52687
2024-08-25 00:00:00 UTC,64286.43695877079,1266824854510.2449,21315028265.76279
2024-08-26 00:00:00 UTC,62871.70591332084,1270589114365.8806,18006325079.58478
2024-08-27 00:00:00 UTC,59403.5862159973,1241235633184.025,20911286838.722816
2024-08-28 00:00:00 UTC,59042.054733078665,1174329697639.011,40378837425.40505
2024-08-29 00:00:00 UTC,59374.032618827776,1165477626811.0986,40259433857.87747
2024-08-30 00:00:00 UTC,59110.20000195357,1172782961079.67,32611442529.829765
2024-08-31 00:00:00 UTC,58957.00675950168,1167267717574.1165,43599560268.39367
2024-09-01 00:00:00 UTC,57298.279436255834,1164365417637.3755,11862787952.5449
2024-09-02 00:00:00 UTC,59120.31976766817,1131833649503.9126,23498142418.253277
2024-09-03 00:00:00 UTC,57518.622366292635,1167498467486.5498,26004446069.10131
2024-09-04 00:00:00 UTC,57977.79816656379,1135948214801.9456,24614259149.543003
2024-09-05 00:00:00 UTC,56163.71424234902,1144881203657.883,33938668095.355427
2024-09-06 00:00:00 UTC,53955.11336282272,1109154197255.1,30086984306.149113
2024-09-07 00:00:00 UTC,54150.374108370954,1065093384443.2024,51516335695.18427
2024-09-08 00:00:00 UTC,54865.083592392155,1069422701070.7228,17973482651.662594
2024-09-09 00:00:00 UTC,57023.256861221096,1082481053318.8932,18428919882.305553
2024-09-10 00:00:00 UTC,57653.88807787115,1126483602786.36,34877475340.74159
2024-09-11 00:00:00 UTC,57354.5563038496,1138609177093.022,29409058883.567913
2024-09-12 00:00:00 UTC,58146.66954056119,1132565147759.1404,34867798086.63463
2024-09-13 00:00:00 UTC,60545.3657540264,1148458675298.8,33978698408.480618
2024-09-14 00:00:00 UTC,60013.882041044,1197188277118.7795,32756548202.578983
2024-09-15 00:00:00 UTC,59141.98381202944,1185346883603.6543,16010817957.006763
2024-09-16 00:00:00 UTC,58195.448879638505,1168889391141.1863,12795134679.942047
2024-09-17 00:00:00 UTC,60320.146136038085,1149323035756.8523,29391373864.301487
2024-09-18 00:00:00 UTC,61826.717613028115,1191488247284.207,35089579944.41656
2024-09-19 00:00:00 UTC,62975.65189642266,1217228646356.4077,42833712988.22704
2024-09-20 00:00:00 UTC,63217.65606275344,1243432753177.6206,43472754675.13833
2024-09-21 00:00:00 UTC,63406.3466514334,1248968240963.536,36194968708.0194
2024-09-22 00:00:00 UTC,63613.57679937861,1251979674804.3489,12851776560.884855
2024-09-23 00:00:00 UTC,63340.47446349995,1257575160313.619,20506083872.741745
2024-09-24 00:00:00 UTC,64268.59189348876,1251433550778.9988,28505580869.2132
2024-09-25 00:00:00 UTC,63146.20550375649,1270575501330.1233,31748058149.2355
2024-09-26 00:00:00 UTC,65177.87494157271,1247743205380.7854,24649605786.478275
2024-09-27 00:00:00 UTC,65797.24610239622,1288199555163.2173,37545758660.88875
2024-09-28 00:00:00 UTC,65869.08869010779,1299771203237.02,32180674485.934853
2024-09-29 00:00:00 UTC,65602.96865760167,1302194781371.6418,14916172777.359102
2024-09-30 00:00:00 UTC,63357.404413018994,1296351702947.7634,13518488644.02926
2024-10-01 00:00:00 UTC,60800.29385739475,1251869250262.7166,38102991926.31507
2024-10-02 00:00:00 UTC,60627.058180398446,1201511999096.7,53950776185.95276
2024-10-03 00:00:00 UTC,60749.23422312467,1198301086795.1038,41624555813.11467
2024-10-04 00:00:00 UTC,62094.41334605943,1200709960962.6729,34104657941.590477
2024-10-05 00:00:00 UTC,62069.35128032076,1226273794523.6145,30708579470.103622
2024-10-06 00:00:00 UTC,62816.18617969902,1226714056570.237,11957423964.50865
2024-10-07 00:00:00 UTC,62211.234201259,1241871342535.8064,14511585077.939213
2024-10-08 00:00:00 UTC,62125.526225240865,1230212250673.8374,34030064290.77722
2024-10-09 00:00:00 UTC,60583.12205498274,1228436830796.977,28787030052.167656
2024-10-10 00:00:00 UTC,60277.59534927842,1197489896257.4824,26340537867.709023
2024-10-11 00:00:00 UTC,62464.87699478032,1191573603473.1294,28536917620.707226
2024-10-12 00:00:00 UTC,63191.88842763342,1233588560310.284,30958836696.282845
2024-10-13 00:00:00 UTC,62872.16480344529,1249103265560.0757,17399611716.496555
2024-10-14 00:00:00 UTC,66053.10581010024,1242811321336.753,18048965893.50179
2024-10-15 00:00:00 UTC,67103.4864541038,1305723567829.0034,41345994169.49958
2024-10-16 00:00:00 UTC,67620.07709276027,1326385992180.3672,51746068175.432945
2024-10-17 00:00:00 UTC,67343.56436300874,1336395569894.261,39087293454.08835
2024-10-18 00:00:00 UTC,68412.01898044205,1331091154454.296,18557713894.032745
2024-10-19 00:00:00 UTC,68361.86525440714,1352470801323.702,39681425921.42201
2024-10-20 00:00:00 UTC,68999.29432331065,1351377462055.6484,13173707715.463251
2024-10-21 00:00:00 UTC,67333.2353008103,1364637606317.6528,18673276182.631783
2024-10-22 00:00:00 UTC,67394.68867693158,1332206291169.1128,41258359023.069176
2024-10-23 00:00:00 UTC,66634.17093344168,1332533975913.9817,35037063990.81246
2024-10-24 00:00:00 UTC,68163.92587324615,1318263659081.8003,34625867174.180916
2024-10-25 00:00:00 UTC,66649.27725435267,1347992038550.956,32641465795.51823
2024-10-26 00:00:00 UTC,67015.8236334845,1319235490980.9988,38434139513.346214
2024-10-27 00:00:00 UTC,67959.91725519822,1325118004425.4585,21405271679.540356
2024-10-28 00:00:00 UTC,69935.70433628553,1343159899447.2808,16965724738.191156
2024-10-29 00:00:00 UTC,72708.39894499938,1382764218190.2827,42649966735.386955
2024-10-30 00:00:00 UTC,72342.9109200164,1438115626368.0957,61860935804.521645
2024-10-31 00:00:00 UTC,70179.73597236395,1430470068631.587,40074374588.75521
2024-11-01 00:00:00 UTC,69473.056978763,1388805689842.8655,45952459275.738205
2024-11-02 00:00:00 UTC,69345.7084388589,1374272100812.223,54595320246.597435
2024-11-03 00:00:00 UTC,68736.01833017307,1370537118101.5266,18468023835.365337
2024-11-04 00:00:00 UTC,67799.9525947295,1360718761448.522,37550665525.41717
2024-11-05 00:00:00 UTC,69426.09992118616,1340352825199.7915,44923676910.582565
2024-11-06 00:00:00 UTC,75640.3926009892,1371839653294.527,47141527970.180504
2024-11-07 00:00:00 UTC,75894.83261090795,1495683960759.3848,128163298865.23152
2024-11-08 00:00:00 UTC,76513.25953279932,1503193462206.4731,69201671399.7287
2024-11-09 00:00:00 UTC,76753.26322145251,1514019983899.3384,58930304036.14811
2024-11-10 00:00:00 UTC,80456.5398085249,1516450578585.374,29817483503.48469
2024-11-11 00:00:00 UTC,88822.05041695645,1591530369291.709,88253358222.70761
2024-11-12 00:00:00 UTC,87977.19486746629,1751406696462.4695,134676149287.5286
2024-11-13 00:00:00 UTC,90540.04771922182,1738862039026.9578,150451199872.32074
2024-11-14 00:00:00 UTC,87361.04547640562,1791179127017.368,142681655250.03485
2024-11-15 00:00:00 UTC,91059.15801646977,1726707679998.0083,98348117263.83405
2024-11-16 00:00:00 UTC,90596.73623829268,1801693749349.3816,87636739620.85907
2024-11-17 00:00:00 UTC,89876.62506613473,1792619133269.801,47170462937.819176
2024-11-18 00:00:00 UTC,90520.2235766188,1777255705130.3772,48761428930.404
2024-11-19 00:00:00 UTC,92421.0975079924,1791722639862.3296,73982799566.68701
2024-11-20 00:00:00 UTC,94365.50111307188,1828817273987.2097,84899218503.60852
2024-11-21 00:00:00 UTC,98455.08894143769,1864392011143.0808,81332724880.5121
2024-11-22 00:00:00 UTC,99021.25950310729,1949607240771.0857,121604164086.13268
2024-11-23 00:00:00 UTC,97769.94385048083,1959281201418.1135,89846208891.91699
2024-11-24 00:00:00 UTC,98025.77577156796,1935102930643.9949,48982138503.832695
2024-11-25 00:00:00 UTC,92952.12564336476,1938614664541.9504,56156105104.0283
2024-11-26 00:00:00 UTC,91966.1254608226,1839953381348.776,94698611384.3364
2024-11-27 00:00:00 UTC,95951.2085932291,1818979155854.6248,103570502930.69696
2024-11-28 00:00:00 UTC,95648.61847016466,1897341427707.391,81377646931.35751
2024-11-29 00:00:00 UTC,97508.58607262664,1892599590418.286,55476200932.8185
2024-11-30 00:00:00 UTC,96449.75251537088,1929503490528.076,73895500350.45514
2024-12-01 00:00:00 UTC,97236.36305090637,1908714785798.536,44074605764.20043
2024-12-02 00:00:00 UTC,95861.96255172414,1924596637053.6064,51259030320.51727
2024-12-03 00:00:00 UTC,95954.5508888087,1897445930701.5403,97027481244.35252
2024-12-04 00:00:00 UTC,98761.9714074531,1899808275925.6672,90227949054.6324
2024-12-05 00:00:00 UTC,97071.79475131464,1955611255708.5063,106904900827.3387
2024-12-06 00:00:00 UTC,99928.05521481452,1921157941292.2483,177852288726.2258
2024-12-07 00:00:00 UTC,99892.55256681208,1977536925440.7424,124614459368.77768
2024-12-08 00:00:00 UTC,101200.19297467083,1976701465085.3765,61170770144.13379
2024-12-09 00:00:00 UTC,97370.76158259298,2005875530840.1504,56477923695.974464
2024-12-10 00:00:00 UTC,96643.1319918391,1929266787420.6216,146490933227.21075
2024-12-11 00:00:00 UTC,101204.95194576346,1914655590145.8315,131181220263.89676
2024-12-12 00:00:00 UTC,100006.33728156584,2002925607899.8877,94587081104.96382
2024-12-13 00:00:00 UTC,101365.75829153894,1979643337530.8413,99319658059.83775
2024-12-14 00:00:00 UTC,101393.1996919875,2009058136794.935,79787211629.1426
2024-12-15 00:00:00 UTC,104351.19378097929,2007197829092.1296,57160482760.05453
2024-12-16 00:00:00 UTC,106090.34824764448,2069144191431.3296,72664757969.7831
2024-12-17 00:00:00 UTC,106154.40481508969,2100304118200.9504,119679451942.19922
2024-12-18 00:00:00 UTC,100138.8356109686,2099270057425.992,92807462404.01996
2024-12-19 00:00:00 UTC,97490.72456065092,1981860149966.5295,111375694924.41309
2024-12-20 00:00:00 UTC,97466.12776947791,1928279158749.623,104130327229.21674
2024-12-21 00:00:00 UTC,97244.35762866864,1936065133268.9688,112201381853.15611
2024-12-22 00:00:00 UTC,95110.22476004054,1924821920759.127,49672688193.83861
2024-12-23 00:00:00 UTC,94783.55282299334,1882325172777.902,44300991997.925
2024-12-24 00:00:00 UTC,98637.07002305472,1874611117926.4153,65890178401.19214
2024-12-25 00:00:00 UTC,99365.49079123516,1955412881660.976,49024891368.95123
2024-12-26 00:00:00 UTC,95688.18160320012,1967509498669.817,34193737938.565105
2024-12-27 00:00:00 UTC,94188.33183566765,1895456617875.82,46759876160.31752
2024-12-28 00:00:00 UTC,95069.29796635784,1864493547282.7837,50937876395.58185
2024-12-29 00:00:00 UTC,93467.14705911094,1883042966691.506,23240228233.16119
2024-12-30 00:00:00 UTC,92666.27265159725,1852498121717.9175,29626852702.037895
2024-12-31 00:00:00 UTC,93400.49412307156,1834488841414.0752,57245053340.86503
2025-01-01 00:00:00 UTC,94384.75187114289,1849406307126.5544,45143295353.68144
2025-01-02 00:00:00 UTC,96897.89773864349,1869784774102.7344,21956551047.15444
2025-01-03 00:00:00 UTC,98115.54998239668,1918309716878.975,44909538162.99267
2025-01-04 00:00:00 UTC,98210.98449148156,1942254602564.2449,31195462655.170403
2025-01-05 00:00:00 UTC,98349.76145610317,1945909289799.768,22142980126.14611
2025-01-06 00:00:00 UTC,102290.36168484876,1947856554999.181,20058473424.901073
2025-01-07 00:00:00 UTC,96807.26539158488,2025094028010.872,43701509937.63925
2025-01-08 00:00:00 UTC,95031.89727927744,1918629212309.2517,60057426303.95647
2025-01-09 00:00:00 UTC,92623.6442057452,1882516398360.0032,41627064961.76246
2025-01-10 00:00:00 UTC,94687.6203897816,1831915936933.7896,57690534287.6705
2025-01-11 00:00:00 UTC,94572.19295828749,1875815923595.4065,63187017294.1197
2025-01-12 00:00:00 UTC,94484.05045685568,1871901896675.135,17731557529.922108
2025-01-13 00:00:00 UTC,94504.26849514963,1871372156244.6016,20060411925.17116
2025-01-14 00:00:00 UTC,96535.26005426567,1874285344084.8696,76240406704.08989
2025-01-15 00:00:00 UTC,100554.74910518984,1913129933642.5452,54518480110.09934
2025-01-16 00:00:00 UTC,99977.5043880182,1991592948672.416,58135765456.59414
2025-01-17 00:00:00 UTC,104125.16350264964,1980659938171.2744,53728922574.984924
2025-01-18 00:00:00 UTC,104451.81705559652,2063314453353.0776,72910277620.28831
2025-01-19 00:00:00 UTC,101184.45581081737,2067552017903.2769,49708746975.764915
2025-01-20 00:00:00 UTC,102094.72883937496,1998163085024.5315,79258675592.52429
2025-01-21 00:00:00 UTC,106193.34179411684,2019675226133.4543,130908993847.84991
2025-01-22 00:00:00 UTC,103610.2884720945,2105167677828.1416,94588850854.51552
2025-01-23 00:00:00 UTC,104020.51844057626,2053369753962.592,52302024099.73323
2025-01-24 00:00:00 UTC,104865.34040196025,2058114879129.494,113226888693.89084
2025-01-25 00:00:00 UTC,104757.72169371562,2077922184453.5637,53506260321.534096
2025-01-26 00:00:00 UTC,102624.6533408358,2074506054539.7112,22611723831.30401
2025-01-27 00:00:00 UTC,102101.4901392742,2030978163919.553,20744082547.069904
2025-01-28 00:00:00 UTC,101340.77163007476,2020768161655.183,93724977880.38112
2025-01-29 00:00:00 UTC,103715.7684209174,2008329332382.7295,38416124726.74373
2025-01-30 00:00:00 UTC,104719.69018312056,2055327189251.6147,37078121598.28359
2025-01-31 00:00:00 UTC,102404.93376107872,2075524236404.4956,41744206469.04635
2025-02-01 00:00:00 UTC,100552.2878752638,2029226920291.1497,37366136226.18833
2025-02-02 00:00:00 UTC,97652.02866142086,1993265393304.8547,25300700443.147713
2025-02-03 00:00:00 UTC,101392.3150300614,1936888649851.0564,60384282261.70392
2025-02-04 00:00:00 UTC,97888.30731950274,2009529623603.9856,122749494414.58522
2025-02-05 00:00:00 UTC,96613.00809483856,1939466897604.7148,70848078818.16441
2025-02-06 00:00:00 UTC,96567.63486519158,1915206132511.6936,48424844834.31546
2025-02-07 00:00:00 UTC,96479.7959168043,1914854237778.9663,40634556219.60184
2025-02-08 00:00:00 UTC,96454.446021495,1911599183893.8147,55579600368.16239
2025-02-09 00:00:00 UTC,96519.9954928284,1912742717871.6711,20932503231.866684
2025-02-10 00:00:00 UTC,97465.03795561656,1913864166395.361,25697652234.320946
2025-02-11 00:00:00 UTC,95743.13972459144,1931524441475.5403,39624814322.33576
2025-02-12 00:00:00 UTC,97886.93195784716,1897962292582.8396,36217275431.85843
2025-02-13 00:00:00 UTC,96654.96844507364,1940385592431.8413,50369860070.37656
2025-02-14 00:00:00 UTC,97525.56432832252,1914837127333.5457,37042487607.60958
2025-02-15 00:00:00 UTC,97628.56599413406,1932710481626.8655,31912421268.459515
2025-02-16 00:00:00 UTC,96122.86600485024,1934560908205.9385,14789128757.998344
2025-02-17 00:00:00 UTC,95784.62953852078,1906788427878.0713,13845334001.297956
2025-02-18 00:00:00 UTC,95613.70786478418,1898604999079.4917,25289167088.713013
2025-02-19 00:00:00 UTC,96636.46059133516,1894275982332.9355,38189980861.72503
2025-02-20 00:00:00 UTC,98336.68799774042,1916017581316.9956,28350821111.95379
2025-02-21 00:00:00 UTC,95956.78810512424,1949452084035.1829,28413454737.835297
2025-02-22 00:00:00 UTC,96526.3245193673,1905499578798.1536,50947501258.3129
2025-02-23 00:00:00 UTC,96265.4284312318,1914340927566.5305,18573069489.322983
2025-02-24 00:00:00 UTC,91581.54822567312,1909267175265.4785,15357703644.91575
2025-02-25 00:00:00 UTC,88477.01949768413,1811646671301.7656,43517976327.902794
2025-02-26 00:00:00 UTC,84136.6270309708,1759265618039.977,97946677555.97218
2025-02-27 00:00:00 UTC,84705.72680014875,1664976819548.179,74044510241.06297
2025-02-28 00:00:00 UTC,84316.57799844211,1679719051850.4702,85686263593.45581
2025-03-01 00:00:00 UTC,85982.6656372778,1672949062387.7764,89841884852.7533
2025-03-02 00:00:00 UTC,94039.93420287927,1706216300401.5674,30158590655.711796
2025-03-03 00:00:00 UTC,86124.80203677119,1868131443586.576,62997914872.87848
2025-03-04 00:00:00 UTC,87038.93882240307,1705709417654.3118,67994420747.57319
2025-03-05 00:00:00 UTC,90654.91877186828,1728654955819.4866,69138809680.89555
2025-03-06 00:00:00 UTC,89924.21242214506,1795741381399.9424,51217023166.725395
2025-03-07 00:00:00 UTC,86719.52967663977,1783490195339.4204,49087408455.31045
2025-03-08 00:00:00 UTC,86173.28335601451,1720029923684.7087,62653663924.44229
2025-03-09 00:00:00 UTC,80674.95605846473,1708748870976.7776,16274034837.384953
2025-03-10 00:00:00 UTC,78537.05805794513,1598830805325.7644,30215020198.266373
2025-03-11 00:00:00 UTC,82942.50024374155,1562520027359.298,56456261686.39293
2025-03-12 00:00:00 UTC,83678.46552437067,1643023053437.441,57109844435.83883
2025-03-13 00:00:00 UTC,81014.90391491352,1661736369389.8845,41720755211.84819
2025-03-14 00:00:00 UTC,83955.00378884435,1608394005266.0552,30403207596.14652
2025-03-15 00:00:00 UTC,84345.05720206452,1665560062672.5334,27119771397.538395
2025-03-16 00:00:00 UTC,82570.4993079804,1673713220596.2866,13693986845.2589
2025-03-17 00:00:00 UTC,83976.89249054938,1638737651555.1702,21642031296.909924
2025-03-18 00:00:00 UTC,82618.35321115088,1668104774537.0186,25516828863.78976
2025-03-19 00:00:00 UTC,87393.97118187234,1641054865495.4958,24539908200.587418
2025-03-20 00:00:00 UTC,84167.44215718537,1726811709370.6262,36305338073.90323
2025-03-21 00:00:00 UTC,84045.95399243652,1670792449939.0652,29519571786.06234
2025-03-22 00:00:00 UTC,83823.01245126098,1668006441821.1458,17955720817.206295
2025-03-23 00:00:00 UTC,86114.33370456511,1662413111988.9397,9217017633.213474
2025-03-24 00:00:00 UTC,87483.00532025831,1702009594329.4497,12944902999.00793
2025-03-25 00:00:00 UTC,87424.06865781397,1736010009543.4463,35592194183.320946
2025-03-26 00:00:00 UTC,86913.68578612641,1736444530990.2063,30282779550.730293
2025-03-27 00:00:00 UTC,87212.97468263778,1724367665542.8616,25184660306.7414
2025-03-28 00:00:00 UTC,84332.95264552919,1730130227423.7974,24027993322.40388
2025-03-29 00:00:00 UTC,82603.84608714566,1673790249887.0354,30787242198.590225
2025-03-30 00:00:00 UTC,82355.18824543593,1639457830515.0764,16425351535.660994
2025-03-31 00:00:00 UTC,82553.23623643283,1634123949304.9016,12882081645.230942
2025-04-01 00:00:00 UTC,85151.38359873935,1637630753870.8704,25563649533.896156
2025-04-02 00:00:00 UTC,82489.23573336433,1689879670634.6924,29670672164.87349
2025-04-03 00:00:00 UTC,83208.52796536,1638822992399.9397,50169255461.41069
2025-04-04 00:00:00 UTC,83827.87206995409,1649883020931.6636,32092092444.889397
2025-04-05 00:00:00 UTC,83514.33824375339,1664077710046.412,42756501537.97813
2025-04-06 00:00:00 UTC,78366.83212378949,1657421636425.5369,12379158344.90974
2025-04-07 00:00:00 UTC,79146.18551347012,1550549463512.147,36923952133.53284
2025-04-08 00:00:00 UTC,76300.77843824399,1581407565278.352,92851560396.97792
2025-04-09 00:00:00 UTC,82595.42668033838,1514381125881.6816,47626917678.72891
2025-04-10 00:00:00 UTC,79556.41318002685,1639326710291.1028,87537570479.44295
2025-04-11 00:00:00 UTC,83437.92254404748,1579759626096.387,41077070897.03185
2025-04-12 00:00:00 UTC,85296.72976736756,1656563922943.2563,39789755580.940674
2025-04-13 00:00:00 UTC,83637.28172222206,1693298115272.2937,22325929332.096783
2025-04-14 00:00:00 UTC,84590.22055897689,1660460168651.854,28804463914.194767
2025-04-15 00:00:00 UTC,83641.90418930881,1678629331479.658,33301832326.690807
2025-04-16 00:00:00 UTC,84058.84766997752,1660632372163.9758,26417686833.658375
2025-04-17 00:00:00 UTC,84940.24833260123,1669208341955.9485,26900020730.395645
2025-04-18 00:00:00 UTC,84447.77718147618,1685864839526.4258,19302407939.8894
2025-04-19 00:00:00 UTC,85089.15978095334,1676569222130.7378,9519084069.023275
2025-04-20 00:00:00 UTC,85140.01930346077,1689897550386.7046,12670744245.852669
2025-04-21 00:00:00 UTC,87500.82268482394,1690139216751.109,12659750519.9577
2025-04-22 00:00:00 UTC,93518.26130183092,1737318769836.1665,39923432822.363785
2025-04-23 00:00:00 UTC,93692.84058767844,1856868361874.4824,56063636820.03722
2025-04-24 00:00:00 UTC,93945.80356690587,1860131775120.3352,40090237856.18779
2025-04-25 00:00:00 UTC,94738.85113231395,1864857216641.2144,28650324006.232506
2025-04-26 00:00:00 UTC,94665.59782689772,1881332208457.0537,39493348718.82135
2025-04-27 00:00:00 UTC,93801.93640023789,1879400775174.987,15109713727.349548
2025-04-28 00:00:00 UTC,95023.30123616234,1862839474456.281,15908970912.842602
2025-04-29 00:00:00 UTC,94274.73761715383,1886902042980.139,31941943533.364017
2025-04-30 00:00:00 UTC,94190.9519130784,1871726761577.158,23999705433.51958
2025-05-01 00:00:00 UTC,96465.09077322688,1870779978359.3809,26505534547.280872
2025-05-02 00:00:00 UTC,96900.6781884996,1915483313570.44,30294406728.588135
2025-05-03 00:00:00 UTC,95892.63495301022,1924203175238.9617,23354085662.462418
2025-05-04 00:00:00 UTC,94302.00517689556,1904615925292.1316,13900914629.29332
2025-05-05 00:00:00 UTC,94755.57574628288,1873023763497.6367,15004629977.260056
2025-05-06 00:00:00 UTC,96815.80313214884,1882123242665.1511,23738645273.913403
2025-05-07 00:00:00 UTC,97035.80181467332,1923490920535.1528,23583068889.850594
2025-05-08 00:00:00 UTC,103155.55403424996,1926983437069.1511,64294382876.089485
2025-05-09 00:00:00 UTC,102974.90755054186,2048538118447.2473,50142986366.540825
2025-05-10 00:00:00 UTC,104710.18767116882,2045162539849.5017,40567248680.3087
2025-05-11 00:00:00 UTC,104083.02280094856,2078852808839.0935,21475049754.921352
2025-05-12 00:00:00 UTC,102822.91679502408,2067396504828.2432,27508096800.703545
2025-05-13 00:00:00 UTC,104068.676689409,2043277068445.5728,43061433794.83418
2025-05-14 00:00:00 UTC,103546.46918182234,2067527214968.4673,34079114317.968536
2025-05-15 00:00:00 UTC,103748.59923787627,2057963078177.4136,28424241730.92465
2025-05-16 00:00:00 UTC,103547.5404511617,2060924890542.316,29664918499.170895
2025-05-17 00:00:00 UTC,103194.65650649132,2057034878543.9492,26018145871.951324
2025-05-18 00:00:00 UTC,106139.68550864227,2050028050914.6067,18984101324.417675
2025-05-19 00:00:00 UTC,105614.31651621086,2106716749925.3513,31053617880.014217
2025-05-20 00:00:00 UTC,106798.53751514816,2098171255614.756,43008079392.83057
2025-05-21 00:00:00 UTC,109700.45859916182,2121610533676.147,36410630461.99239
2025-05-22 00:00:00 UTC,111579.1806415276,2178984993664.1704,61117237838.13331
2025-05-23 00:00:00 UTC,107155.62949886068,2216658647842.037,52182260040.93712
2025-05-24 00:00:00 UTC,107819.0350096744,2131350996160.3716,49529190096.8047
2025-05-25 00:00:00 UTC,108900.60971032295,2142405664367.8796,27104028049.82196
2025-05-26 00:00:00 UTC,109393.7426319189,2163749697192.664,29539064701.45235
2025-05-27 00:00:00 UTC,109010.05174104696,2173474303677.281,27923902143.422043
2025-05-28 00:00:00 UTC,107830.09824019176,2166676548300.4397,39161915541.61457
2025-05-29 00:00:00 UTC,105719.8746352865,2142832545947.9153,29799131239.98503
2025-05-30 00:00:00 UTC,104020.87024454171,2100923437050.5007,38341233754.48868
2025-05-31 00:00:00 UTC,104686.33390404454,2067020179323.5105,39615246481.72047
2025-06-01 00:00:00 UTC,105698.43787667034,2080321725598.9148,20383093990.59276
2025-06-02 00:00:00 UTC,105883.83175718882,2100730489804.733,17596002377.014404
2025-06-03 00:00:00 UTC,105430.8606679966,2104348666963.3423,26369691008.5916
2025-06-04 00:00:00 UTC,104803.00653561576,2095337142150.1892,25728727074.632504
2025-06-05 00:00:00 UTC,101597.8403831928,2083007176175.2751,25734349492.796528
2025-06-06 00:00:00 UTC,104364.97655590692,2019404422336.5076,39656044986.75208
2025-06-07 00:00:00 UTC,105665.12362716687,2075029617558.3037,29759142102.446205
2025-06-08 00:00:00 UTC,105724.23517396169,2100318113268.9023,17739278422.79372
2025-06-09 00:00:00 UTC,110265.69002155038,2100892307775.855,16049595903.612753
2025-06-10 00:00:00 UTC,110237.33490122212,2191854638754.1848,38052613263.50695
2025-06-11 00:00:00 UTC,108686.78360356209,2191242291428.971,36224980254.72183
2025-06-12 00:00:00 UTC,105897.58456696918,2160434692180.6196,30095374624.481205
2025-06-13 00:00:00 UTC,106068.92114368564,2105854405769.791,35951634978.81724
2025-06-14 00:00:00 UTC,105459.03569251344,2108340291575.1477,49245422624.84116
2025-06-15 00:00:00 UTC,105564.16534458232,2096308242721.1013,17791376715.74022
2025-06-16 00:00:00 UTC,106842.12269316116,2097691013467.3745,16560107405.670073
2025-06-17 00:00:00 UTC,104582.95726510268,2125801988999.8528,32412849823.010292
2025-06-18 00:00:00 UTC,104820.29452686982,2079049111363.4749,38292991900.716995
2025-06-19 00:00:00 UTC,104682.87661416734,2083599452699.792,30401389525.989113
2025-06-20 00:00:00 UTC,103291.80698792482,2081312377117.9648,18030605097.305454
2025-06-21 00:00:00 UTC,102092.12946975075,2053547251994.5337,33224250299.647785
2025-06-22 00:00:00 UTC,100904.15705609178,2026470301365.9155,22704561437.954865
2025-06-23 00:00:00 UTC,105471.02502618794,2005113394664.746,51123828078.33818
2025-06-24 00:00:00 UTC,106035.7102547014,2098126587328.4944,46441323836.81191
2025-06-25 00:00:00 UTC,107405.32464842258,2108024970384.621,31606990993.344486
2025-06-26 00:00:00 UTC,106977.31803225716,2134589791675.9717,32839115324.43043
2025-06-27 00:00:00 UTC,107085.40176203007,2126987064653.2583,24246531708.044495
2025-06-28 00:00:00 UTC,107332.7847029182,2129286546523.6296,25181201396.74601
2025-06-29 00:00:00 UTC,108387.33306224084,2134246475020.461,8993018871.968931
2025-06-30 00:00:00 UTC,107135.62573807983,2155625438962.9832,14860723686.893188
2025-07-01 00:00:00 UTC,105671.37564921292,2130376173646.787,22368694100.851017
2025-07-02 00:00:00 UTC,108876.33080471942,2100087563077.9324,25091393876.20341
2025-07-03 00:00:00 UTC,109636.9065448944,2164664859776.456,36298051908.86382
2025-07-04 00:00:00 UTC,108015.91918796576,2180135266149.5215,29309683766.423813
2025-07-05 00:00:00 UTC,108216.01621122604,2148447441304.9116,24252286190.889748
2025-07-06 00:00:00 UTC,109222.28203144151,2152281287061.9937,10053489982.872017
2025-07-07 00:00:00 UTC,108294.14789727503,2172228248277.911,14613019618.389784
2025-07-08 00:00:00 UTC,108945.70903639354,2153987517488.93,25429516335.813416
2025-07-09 00:00:00 UTC,111310.97338939308,2167014809947.8616,22869888521.1047
2025-07-10 00:00:00 UTC,115945.97312837392,2214242585464.949,37027502143.89288
2025-07-11 00:00:00 UTC,117588.8684350409,2305557087070.3257,55968677550.06621
2025-07-12 00:00:00 UTC,117413.3981640852,2338627565931.1665,63595750266.75945
2025-07-13 00:00:00 UTC,119145.2576101646,2335616030720.2534,24296475939.70976
2025-07-14 00:00:00 UTC,119849.15679622682,2370181530141.191,27416387505.877457
2025-07-15 00:00:00 UTC,117709.37885317324,2383880984498.885,68787300732.98886
2025-07-16 00:00:00 UTC,118709.97778289006,2341110755883.3413,80480777542.24037
2025-07-17 00:00:00 UTC,119340.52242187876,2362027907874.527,49459777761.5424
2025-07-18 00:00:00 UTC,118002.55406498825,2374921322457.9966,49320567579.60462
2025-07-19 00:00:00 UTC,117904.03429738218,2347363039085.891,58870997940.9532
2025-07-20 00:00:00 UTC,117269.11884296437,2345466394539.1265,23923610043.32395
2025-07-21 00:00:00 UTC,117446.14053106937,2332905515458.689,36794721938.0124
2025-07-22 00:00:00 UTC,119958.86217219132,2337365497467.1313,49223144229.189545
2025-07-23 00:00:00 UTC,118701.7083822141,2386848684254.567,58893970475.00456
2025-07-24 00:00:00 UTC,118374.12669269228,2359931875300.5244,45323172080.000824
2025-07-25 00:00:00 UTC,117518.68467257165,2354990819866.089,51737818238.89438
2025-07-26 00:00:00 UTC,117905.92786496412,2338820753349.184,91862506657.07118
2025-07-27 00:00:00 UTC,119446.79761582956,2347280433485.0547,24873582390.7145
2025-07-28 00:00:00 UTC,118009.16807966532,2376702715279.3086,30308457320.27234
2025-07-29 00:00:00 UTC,117830.59603074304,2348029745735.7812,43515454619.49865
2025-07-30 00:00:00 UTC,117827.804227763,2345386802061.0337,42510545896.97181
2025-07-31 00:00:00 UTC,115744.99154744403,2344756228917.8003,41209699028.44667
2025-08-01 00:00:00 UTC,113275.14155683004,2303021271519.3223,45165574220.97938
2025-08-02 00:00:00 UTC,112572.12800035469,2254030553376.855,65672962229.95175
2025-08-03 00:00:00 UTC,114235.1022467364,2239559972395.89,33143815716.67528
2025-08-04 00:00:00 UTC,115084.65377044892,2273417527460.848,24605716910.8397
2025-08-05 00:00:00 UTC,114097.76452778364,2291318757522.9824,32402982900.82614
2025-08-06 00:00:00 UTC,115013.39140866172,2271420292241.769,37317944508.55347
2025-08-07 00:00:00 UTC,117482.59621578844,2289094080155.993,32048119066.60145
2025-08-08 00:00:00 UTC,116686.72473635004,2338108911487.9683,38151649535.63035
2025-08-09 00:00:00 UTC,116500.75461167548,2322432134103.607,33091407472.31744
2025-08-10 00:00:00 UTC,119296.65800359056,2318845598641.438,26325306630.626644
2025-08-11 00:00:00 UTC,118726.7609760874,2374034492454.683,36562884334.13131
2025-08-12 00:00:00 UTC,120106.25587065212,2363543429022.0864,62158120175.53192
2025-08-13 00:00:00 UTC,123419.33444694606,2392344212079.0225,47014629997.495224
2025-08-14 00:00:00 UTC,118387.76940297017,2456741384606.632,63017574223.32698
2025-08-15 00:00:00 UTC,117396.51852350793,2356901744933.2793,68707152125.851295
2025-08-16 00:00:00 UTC,117397.54362420288,2335290383260.173,44195309908.176605
2025-08-17 00:00:00 UTC,117519.35606632657,2338827727300.663,23184873267.620583
2025-08-18 00:00:00 UTC,116315.1187900144,2339947498378.4526,20919712550.496597
2025-08-19 00:00:00 UTC,112896.32534645071,2314502640170.1543,47234423701.30825
2025-08-20 00:00:00 UTC,114250.43172587753,2245877071707.092,46894541027.51199
2025-08-21 00:00:00 UTC,112510.26783600032,2274668593474.138,42282443322.69223
2025-08-22 00:00:00 UTC,116897.54178212964,2240035862656.705,32405486735.609127
2025-08-23 00:00:00 UTC,115332.83331881854,2327443500099.5054,50833111088.85954
2025-08-24 00:00:00 UTC,113422.51025044406,2296879586286.188,27252477196.43629
2025-08-25 00:00:00 UTC,110100.28195630603,2258132698612.927,40701689049.631004
2025-08-26 00:00:00 UTC,111712.86868147102,2194334326430.0564,53633967434.6261
2025-08-27 00:00:00 UTC,111241.29264807492,2227025695775.593,45528015505.181656
2025-08-28 00:00:00 UTC,112512.68098276858,2214395543347.5,37005486879.32488
2025-08-29 00:00:00 UTC,108335.63315175904,2241139700048.1245,34139897762.011417
2025-08-30 00:00:00 UTC,108836.2359367675,2159057139903.7104,51741794008.06818
2025-08-31 00:00:00 UTC,108225.66097887103,2167253490553.3457,27254204090.153625
2025-09-01 00:00:00 UTC,109229.01454657852,2155782897148.0063,27156450459.030083
2025-09-02 00:00:00 UTC,111348.10429289614,2175226267318.8748,42975514422.98866
2025-09-03 00:00:00 UTC,111751.64761020488,2216573424344.9224,51032136566.1263
2025-09-04 00:00:00 UTC,110752.04142516552,2225375143616.655,35744889958.41187
2025-09-05 00:00:00 UTC,110656.308978032,2204703445449.3784,38212967193.45803
2025-09-06 00:00:00 UTC,110223.83395870344,2204045604630.5625,56279867722.83904
2025-09-07 00:00:00 UTC,111133.09269636446,2194991805899.4248,19347672148.33057
2025-09-08 00:00:00 UTC,112079.60390456462,2213764479139.3647,21988077810.186073
2025-09-09 00:00:00 UTC,111521.54423183508,2232226467656.9556,37144268337.902664
2025-09-10 00:00:00 UTC,114000.12092296442,2221227776260.477,45541394285.09113
2025-09-11 00:00:00 UTC,115553.48783920688,2270785850683.0293,52047696607.98891
2025-09-12 00:00:00 UTC,116091.80704192116,2303507550746.883,44573460855.40361
2025-09-13 00:00:00 UTC,115974.8873939637,2312878795034.7817,50765513463.76378
2025-09-14 00:00:00 UTC,115278.5525158622,2310186995779.9624,29926419199.882915
2025-09-15 00:00:00 UTC,115356.68489564986,2298366422491.926,27220055788.518738
2025-09-16 00:00:00 UTC,116797.00205991932,2298376374765.022,46807932859.599625
2025-09-17 00:00:00 UTC,116430.93170207892,2326252111015.0996,40115655622.62766
2025-09-18 00:00:00 UTC,117169.11793707692,2319862263301.09,55078099557.69372
2025-09-19 00:00:00 UTC,115656.94582205842,2334155270381.6797,43746882355.192566
2025-09-20 00:00:00 UTC,115722.89635080755,2304334969247.6016,34101993633.45404
2025-09-21 00:00:00 UTC,115255.84820116172,2305458544032.0454,18387970280.886112
2025-09-22 00:00:00 UTC,112692.49699542264,2296544311374.14,18831181465.700207
2025-09-23 00:00:00 UTC,112002.46136592983,2245276233641.6846,69429706182.08765
2025-09-24 00:00:00 UTC,113317.1626894919,2232047791436.3643,46102035931.6177
2025-09-25 00:00:00 UTC,109233.05041611978,2257709115962.068,46524713093.00272
2025-09-26 00:00:00 UTC,109660.37389675,2174880943300.0088,74632502319.236
2025-09-27 00:00:00 UTC,109675.14319507511,2186075315820.048,55614979705.47469
2025-09-28 00:00:00 UTC,112179.39882976888,2185277342378.6892,23211636962.190052
2025-09-29 00:00:00 UTC,114327.17133804818,2235609066822.1436,31224411359.38822
2025-09-30 00:00:00 UTC,114087.51383151024,2277867378927.1157,58127995123.524475
2025-10-01 00:00:00 UTC,118930.95511416093,2273504154331.4,57502030257.13929
2025-10-02 00:00:00 UTC,120514.57785586917,2362725829233.926,71115681447.90572
2025-10-03 00:00:00 UTC,122294.92441742844,2404248760305.848,70708858533.94963
2025-10-04 00:00:00 UTC,122428.89063350527,2437130562668.8506,82671538752.18507
2025-10-05 00:00:00 UTC,123488.7305970136,2438832157552.7866,34849439420.54489
2025-10-06 00:00:00 UTC,124739.81088811433,2461262484402.037,72019647929.19965
2025-10-07 00:00:00 UTC,121463.11808164183,2486786743153.339,69590622748.93546
2025-10-08 00:00:00 UTC,123342.98469750278,2419756015403.5737,76267785779.67648
2025-10-09 00:00:00 UTC,121718.66757741552,2458603013498.3677,62477310406.27758
2025-10-10 00:00:00 UTC,113043.67586321976,2425643508379.291,70251676816.29187
2025-10-11 00:00:00 UTC,110655.26975977032,2255299161767.251,144943015938.3649
2025-10-12 00:00:00 UTC,115060.88417839336,2208268263699.5435,107157298680.41296
2025-10-13 00:00:00 UTC,115226.58429002496,2296145057231.311,94708784245.21095
2025-10-14 00:00:00 UTC,113066.35078450407,2297230038136.1206,69763980483.05035
2025-10-15 00:00:00 UTC,110844.40417180728,2255593612790.7695,90869410253.5259
2025-10-16 00:00:00 UTC,108168.17353436728,2207806038542.883,69122428610.59442
2025-10-17 00:00:00 UTC,106483.89143637568,2154964541836.455,84082093222.60306
2025-10-18 00:00:00 UTC,107210.0961099579,2122018970045.2217,93367527992.40788
2025-10-19 00:00:00 UTC,108655.50525004532,2137453218003.543,34274045674.98172
2025-10-20 00:00:00 UTC,110535.86301373685,2165876768810.395,45408363377.72644
2025-10-21 00:00:00 UTC,108301.75462476298,2204762231502.6216,60485991981.36072
2025-10-22 00:00:00 UTC,107591.4605093986,2160928131234.672,106023290697.83669
2025-10-23 00:00:00 UTC,110109.30522515893,2146123605489.606,83845139284.72319
2025-10-24 00:00:00 UTC,111030.1833786475,2194925940893.7788,56491079757.07301
2025-10-25 00:00:00 UTC,111631.63726547628,2213139524569.58,48872190916.663475
2025-10-26 00:00:00 UTC,114419.22169689646,2226000980105.0205,23134490005.056484
2025-10-27 00:00:00 UTC,114085.33123756813,2282298627073.1055,42750060282.16964
2025-10-28 00:00:00 UTC,112893.85203624627,2275880103405.9155,63590066600.175964
2025-10-29 00:00:00 UTC,110026.087620204,2252121103480.7026,66364500455.87147
2025-10-30 00:00:00 UTC,108409.379924928,2195202860989.228,63857391864.357346
2025-10-31 00:00:00 UTC,109566.6066188076,2159719137272.1077,72745717851.83144
2025-11-01 00:00:00 UTC,110066.94174051796,2184958376796.8809,58440602313.48507
2025-11-02 00:00:00 UTC,110499.52238345638,2194472770726.0208,25245930840.49496
2025-11-03 00:00:00 UTC,106451.70653262926,2206951286346.512,36196258871.740746
2025-11-04 00:00:00 UTC,101480.76659609628,2125234946159.2783,74958013879.9072
2025-11-05 00:00:00 UTC,103878.9335997028,2027117373395.1697,112885195780.5525
2025-11-06 00:00:00 UTC,101261.6455104612,2072420580091.9111,77092678814.22162
2025-11-07 00:00:00 UTC,103191.7560668328,2019505617727.349,64007649509.20418
2025-11-08 00:00:00 UTC,102286.82524827348,2061483488853.8977,93538572265.21951
2025-11-09 00:00:00 UTC,104610.22853607994,2040163403275.169,50894858647.50912
2025-11-10 00:00:00 UTC,105951.49599987874,2088246864454.0945,60194546960.33833
2025-11-11 00:00:00 UTC,103112.21006199118,2113691346622.1785,68564010180.83136
2025-11-12 00:00:00 UTC,101633.69431605682,2055081880355.954,70852634666.83731
2025-11-13 00:00:00 UTC,99480.3070908126,2025171098463.4424,63477601852.15417
2025-11-14 00:00:00 UTC,94772.61435799382,1989587716654.155,102195102447.30595
2025-11-15 00:00:00 UTC,95380.13316661112,1883528419611.1135,115272175140.32063
2025-11-16 00:00:00 UTC,94188.27668924726,1906286799108.28,54387419306.11884
2025-11-17 00:00:00 UTC,92100.36452360668,1879821625636.488,72739120446.02757
2025-11-18 00:00:00 UTC,92903.18008511196,1836812997467.337,95883316484.1477
2025-11-19 00:00:00 UTC,91408.3573343969,1852965766035.4404,103824226263.22484
2025-11-20 00:00:00 UTC,86618.47155915352,1824001855237.545,82382857264.52737
2025-11-21 00:00:00 UTC,85087.95256265256,1730169291917.76,99655978116.57716
2025-11-22 00:00:00 UTC,84675.50764856212,1696834479574.6868,134153421262.54707
2025-11-23 00:00:00 UTC,86740.11773876166,1689663589864.315,42625485730.96879
2025-11-24 00:00:00 UTC,88256.04395603726,1731240703090.288,60729919440.15148
2025-11-25 00:00:00 UTC,87317.00455056976,1760876158638.0408,77456583961.57693
2025-11-26 00:00:00 UTC,90515.94357835098,1742579106347.7073,67713695255.755325
2025-11-27 00:00:00 UTC,91323.62827620257,1805319494740.8276,69936036009.3311
2025-11-28 00:00:00 UTC,90904.86767344688,1821686350208.8733,59468780651.35936
2025-11-29 00:00:00 UTC,90832.18685385384,1814035459752.682,62799469481.10599
2025-11-30 00:00:00 UTC,90359.86873169734,1812771321410.944,39065687179.607704
2025-12-01 00:00:00 UTC,86303.89766361401,1804580223118.8345,41014032387.06181
2025-12-02 00:00:00 UTC,91320.07942505728,1722165915578.808,91924719323.89912
2025-12-03 00:00:00 UTC,93428.59451478458,1823014041001.2756,82893667270.3484
2025-12-04 00:00:00 UTC,92119.19047831658,1867918440559.5425,81350005230.38739
2025-12-05 00:00:00 UTC,89264.22915485654,1838202452874.2395,67905527468.52411
2025-12-06 00:00:00 UTC,89227.45274823112,1783420367861.1216,51013012514.85347
2025-12-07 00:00:00 UTC,90398.44875659447,1781473275096.9917,24891684287.76675
2025-12-08 00:00:00 UTC,90626.0373431212,1802958541728.722,34924915303.026115
2025-12-09 00:00:00 UTC,92686.10402025311,1808501444019.7495,45380679058.39334
2025-12-10 00:00:00 UTC,91986.58107213798,1850293655502.181,54394509374.267654
2025-12-11 00:00:00 UTC,92525.8680026296,1837368941062.516,52450001646.09194
2025-12-12 00:00:00 UTC,90260.54242242372,1847119089483.3413,52726615852.23652
2025-12-13 00:00:00 UTC,90253.11813342397,1801893841647.4097,67594286634.22623
2025-12-14 00:00:00 UTC,88184.41093067056,1802028910320.9023,35192318973.6756
2025-12-15 00:00:00 UTC,86413.22138097929,1760354230589.3552,34281959962.42461
2025-12-16 00:00:00 UTC,87719.68139798648,1725206666830.8127,50413200076.564606
2025-12-17 00:00:00 UTC,86196.82137334664,1753485223429.683,48224383878.115395
2025-12-18 00:00:00 UTC,85450.17964790671,1718910200047.374,49522842150.097435
2025-12-19 00:00:00 UTC,88091.69571216944,1705923883033.444,58379753047.75993
2025-12-20 00:00:00 UTC,88348.27802016199,1758617508011.9905,51459353843.34712
2025-12-21 00:00:00 UTC,88672.32967904503,1763949555471.3745,16933441829.084406
2025-12-22 00:00:00 UTC,88489.72404150236,1769182018548.0688,22542141406.091
2025-12-23 00:00:00 UTC,87496.14669239183,1767230408064.2593,42394679738.146996
2025-12-24 00:00:00 UTC,87589.01664996856,1745170281695.8684,48245169577.68594
2025-12-25 00:00:00 UTC,87192.23473670239,1749380269942.6577,28866214135.263428
2025-12-26 00:00:00 UTC,87303.04428036696,1741524937162.2537,22750463865.458553
2025-12-27 00:00:00 UTC,87852.98655230374,1743265213477.923,46518276271.203316
2025-12-28 00:00:00 UTC,87867.03943448896,1753170406449.7837,15521583398.6969
2025-12-29 00:00:00 UTC,87154.68240604762,1753776420254.8835,17379845114.74183
2025-12-30 00:00:00 UTC,88363.72223633934,1740448227093.1155,53486264296.63849
2025-12-31 00:00:00 UTC,87575.04615968224,1765901370591.8586,39887379620.636406
2026-01-01 00:00:00 UTC,88764.12624075128,1748854230148.607,39392066176.06047
2026-01-02 00:00:00 UTC,89978.91920361611,1772643389813.6357,20428177253.73692
2026-01-03 00:00:00 UTC,90614.40684381907,1796943351423.4443,45168875313.07379
2026-01-04 00:00:00 UTC,91879.5772256957,1809678441959.2795,22325348071.737984
2026-01-05 00:00:00 UTC,93879.9479734475,1834987309777.0288,26083966420.127327
2026-01-06 00:00:00 UTC,93649.6319764084,1874977643561.6355,55002520537.91729
2026-01-07 00:00:00 UTC,91286.03314397692,1870414277860.5935,54207403508.290565
2026-01-08 00:00:00 UTC,91027.66616983686,1823249641248.364,43637876514.88601
2026-01-09 00:00:00 UTC,90551.71363174269,1818127709176.3096,45523345076.77888
2026-01-10 00:00:00 UTC,90420.29795170767,1808660912220.566,40577564756.70896
2026-01-11 00:00:00 UTC,90856.55910152226,1806081524434.709,13130560424.187477
2026-01-12 00:00:00 UTC,91200.62761511702,1814830239671.1992,18738794931.937737
2026-01-13 00:00:00 UTC,95429.1573224277,1821743571887.9038,44068501423.7581
2026-01-14 00:00:00 UTC,96898.76071081961,1906249903552.0205,62945393253.68035
2026-01-15 00:00:00 UTC,95593.30783680787,1935642376552.2793,61382472736.98417
2026-01-16 00:00:00 UTC,95523.1861982478,1909607764838.513,55642771728.32982
2026-01-17 00:00:00 UTC,94802.88170431636,1908245771104.619,34566775915.66836
2026-01-18 00:00:00 UTC,93344.2194849136,1893940780540.7515,339120955.93127555
2026-01-19 00:00:00 UTC,92566.01277952259,1864801600128.905,21298841865.41941
2026-01-20 00:00:00 UTC,88416.88686186896,1849293615306.6567,39097643741.27547
2026-01-21 00:00:00 UTC,89453.90473719541,1766441725515.5132,56511733044.1349
2026-01-22 00:00:00 UTC,89483.65163014928,1787198131481.9512,57881569376.12667
2026-01-23 00:00:00 UTC,89524.84864062016,1787836917555.1865,36359870189.76939
2026-01-24 00:00:00 UTC,89149.95970929884,1788698866227.4563,39792198050.71474
2026-01-25 00:00:00 UTC,86625.33128140382,1781238125881.8794,15238062167.099787
2026-01-26 00:00:00 UTC,88249.90141827049,1730823322190.6162,36938952712.340645
2026-01-27 00:00:00 UTC,89141.65035979386,1763317661992.5044,46474269066.90061
2026-01-28 00:00:00 UTC,89212.20824183176,1781169624000.1633,36377691323.13106
2026-01-29 00:00:00 UTC,84630.42066738439,1782608191361.8965,42462716313.97241
2026-01-30 00:00:00 UTC,84091.63017682909,1691092174731.011,65376348930.41441
2026-01-31 00:00:00 UTC,78647.02739790398,1680358897717.733,75170512251.03844
2026-02-01 00:00:00 UTC,76895.58665593083,1571576493914.8904,71926455760.10817
2026-02-02 00:00:00 UTC,78670.58922752787,1536578056063.6562,48233643712.95648
2026-02-03 00:00:00 UTC,75628.04173330522,1572047321850.9954,73991985457.52467
2026-02-04 00:00:00 UTC,73059.17986713687,1511249141910.282,72233317228.06505
2026-02-05 00:00:00 UTC,62778.217566354324,1460053444889.3728,68374355882.45056
2026-02-06 00:00:00 UTC,70272.52223140873,1254617718584.4033,129134440971.82802
2026-02-07 00:00:00 UTC,69245.78200906444,1404422427900.4514,126396906616.22752
2026-02-08 00:00:00 UTC,70398.0850329669,1383938789934.4868,64250664588.4053
2026-02-09 00:00:00 UTC,70175.14749173766,1407004286702.8896,40089087531.667786
2026-02-10 00:00:00 UTC,68841.8723764457,1402584286978.939,53925112157.0578
2026-02-11 00:00:00 UTC,67090.5793396472,1376158047090.4307,41873860130.18897
2026-02-12 00:00:00 UTC,66258.52954947444,1340996637525.7053,52281220867.25625
2026-02-13 00:00:00 UTC,68837.58112429692,1324400733134.6533,45369992005.59255
2026-02-14 00:00:00 UTC,69799.5509626349,1375985529045.6062,40892558813.499725
2026-02-15 00:00:00 UTC,68778.84298479716,1395251772208.4526,36727480880.995705
2026-02-16 00:00:00 UTC,68859.77618747062,1374891409746.7566,40162771612.068054
2026-02-17 00:00:00 UTC,67559.29573331702,1376546726938.174,34628731308.789856
2026-02-18 00:00:00 UTC,66426.61953458567,1350583353307.6948,35232805957.963844
2026-02-19 00:00:00 UTC,66976.02936410521,1327971882876.0806,33982301570.40156
2026-02-20 00:00:00 UTC,68002.9401106256,1338989802249.3938,32382298212.42231
2026-02-21 00:00:00 UTC,68026.03124326779,1359548508149.9219,50312214815.706154
2026-02-22 00:00:00 UTC,65192.18870120006,1360035939392.7476,19319150166.173923
2026-02-23 00:00:00 UTC,64737.90196985264,1303412071350.4219,21560319889.519894
2026-02-24 00:00:00 UTC,64073.54894566756,1294359253920.9185,48924949103.35122
2026-02-25 00:00:00 UTC,67850.10521282951,1281109347803.1018,41350119554.20219
2026-02-26 00:00:00 UTC,67496.84163950248,1356652404814.3232,47180923359.080025
2026-02-27 00:00:00 UTC,65891.22197698704,1349617910213.303,39031524535.381454
2026-02-28 00:00:00 UTC,67017.07604771722,1317542293327.2354,37742232580.72011
2026-03-01 00:00:00 UTC,65824.42166938317,1340085381689.69,41709946431.8835
2026-03-02 00:00:00 UTC,68815.9363388441,1316266670911.0593,38811585997.47521
2026-03-03 00:00:00 UTC,68287.46303403362,1376116545555.9185,54357544833.320946
2026-03-04 00:00:00 UTC,72752.30156666112,1365575947099.492,46018172072.016
2026-03-05 00:00:00 UTC,70868.21819643723,1454892523976.9167,73011893269.31757
2026-03-06 00:00:00 UTC,68142.88312387785,1417251399988.9395,47524397870.037544
2026-03-07 00:00:00 UTC,67339.67440056572,1362780115876.562,39123856299.45234
2026-03-08 00:00:00 UTC,66042.7510790264,1346745070785.4204,21800679517.848392
2026-03-09 00:00:00 UTC,68430.60926017091,1320834944584.2002,30233312686.233253
2026-03-10 00:00:00 UTC,69849.2035305081,1368620260015.3108,43658034305.22108
2026-03-11 00:00:00 UTC,70028.95987601393,1397023116314.9353,45913537650.7469
2026-03-12 00:00:00 UTC,70417.19388567522,1400647685843.0374,384518713.1022658
2026-03-13 00:00:00 UTC,70838.93230193328,1408442180116.169,35693537178.30585
2026-03-14 00:00:00 UTC,71149.2823885419,1416903889270.9753,53200875874.63812
2026-03-15 00:00:00 UTC,72934.2940718683,1423139472519.362,20019694459.73024
2026-03-16 00:00:00 UTC,74679.37090810013,1458870696938.544,24398877932.69607
2026-03-17 00:00:00 UTC,74004.69080880683,1493807199550.5852,46895173926.528305
2026-03-18 00:00:00 UTC,71220.04730260483,1480319012450.2678,41402228682.37158
2026-03-19 00:00:00 UTC,69936.19932093748,1424617668656.0383,39350060117.86037
2026-03-20 00:00:00 UTC,70526.28915957874,1398936802273.2832,38065438932.54481
2026-03-21 00:00:00 UTC,68424.07687771624,1410740394689.4873,32603143140.635445
2026-03-22 00:00:00 UTC,67933.42948137881,1368689752020.2637,19470795501.026283
2026-03-23 00:00:00 UTC,70987.25185405998,1358875311053.488,25352216480.721107
2026-03-24 00:00:00 UTC,70528.86345595501,1419961051288.5916,46905271506.270256
2026-03-25 00:00:00 UTC,71303.58545062262,1410791888450.5967,32603022085.42079
2026-03-26 00:00:00 UTC,68727.2122901201,1426288685822.9785,31347153732.467434
2026-03-27 00:00:00 UTC,66329.88185741157,1374753382709.4006,45867404479.40452
2026-03-28 00:00:00 UTC,66388.84446013413,1326825214972.8843,43169558848.59394
2026-03-29 00:00:00 UTC,65947.03192607871,1328338671604.5044,21059002641.18555
2026-03-30 00:00:00 UTC,66691.27147786925,1319528951993.3867,22702400222.698208
2026-03-31 00:00:00 UTC,68107.47456405059,1334447058898.83,34064201546.291615
2026-04-01 00:00:00 UTC,67959.87524726024,1362813266728.113,51983877859.265175
2026-04-02 00:00:00 UTC,66887.51063938277,1362985792271.1128,48409464466.14032
2026-04-03 00:00:00 UTC,66822.55230312092,1341478723293.2266,48489330158.05017
2026-04-04 00:00:00 UTC,67077.1500532805,1340175935595.4512,27881704293.27623
2026-04-05 00:00:00 UTC,69002.03847938096,1345282082641.0298,18349404855.726543
2026-04-06 00:00:00 UTC,68672.24657456316,1383887150218.5754,23859752469.910007
2026-04-07 00:00:00 UTC,71661.76372427847,1377272928532.069,46866527625.05277
2026-04-08 00:00:00 UTC,70644.79416156793,1437229916180.8518,59114621689.24899
2026-04-09 00:00:00 UTC,71367.80291658688,1416833835992.307,42187302136.25613
2026-04-10 00:00:00 UTC,72920.25491187068,1431334313769.7168,41307213904.3155
2026-04-11 00:00:00 UTC,73021.85968305328,1459433492592.4358,32133663126.52619
2026-04-12 00:00:00 UTC,70660.63961180339,1461495718539.031,20344402241.871456
2026-04-13 00:00:00 UTC,74481.64142860245,1414271995223.8486,25034828600.5945
2026-04-14 00:00:00 UTC,74297.34759499803,1490782825115.7065,46453393066.73657
2026-04-15 00:00:00 UTC,74826.31308825641,1487131028728.5823,48364585958.60738
2026-04-16 00:00:00 UTC,75111.95674547968,1497750345420.939,30548536736.731777
2026-04-17 00:00:00 UTC,77125.73357198425,1503501691790.5283,37873936871.25348
2026-04-18 00:00:00 UTC,75716.15083727139,1543846478607.006,56342990648.43905
2026-04-19 00:00:00 UTC,73841.02173808741,1515666221261.281,62821159706.721344
2026-04-20 00:00:00 UTC,75858.03546790924,1478167516521.3162,57237273536.28347
2026-04-21 00:00:00 UTC,76326.19170242558,1518576144441.9805,38028896900.98471
2026-04-22 00:00:00 UTC,78238.81675008619,1527978534936.1682,36823423505.230736
2026-04-23 00:00:00 UTC,78275.32582745969,1566300505390.8323,43578270461.27342
2026-04-24 00:00:00 UTC,77447.61757991764,1567060751418.8237,35972701648.49312
2026-04-25 00:00:00 UTC,77634.51592192693,1550525699949.4888,30716822790.47169
2026-04-26 00:00:00 UTC,78637.74356150378,1554301467547.4663,16174475761.220406
2026-04-27 00:00:00 UTC,77366.78442217235,1574424193250.3992,20900479735.89463
2026-04-28 00:00:00 UTC,76331.86443470464,1549011607727.6,36623099926.89533
2026-04-29 00:00:00 UTC,75784.95743624517,1528322543597.082,31323204486.623787
2026-04-30 00:00:00 UTC,76296.7964844269,1517396428631.6455,40874217836.06377
2026-05-01 00:00:00 UTC,78207.76425489692,1527677404068.2952,30542237537.2747
2026-05-02 00:00:00 UTC,78677.4246327222,1565978464498.2485,38346005217.71241
2026-05-03 00:00:00 UTC,78512.09246456268,1575399064359.2305,17470305785.684418
2026-05-04 00:00:00 UTC,79825.8751129579,1572088532218.1125,21039106932.465828
2026-05-05 00:00:00 UTC,80913.9613749304,1598395086667.69,52799152390.05931
2026-05-06 00:00:00 UTC,81436.85936825167,1620321738625.5952,39631525763.1694
2026-05-07 00:00:00 UTC,80024.90767231231,1630826287118.407,40136984275.35361
2026-05-08 00:00:00 UTC,80197.2669977041,1602589764458.0776,36710760520.09051
2026-05-09 00:00:00 UTC,80677.64981723971,1606077785283.5508,33093795788.664837
2026-05-10 00:00:00 UTC,82018.3711243874,1615741619629.0364,17383014966.83854
2026-05-11 00:00:00 UTC,81627.56604995472,1645004741191.1208,19419025189.8614
2026-05-12 00:00:00 UTC,80482.14377829393,1637166543583.5588,28389853562.446438
2026-05-13 00:00:00 UTC,79288.8420865621,1611939835949.311,30589600639.610733
2026-05-14 00:00:00 UTC,81059.11595417073,1588073918775.3318,32707131746.748478
2026-05-15 00:00:00 UTC,79068.6684041429,1623569996402.9607,42298040589.51437
2026-05-16 00:00:00 UTC,78132.7535126921,1583735228276.758,36216900888.56351
2026-05-17 00:00:00 UTC,77428.51866052429,1565026633721.2126,23762381350.057053
2026-05-18 00:00:00 UTC,76959.40571528324,1550931401030.0012,20316786825.924442
2026-05-19 00:00:00 UTC,76758.73155866472,1541593557490.7017,42702548815.67563
2026-05-20 00:00:00 UTC,77470.39614899461,1537607115376.3884,27147623318.02886
2026-05-21 00:00:00 UTC,77550.38308320483,1551898053923.3093,26876818823.914783
2026-05-22 00:00:00 UTC,75478.38285862996,1553532857238.0518,26822828450.39911
2026-05-23 00:00:00 UTC,76684.37097078416,1512062217726.077,28286947097.462727
2026-05-24 00:00:00 UTC,77016.06581859986,1536256575896.3174,30932098861.218105
2026-05-25 00:00:00 UTC,77258.39912360838,1542935472694.078,21763916479.84379
2026-05-26 00:00:00 UTC,75851.10409561773,1547829534321.9758,19879317349.277992
2026-05-27 00:00:00 UTC,74339.61694703094,1521310703337.921,21937550660.277542
2026-05-28 00:00:00 UTC,73651.64255141478,1489416527418.8489,34389389567.3329
2026-05-29 00:00:00 UTC,73500.91507629369,1477197114898.1526,33586238604.416878
2026-05-30 00:00:00 UTC,73820.30385315015,1474174043264.2876,38828038484.70212
2026-05-31 00:00:00 UTC,73598.6681238158,1479111074457.094,18374444051.152412
2026-06-01 00:00:00 UTC,71320.29306465392,1474670238472.3772,16617912637.659142
2026-06-02 00:00:00 UTC,66727.26415497709,1429084366219.4146,48870728373.42597
2026-06-03 00:00:00 UTC,64046.61064609333,1337077983137.808,61786877126.25958
2026-06-04 00:00:00 UTC,63810.65923840883,1283384941923.1694,43649392701.85552
2026-06-05 00:00:00 UTC,60960.10140035313,1278676276214.779,60995145201.16938
2026-06-06 00:00:00 UTC,60855.25426528331,1221584775490.4983,45506430145.38753
2026-06-07 00:00:00 UTC,63273.537430635515,1219483734629.1333,31010313650.452156
2026-06-08 00:00:00 UTC,63069.147792658114,1267943921370.2615,33326211424.640003
2026-06-09 00:00:00 UTC,61669.76384194788,1263848139632.9338,32495793038.066757
2026-06-10 00:00:00 UTC,61480.144432833426,1235805762898.2478,35017939157.83543
2026-06-11 00:00:00 UTC,63555.66181107698,1232005963062.1147,26327022779.7125
2026-06-12 00:00:00 UTC,63532.27782485316,1273749779296.1104,28342001883.939762
2026-06-13 00:00:00 UTC,64408.80975375945,1273309909632.204,26198317555.20565
2026-06-14 00:00:00 UTC,65709.31094599118,1290903457306.5925,16875136749.718493
2026-06-15 00:00:00 UTC,66292.50117921834,1316997723207.2698,21124197393.114784
2026-06-16 00:00:00 UTC,65619.28080038042,1328716312457.8525,30758717645.22543
2026-06-17 00:00:00 UTC,64444.545329668814,1315255606491.9746,25251031908.02844
2026-06-18 00:00:00 UTC,62897.23855524796,1291736519936.9531,31384852552.080708
2026-06-19 00:00:00 UTC,63489.81094752525,1260755460004.2776,30204028640.80352
2026-06-20 00:00:00 UTC,64253.39869532133,1272662339486.1091,23645282131.211132
2026-06-21 00:00:00 UTC,63255.48525259375,1287998314407.3254,18855396681.673313
2026-06-22 00:00:00 UTC,63937.28526422244,1268020785738.6846,16915246357.834028
2026-06-23 00:00:00 UTC,62662.29201921944,1281722561349.0657,27569840544.502632
2026-06-24 00:00:00 UTC,60989.57352152134,1256197234338.4941,30689271786.405464
2026-06-25 00:00:00 UTC,59726.73653480851,1222695488973.654,43171393360.53368
2026-06-26 00:00:00 UTC,60022.32566638378,1197409796612.7463,41007492811.17548
2026-06-27 00:00:00 UTC,59953.443344011124,1203364318622.97,39614814581.667755
2026-06-28 00:00:00 UTC,59494.606386317784,1202013480250.0635,16056335655.741009
2026-06-29 00:00:00 UTC,60152.35872063589,1192836694280.2336,17361816169.775818
2026-06-30 00:00:00 UTC,58566.091991843154,1206050822293.0742,32075473636.027355
2026-07-01 00:00:00 UTC,59967.685041718134,1174271521060.0322,32381442094.945057
2026-07-02 00:00:00 UTC,61490.21448471664,1202400598943.6472,39101214529.08516
2026-07-03 00:00:00 UTC,62553.61289177051,1232955847657.318,40481809940.94352
2026-07-04 00:00:00 UTC,63088.406753852214,1254308594105.5916,26816869526.90458
2026-07-05 00:00:00 UTC,63586.102141021256,1265061539174.8157,19151546833.425976
2026-07-06 00:00:00 UTC,64001.23542391328,1275068261445.5964,18666512398.727943
2026-07-07 00:00:00 UTC,63335.30929080668,1283414917919.9055,36365921502.667404
2026-07-08 00:00:00 UTC,62247.1304822092,1270088861350.0464,31452448064.454205
2026-07-09 00:00:00 UTC,63192.8789720319,1248292438971.084,27882580909.181175
2026-07-10 00:00:00 UTC,64110.97482196822,1267284402881.5332,26707343178.318974
2026-07-11 00:00:00 UTC,63791.35305345348,1285721301995.1152,27782860991.65925
2026-07-12 00:00:00 UTC,63746.65595793199,1279338966428.7214,14235365169.719538
2026-07-13 00:00:00 UTC,62278.96301585648,1278471632284.2085,19015013213.72812
2026-07-14 00:00:00 UTC,64983.51907427709,1249064515645.423,31361911542.918644
2026-07-15 00:00:00 UTC,64717.168891130066,1303338246252.6511,32016409409.06845
2026-07-16 00:00:00 UTC,63792.28742743447,1298025137560.8176,28397592354.339935
2026-07-17 00:00:00 UTC,63904.954014943025,1279500217318.545,27825917044.490063
2026-07-18 00:00:00 UTC,64795.70382303786,1281784159472.132,28871351366.178684
2026-07-19 00:00:00 UTC,64670.40117470696,1299683566530.6624,15451966881.20787
2026-07-20 00:00:00 UTC,65184.92144270268,1297204952087.9087,16372745607.748148
2026-07-21 00:00:00 UTC,66520.98164575922,1307555290285.9756,32520098295.98486
2026-07-22 00:00:00 UTC,66077.05646514206,1334382819959.6755,30875118859.101532
2026-07-23 00:00:00 UTC,65052.47667067735,1325502184529.7004,28939202566.320488
2026-07-24 00:00:00 UTC,64092.64739795451,1304974799855.8557,25573855466.75085
2026-07-25 00:00:00 UTC,64318.24520120312,1285752729182.6663,26949656279.25039
2026-07-26 00:00:00 UTC,65343.824510845894,1290305361316.3142,14475620140.07091
2026-07-27 00:00:00 UTC,63701.35288114535,1310910033816.3235,14859985103.945753
2026-07-28 00:00:00 UTC,63881.94327943538,1277986670016.6462,25830118462.162563
2026-07-29 00:00:00 UTC,63916.59794922001,1281635447724.1555,24427415031.02056
2026-07-30 00:00:00 UTC,64743.33714554026,1282357106740.2524,28201903973.511047
2026-07-31 00:00:00 UTC,62820.08613814001,1298974060219.3184,26380169353.78833
2026-08-01 00:00:00 UTC,62772.57726413174,1260419444191.851,29578746588.718693
2026-08-02 00:00:00 UTC,63504.41559755184,1259498179475.967,13867068846.899143
2026-08-03 00:00:00 UTC,63465.19968911304,1274211082116.0454,15928756965.753572
2026-08-04 00:00:00 UTC,64062.173729779366,1273453221607.5356,25488990096.917442
2026-08-05 00:00:00 UTC,64608.705388357404,1285462929668.2993,22979346232.877865
2026-08-06 00:00:00 UTC,64262.74830979173,1296457212673.4585,23456084571.954884
2026-08-07 00:00:00 UTC,64879.7560855934,1289540648880.6145,18543020925.31411
2026-08-08 00:00:00 UTC,64917.23929330571,1301953613966.186,21708815799.29666
2026-08-09 00:00:00 UTC,64856.097825382276,1302733775497.4954,12399729091.279987
2026-08-10 00:00:00 UTC,63915.71213556821,1301536386806.1301,12957668413.087194
2026-08-11 00:00:00 UTC,63537.55988964766,1282693235981.1963,20628873466.305775
2026-08-12 00:00:00 UTC,63408.625697113624,1275130714721.0269,20095612608.80128
2026-08-13 00:00:00 UTC,63429.17906286841,1272571233715.507,22071166502.05402
2026-08-14 00:00:00 UTC,62984.28959582886,1273011889393.6423,18868048226.436295
2026-08-15 00:00:00 UTC,63031.04825975698,1264110816166.4216,20141227880.901295
2026-08-16 00:00:00 UTC,62843.70368466329,1265078583959.118,10409218158.399632
2026-08-17 00:00:00 UTC,64491.345282946255,1261349110988.947,9661851536.935368
2026-08-18 00:00:00 UTC,64686.25782561655,1294439197690.8708,21603650491.523956
2026-08-19 00:00:00 UTC,69291.0104297816,1298351388299.5034,18173594957.816174
2026-08-20 00:00:00 UTC,73020.94563440893,1390775763079.549,43990704909.19695
2026-08-21 00:00:00 UTC,78317.77716345884,1465641224678.0603,54562051680.33916
2026-08-22 00:00:00 UTC,77081.02299000922,1571956674056.353,71451157994.9994
2026-08-23 00:00:00 UTC,77712.3200924702,1547133140402.384,36689774596.6109
2026-08-24 00:00:00 UTC,78973.88693602335,1559804231557.777,29643785728.58765
2026-08-25 00:00:00 UTC,78511.2331116067,1585379062421.7615,51335516518.744095
2026-08-26 00:00:00 UTC,79018.03405750773,1576126744181.299,42844457202.96398
2026-08-27 00:00:00 UTC,80268.37474707834,1586333891398.6638,28508064828.85475
2026-08-28 00:00:00 UTC,77820.76428719184,1611476640675.1921,33271382525.81097
2026-08-29 00:00:00 UTC,78225.13950818499,1562365617022.764,36320805552.04175
2026-08-30 00:00:00 UTC,77658.23133225394,1570516817114.2285,15083877886.534477
2026-08-31 00:00:00 UTC,78552.77932895812,1559173121661.4866,18928816149.23794
2026-09-01 00:00:00 UTC,77416.44110979848,1577171863083.2737,29723745445.38036
2026-09-02 00:00:00 UTC,77297.13347191992,1554389755370.4558,30118812390.414185
2026-09-03 00:00:00 UTC,81264.70153038795,1552036311658.5237,26617233991.00716
2026-09-04 00:00:00 UTC,79671.25767420157,1631720768263.5881,39842820911.97599
2026-09-05 00:00:00 UTC,79821.69873179746,1599775191734.4382,35605666977.42856
2026-09-06 00:00:00 UTC,80329.3478460037,1602832641649.6875,18822345309.3012
2026-09-07 00:00:00 UTC,79093.4641898418,1613068250021.681,19671698954.25346
2026-09-08 00:00:00 UTC,78450.75303870205,1588284950144.5952,23156361224.106297
2026-09-09 00:00:00 UTC,78283.06047169256,1575415387009.9504,36832978946.46288
2026-09-10 00:00:00 UTC,76554.98664973286,1572081359789.2556,34938279858.59001
2026-09-11 00:00:00 UTC,77203.53444805603,1537413069633.6875,30257901047.74022
2026-09-12 00:00:00 UTC,77261.62722069985,1550479277152.1194,35407367571.01674
2026-09-13 00:00:00 UTC,"",1551683581240.4167,15195615506.929926
